GEOID10,archetype_key,population
17031840300,nh_white__lower_middle__single_no_children__mixed,280
17031840300,nh_white__lower_middle__family_with_children__mixed,187
17031840300,nh_white__lower_middle__elderly__mixed,156
17031840300,nh_black__lower_middle__single_no_children__mixed,34
17031840300,nh_black__lower_middle__family_with_children__mixed,30
17031840300,nh_black__lower_middle__elderly__mixed,22
17031840300,nh_asian__lower_middle__single_no_children__mixed,243
17031840300,nh_asian__lower_middle__family_with_children__mixed,312
17031840300,nh_asian__lower_middle__elderly__mixed,139
17031840300,hispanic__lower_middle__single_no_children__mixed,748
17031840300,hispanic__lower_middle__family_with_children__mixed,1248
17031840300,hispanic__lower_middle__elderly__mixed,499
17031840300,nh_other__lower_middle__single_no_children__mixed,23
17031840300,nh_other__lower_middle__family_with_children__mixed,18
17031840300,nh_other__lower_middle__elderly__mixed,10
17031840200,nh_white__lower_middle__single_no_children__asian_enclave,190
17031840200,nh_white__lower_middle__family_with_children__asian_enclave,127
17031840200,nh_white__lower_middle__elderly__asian_enclave,106
17031840200,nh_black__lower_middle__single_no_children__asian_enclave,20
17031840200,nh_black__lower_middle__family_with_children__asian_enclave,18
17031840200,nh_black__lower_middle__elderly__asian_enclave,13
17031840200,nh_asian__lower_middle__single_no_children__asian_enclave,476
17031840200,nh_asian__lower_middle__family_with_children__asian_enclave,612
17031840200,nh_asian__lower_middle__elderly__asian_enclave,272
17031840200,hispanic__lower_middle__single_no_children__asian_enclave,147
17031840200,hispanic__lower_middle__family_with_children__asian_enclave,246
17031840200,hispanic__lower_middle__elderly__asian_enclave,98
17031840200,nh_other__lower_middle__single_no_children__asian_enclave,6
17031840200,nh_other__lower_middle__family_with_children__asian_enclave,5
17031840200,nh_other__lower_middle__elderly__asian_enclave,3
17031841100,nh_white__lower_middle__single_no_children__asian_enclave,150
17031841100,nh_white__lower_middle__family_with_children__asian_enclave,100
17031841100,nh_white__lower_middle__elderly__asian_enclave,84
17031841100,nh_black__lower_middle__single_no_children__asian_enclave,103
17031841100,nh_black__lower_middle__family_with_children__asian_enclave,90
17031841100,nh_black__lower_middle__elderly__asian_enclave,64
17031841100,nh_asian__lower_middle__single_no_children__asian_enclave,2253
17031841100,nh_asian__lower_middle__family_with_children__asian_enclave,2897
17031841100,nh_asian__lower_middle__elderly__asian_enclave,1288
17031841100,hispanic__lower_middle__single_no_children__asian_enclave,41
17031841100,hispanic__lower_middle__family_with_children__asian_enclave,69
17031841100,hispanic__lower_middle__elderly__asian_enclave,28
17031841100,nh_other__lower_middle__single_no_children__asian_enclave,39
17031841100,nh_other__lower_middle__family_with_children__asian_enclave,30
17031841100,nh_other__lower_middle__elderly__asian_enclave,17
17031841200,nh_white__lower_middle__single_no_children__hispanic_dominant,222
17031841200,nh_white__lower_middle__family_with_children__hispanic_dominant,148
17031841200,nh_white__lower_middle__elderly__hispanic_dominant,124
17031841200,nh_black__lower_middle__single_no_children__hispanic_dominant,84
17031841200,nh_black__lower_middle__family_with_children__hispanic_dominant,74
17031841200,nh_black__lower_middle__elderly__hispanic_dominant,52
17031841200,nh_asian__lower_middle__single_no_children__hispanic_dominant,6
17031841200,nh_asian__lower_middle__family_with_children__hispanic_dominant,8
17031841200,nh_asian__lower_middle__elderly__hispanic_dominant,3
17031841200,hispanic__lower_middle__single_no_children__hispanic_dominant,1350
17031841200,hispanic__lower_middle__family_with_children__hispanic_dominant,2250
17031841200,hispanic__lower_middle__elderly__hispanic_dominant,900
17031841200,nh_other__lower_middle__single_no_children__hispanic_dominant,18
17031841200,nh_other__lower_middle__family_with_children__hispanic_dominant,14
17031841200,nh_other__lower_middle__elderly__hispanic_dominant,8
17031838200,nh_white__high__single_no_children__mixed,290
17031838200,nh_white__high__family_with_children__mixed,145
17031838200,nh_white__high__elderly__mixed,145
17031838200,nh_black__high__single_no_children__mixed,95
17031838200,nh_black__high__family_with_children__mixed,64
17031838200,nh_black__high__elderly__mixed,53
17031838200,nh_asian__high__single_no_children__mixed,160
17031838200,nh_asian__high__family_with_children__mixed,160
17031838200,nh_asian__high__elderly__mixed,80
17031838200,hispanic__high__single_no_children__mixed,111
17031838200,hispanic__high__family_with_children__mixed,142
17031838200,hispanic__high__elderly__mixed,63
17031838200,nh_other__high__single_no_children__mixed,34
17031838200,nh_other__high__family_with_children__mixed,21
17031838200,nh_other__high__elderly__mixed,14
17031650301,nh_white__lower_middle__single_no_children__hispanic_dominant,495
17031650301,nh_white__lower_middle__family_with_children__hispanic_dominant,330
17031650301,nh_white__lower_middle__elderly__hispanic_dominant,275
17031650301,nh_black__lower_middle__single_no_children__hispanic_dominant,22
17031650301,nh_black__lower_middle__family_with_children__hispanic_dominant,19
17031650301,nh_black__lower_middle__elderly__hispanic_dominant,14
17031650301,nh_asian__lower_middle__single_no_children__hispanic_dominant,9
17031650301,nh_asian__lower_middle__family_with_children__hispanic_dominant,12
17031650301,nh_asian__lower_middle__elderly__hispanic_dominant,5
17031650301,hispanic__lower_middle__single_no_children__hispanic_dominant,1351
17031650301,hispanic__lower_middle__family_with_children__hispanic_dominant,2252
17031650301,hispanic__lower_middle__elderly__hispanic_dominant,901
17031650301,nh_other__lower_middle__single_no_children__hispanic_dominant,12
17031650301,nh_other__lower_middle__family_with_children__hispanic_dominant,9
17031650301,nh_other__lower_middle__elderly__hispanic_dominant,5
17031530503,nh_white__lower_middle__single_no_children__black_dominant,10
17031530503,nh_white__lower_middle__family_with_children__black_dominant,7
17031530503,nh_white__lower_middle__elderly__black_dominant,6
17031530503,nh_black__lower_middle__single_no_children__black_dominant,2082
17031530503,nh_black__lower_middle__family_with_children__black_dominant,1822
17031530503,nh_black__lower_middle__elderly__black_dominant,1301
17031530503,nh_asian__lower_middle__single_no_children__black_dominant,1
17031530503,nh_asian__lower_middle__family_with_children__black_dominant,1
17031530503,nh_asian__lower_middle__elderly__black_dominant,1
17031530503,hispanic__lower_middle__single_no_children__black_dominant,17
17031530503,hispanic__lower_middle__family_with_children__black_dominant,28
17031530503,hispanic__lower_middle__elderly__black_dominant,11
17031530503,nh_other__lower_middle__single_no_children__black_dominant,26
17031530503,nh_other__lower_middle__family_with_children__black_dominant,20
17031530503,nh_other__lower_middle__elderly__black_dominant,12
17031530501,nh_white__lower_middle__single_no_children__black_dominant,12
17031530501,nh_white__lower_middle__family_with_children__black_dominant,8
17031530501,nh_white__lower_middle__elderly__black_dominant,6
17031530501,nh_black__lower_middle__single_no_children__black_dominant,2092
17031530501,nh_black__lower_middle__family_with_children__black_dominant,1830
17031530501,nh_black__lower_middle__elderly__black_dominant,1307
17031530501,nh_asian__lower_middle__single_no_children__black_dominant,1
17031530501,nh_asian__lower_middle__family_with_children__black_dominant,1
17031530501,nh_asian__lower_middle__elderly__black_dominant,1
17031530501,hispanic__lower_middle__single_no_children__black_dominant,21
17031530501,hispanic__lower_middle__family_with_children__black_dominant,35
17031530501,hispanic__lower_middle__elderly__black_dominant,14
17031530501,nh_other__lower_middle__single_no_children__black_dominant,33
17031530501,nh_other__lower_middle__family_with_children__black_dominant,26
17031530501,nh_other__lower_middle__elderly__black_dominant,15
17031760803,nh_white__upper_middle__single_no_children__white_dominant,2205
17031760803,nh_white__upper_middle__family_with_children__white_dominant,1470
17031760803,nh_white__upper_middle__elderly__white_dominant,1225
17031760803,nh_black__upper_middle__single_no_children__white_dominant,64
17031760803,nh_black__upper_middle__family_with_children__white_dominant,56
17031760803,nh_black__upper_middle__elderly__white_dominant,40
17031760803,nh_asian__upper_middle__single_no_children__white_dominant,134
17031760803,nh_asian__upper_middle__family_with_children__white_dominant,172
17031760803,nh_asian__upper_middle__elderly__white_dominant,76
17031760803,hispanic__upper_middle__single_no_children__white_dominant,204
17031760803,hispanic__upper_middle__family_with_children__white_dominant,340
17031760803,hispanic__upper_middle__elderly__white_dominant,136
17031760803,nh_other__upper_middle__single_no_children__white_dominant,52
17031760803,nh_other__upper_middle__family_with_children__white_dominant,40
17031760803,nh_other__upper_middle__elderly__white_dominant,23
17031540102,nh_white__low__single_no_children__black_dominant,2
17031540102,nh_white__low__family_with_children__black_dominant,1
17031540102,nh_white__low__elderly__black_dominant,1
17031540102,nh_black__low__single_no_children__black_dominant,1132
17031540102,nh_black__low__family_with_children__black_dominant,1224
17031540102,nh_black__low__elderly__black_dominant,704
17031540102,hispanic__low__single_no_children__black_dominant,5
17031540102,hispanic__low__family_with_children__black_dominant,11
17031540102,hispanic__low__elderly__black_dominant,4
17031540102,nh_other__low__single_no_children__black_dominant,11
17031540102,nh_other__low__family_with_children__black_dominant,10
17031540102,nh_other__low__elderly__black_dominant,5
17031540101,nh_white__low__single_no_children__black_dominant,12
17031540101,nh_white__low__family_with_children__black_dominant,10
17031540101,nh_white__low__elderly__black_dominant,6
17031540101,nh_black__low__single_no_children__black_dominant,1181
17031540101,nh_black__low__family_with_children__black_dominant,1277
17031540101,nh_black__low__elderly__black_dominant,734
17031540101,nh_asian__low__single_no_children__black_dominant,1
17031540101,nh_asian__low__family_with_children__black_dominant,1
17031540101,nh_asian__low__elderly__black_dominant,1
17031540101,hispanic__low__single_no_children__black_dominant,30
17031540101,hispanic__low__family_with_children__black_dominant,62
17031540101,hispanic__low__elderly__black_dominant,20
17031540101,nh_other__low__single_no_children__black_dominant,16
17031540101,nh_other__low__family_with_children__black_dominant,16
17031540101,nh_other__low__elderly__black_dominant,7
17031440201,nh_white__lower_middle__single_no_children__black_dominant,4
17031440201,nh_white__lower_middle__family_with_children__black_dominant,3
17031440201,nh_white__lower_middle__elderly__black_dominant,2
17031440201,nh_black__lower_middle__single_no_children__black_dominant,1972
17031440201,nh_black__lower_middle__family_with_children__black_dominant,1726
17031440201,nh_black__lower_middle__elderly__black_dominant,1233
17031440201,nh_asian__lower_middle__single_no_children__black_dominant,1
17031440201,nh_asian__lower_middle__family_with_children__black_dominant,2
17031440201,nh_asian__lower_middle__elderly__black_dominant,1
17031440201,hispanic__lower_middle__single_no_children__black_dominant,17
17031440201,hispanic__lower_middle__family_with_children__black_dominant,28
17031440201,hispanic__lower_middle__elderly__black_dominant,11
17031440201,nh_other__lower_middle__single_no_children__black_dominant,27
17031440201,nh_other__lower_middle__family_with_children__black_dominant,21
17031440201,nh_other__lower_middle__elderly__black_dominant,12
17031839000,nh_white__high__single_no_children__mixed,2348
17031839000,nh_white__high__family_with_children__mixed,1174
17031839000,nh_white__high__elderly__mixed,1174
17031839000,nh_black__high__single_no_children__mixed,401
17031839000,nh_black__high__family_with_children__mixed,267
17031839000,nh_black__high__elderly__mixed,223
17031839000,nh_asian__high__single_no_children__mixed,420
17031839000,nh_asian__high__family_with_children__mixed,420
17031839000,nh_asian__high__elderly__mixed,210
17031839000,hispanic__high__single_no_children__mixed,158
17031839000,hispanic__high__family_with_children__mixed,202
17031839000,hispanic__high__elderly__mixed,90
17031839000,nh_other__high__single_no_children__mixed,112
17031839000,nh_other__high__family_with_children__mixed,67
17031839000,nh_other__high__elderly__mixed,45
17031833300,nh_white__high__single_no_children__mixed,593
17031833300,nh_white__high__family_with_children__mixed,296
17031833300,nh_white__high__elderly__mixed,296
17031833300,nh_black__high__single_no_children__mixed,54
17031833300,nh_black__high__family_with_children__mixed,36
17031833300,nh_black__high__elderly__mixed,30
17031833300,nh_asian__high__single_no_children__mixed,263
17031833300,nh_asian__high__family_with_children__mixed,263
17031833300,nh_asian__high__elderly__mixed,132
17031833300,hispanic__high__single_no_children__mixed,93
17031833300,hispanic__high__family_with_children__mixed,120
17031833300,hispanic__high__elderly__mixed,53
17031833300,nh_other__high__single_no_children__mixed,24
17031833300,nh_other__high__family_with_children__mixed,14
17031833300,nh_other__high__elderly__mixed,9
17031832900,nh_white__high__single_no_children__mixed,660
17031832900,nh_white__high__family_with_children__mixed,330
17031832900,nh_white__high__elderly__mixed,330
17031832900,nh_black__high__single_no_children__mixed,44
17031832900,nh_black__high__family_with_children__mixed,29
17031832900,nh_black__high__elderly__mixed,24
17031832900,nh_asian__high__single_no_children__mixed,219
17031832900,nh_asian__high__family_with_children__mixed,219
17031832900,nh_asian__high__elderly__mixed,109
17031832900,hispanic__high__single_no_children__mixed,66
17031832900,hispanic__high__family_with_children__mixed,85
17031832900,hispanic__high__elderly__mixed,38
17031832900,nh_other__high__single_no_children__mixed,28
17031832900,nh_other__high__family_with_children__mixed,17
17031832900,nh_other__high__elderly__mixed,11
17031838000,nh_white__high__single_no_children__black_dominant,184
17031838000,nh_white__high__family_with_children__black_dominant,92
17031838000,nh_white__high__elderly__black_dominant,92
17031838000,nh_black__high__single_no_children__black_dominant,818
17031838000,nh_black__high__family_with_children__black_dominant,545
17031838000,nh_black__high__elderly__black_dominant,454
17031838000,nh_asian__high__single_no_children__black_dominant,44
17031838000,nh_asian__high__family_with_children__black_dominant,44
17031838000,nh_asian__high__elderly__black_dominant,22
17031838000,hispanic__high__single_no_children__black_dominant,70
17031838000,hispanic__high__family_with_children__black_dominant,90
17031838000,hispanic__high__elderly__black_dominant,40
17031838000,nh_other__high__single_no_children__black_dominant,34
17031838000,nh_other__high__family_with_children__black_dominant,20
17031838000,nh_other__high__elderly__black_dominant,14
17031838100,nh_white__high__single_no_children__mixed,184
17031838100,nh_white__high__family_with_children__mixed,92
17031838100,nh_white__high__elderly__mixed,92
17031838100,nh_black__high__single_no_children__mixed,377
17031838100,nh_black__high__family_with_children__mixed,251
17031838100,nh_black__high__elderly__mixed,210
17031838100,nh_asian__high__single_no_children__mixed,150
17031838100,nh_asian__high__family_with_children__mixed,150
17031838100,nh_asian__high__elderly__mixed,75
17031838100,hispanic__high__single_no_children__mixed,33
17031838100,hispanic__high__family_with_children__mixed,42
17031838100,hispanic__high__elderly__mixed,19
17031838100,nh_other__high__single_no_children__mixed,20
17031838100,nh_other__high__family_with_children__mixed,12
17031838100,nh_other__high__elderly__mixed,8
17031833100,nh_white__high__single_no_children__mixed,2218
17031833100,nh_white__high__family_with_children__mixed,1109
17031833100,nh_white__high__elderly__mixed,1109
17031833100,nh_black__high__single_no_children__mixed,498
17031833100,nh_black__high__family_with_children__mixed,332
17031833100,nh_black__high__elderly__mixed,276
17031833100,nh_asian__high__single_no_children__mixed,289
17031833100,nh_asian__high__family_with_children__mixed,289
17031833100,nh_asian__high__elderly__mixed,144
17031833100,hispanic__high__single_no_children__mixed,172
17031833100,hispanic__high__family_with_children__mixed,221
17031833100,hispanic__high__elderly__mixed,98
17031833100,nh_other__high__single_no_children__mixed,70
17031833100,nh_other__high__family_with_children__mixed,42
17031833100,nh_other__high__elderly__mixed,28
17031839100,nh_white__high__single_no_children__mixed,1270
17031839100,nh_white__high__family_with_children__mixed,635
17031839100,nh_white__high__elderly__mixed,635
17031839100,nh_black__high__single_no_children__mixed,269
17031839100,nh_black__high__family_with_children__mixed,179
17031839100,nh_black__high__elderly__mixed,150
17031839100,nh_asian__high__single_no_children__mixed,282
17031839100,nh_asian__high__family_with_children__mixed,282
17031839100,nh_asian__high__elderly__mixed,141
17031839100,hispanic__high__single_no_children__mixed,133
17031839100,hispanic__high__family_with_children__mixed,171
17031839100,hispanic__high__elderly__mixed,76
17031839100,nh_other__high__single_no_children__mixed,64
17031839100,nh_other__high__family_with_children__mixed,38
17031839100,nh_other__high__elderly__mixed,26
17031030601,nh_white__upper_middle__single_no_children__mixed,862
17031030601,nh_white__upper_middle__family_with_children__mixed,575
17031030601,nh_white__upper_middle__elderly__mixed,479
17031030601,nh_black__upper_middle__single_no_children__mixed,414
17031030601,nh_black__upper_middle__family_with_children__mixed,362
17031030601,nh_black__upper_middle__elderly__mixed,259
17031030601,nh_asian__upper_middle__single_no_children__mixed,147
17031030601,nh_asian__upper_middle__family_with_children__mixed,189
17031030601,nh_asian__upper_middle__elderly__mixed,84
17031030601,hispanic__upper_middle__single_no_children__mixed,156
17031030601,hispanic__upper_middle__family_with_children__mixed,260
17031030601,hispanic__upper_middle__elderly__mixed,104
17031030601,nh_other__upper_middle__single_no_children__mixed,54
17031030601,nh_other__upper_middle__family_with_children__mixed,42
17031030601,nh_other__upper_middle__elderly__mixed,24
17031030604,nh_white__upper_middle__single_no_children__mixed,648
17031030604,nh_white__upper_middle__family_with_children__mixed,432
17031030604,nh_white__upper_middle__elderly__mixed,360
17031030604,nh_black__upper_middle__single_no_children__mixed,238
17031030604,nh_black__upper_middle__family_with_children__mixed,208
17031030604,nh_black__upper_middle__elderly__mixed,149
17031030604,nh_asian__upper_middle__single_no_children__mixed,198
17031030604,nh_asian__upper_middle__family_with_children__mixed,254
17031030604,nh_asian__upper_middle__elderly__mixed,113
17031030604,hispanic__upper_middle__single_no_children__mixed,82
17031030604,hispanic__upper_middle__family_with_children__mixed,138
17031030604,hispanic__upper_middle__elderly__mixed,55
17031030604,nh_other__upper_middle__single_no_children__mixed,45
17031030604,nh_other__upper_middle__family_with_children__mixed,35
17031030604,nh_other__upper_middle__elderly__mixed,20
17031030706,nh_white__upper_middle__single_no_children__mixed,981
17031030706,nh_white__upper_middle__family_with_children__mixed,654
17031030706,nh_white__upper_middle__elderly__mixed,545
17031030706,nh_black__upper_middle__single_no_children__mixed,196
17031030706,nh_black__upper_middle__family_with_children__mixed,172
17031030706,nh_black__upper_middle__elderly__mixed,123
17031030706,nh_asian__upper_middle__single_no_children__mixed,159
17031030706,nh_asian__upper_middle__family_with_children__mixed,204
17031030706,nh_asian__upper_middle__elderly__mixed,91
17031030706,hispanic__upper_middle__single_no_children__mixed,116
17031030706,hispanic__upper_middle__family_with_children__mixed,194
17031030706,hispanic__upper_middle__elderly__mixed,77
17031030706,nh_other__upper_middle__single_no_children__mixed,39
17031030706,nh_other__upper_middle__family_with_children__mixed,30
17031030706,nh_other__upper_middle__elderly__mixed,17
17031040201,nh_white__high__single_no_children__mixed,1926
17031040201,nh_white__high__family_with_children__mixed,963
17031040201,nh_white__high__elderly__mixed,963
17031040201,nh_black__high__single_no_children__mixed,74
17031040201,nh_black__high__family_with_children__mixed,50
17031040201,nh_black__high__elderly__mixed,41
17031040201,nh_asian__high__single_no_children__mixed,251
17031040201,nh_asian__high__family_with_children__mixed,251
17031040201,nh_asian__high__elderly__mixed,125
17031040201,hispanic__high__single_no_children__mixed,481
17031040201,hispanic__high__family_with_children__mixed,619
17031040201,hispanic__high__elderly__mixed,275
17031040201,nh_other__high__single_no_children__mixed,99
17031040201,nh_other__high__family_with_children__mixed,59
17031040201,nh_other__high__elderly__mixed,40
17031040202,nh_white__high__single_no_children__mixed,1756
17031040202,nh_white__high__family_with_children__mixed,878
17031040202,nh_white__high__elderly__mixed,878
17031040202,nh_black__high__single_no_children__mixed,233
17031040202,nh_black__high__family_with_children__mixed,155
17031040202,nh_black__high__elderly__mixed,130
17031040202,nh_asian__high__single_no_children__mixed,640
17031040202,nh_asian__high__family_with_children__mixed,640
17031040202,nh_asian__high__elderly__mixed,320
17031040202,hispanic__high__single_no_children__mixed,489
17031040202,hispanic__high__family_with_children__mixed,629
17031040202,hispanic__high__elderly__mixed,280
17031040202,nh_other__high__single_no_children__mixed,110
17031040202,nh_other__high__family_with_children__mixed,66
17031040202,nh_other__high__elderly__mixed,44
17031020801,nh_white__upper_middle__single_no_children__mixed,1032
17031020801,nh_white__upper_middle__family_with_children__mixed,688
17031020801,nh_white__upper_middle__elderly__mixed,574
17031020801,nh_black__upper_middle__single_no_children__mixed,146
17031020801,nh_black__upper_middle__family_with_children__mixed,128
17031020801,nh_black__upper_middle__elderly__mixed,92
17031020801,nh_asian__upper_middle__single_no_children__mixed,409
17031020801,nh_asian__upper_middle__family_with_children__mixed,526
17031020801,nh_asian__upper_middle__elderly__mixed,234
17031020801,hispanic__upper_middle__single_no_children__mixed,440
17031020801,hispanic__upper_middle__family_with_children__mixed,734
17031020801,hispanic__upper_middle__elderly__mixed,293
17031020801,nh_other__upper_middle__single_no_children__mixed,73
17031020801,nh_other__upper_middle__family_with_children__mixed,57
17031020801,nh_other__upper_middle__elderly__mixed,32
17031020702,nh_white__upper_middle__single_no_children__mixed,1407
17031020702,nh_white__upper_middle__family_with_children__mixed,938
17031020702,nh_white__upper_middle__elderly__mixed,782
17031020702,nh_black__upper_middle__single_no_children__mixed,210
17031020702,nh_black__upper_middle__family_with_children__mixed,184
17031020702,nh_black__upper_middle__elderly__mixed,132
17031020702,nh_asian__upper_middle__single_no_children__mixed,727
17031020702,nh_asian__upper_middle__family_with_children__mixed,935
17031020702,nh_asian__upper_middle__elderly__mixed,415
17031020702,hispanic__upper_middle__single_no_children__mixed,352
17031020702,hispanic__upper_middle__family_with_children__mixed,587
17031020702,hispanic__upper_middle__elderly__mixed,235
17031020702,nh_other__upper_middle__single_no_children__mixed,131
17031020702,nh_other__upper_middle__family_with_children__mixed,102
17031020702,nh_other__upper_middle__elderly__mixed,58
17031020802,nh_white__upper_middle__single_no_children__asian_enclave,751
17031020802,nh_white__upper_middle__family_with_children__asian_enclave,500
17031020802,nh_white__upper_middle__elderly__asian_enclave,417
17031020802,nh_black__upper_middle__single_no_children__asian_enclave,284
17031020802,nh_black__upper_middle__family_with_children__asian_enclave,249
17031020802,nh_black__upper_middle__elderly__asian_enclave,178
17031020802,nh_asian__upper_middle__single_no_children__asian_enclave,891
17031020802,nh_asian__upper_middle__family_with_children__asian_enclave,1146
17031020802,nh_asian__upper_middle__elderly__asian_enclave,509
17031020802,hispanic__upper_middle__single_no_children__asian_enclave,532
17031020802,hispanic__upper_middle__family_with_children__asian_enclave,886
17031020802,hispanic__upper_middle__elderly__asian_enclave,355
17031020802,nh_other__upper_middle__single_no_children__asian_enclave,119
17031020802,nh_other__upper_middle__family_with_children__asian_enclave,92
17031020802,nh_other__upper_middle__elderly__asian_enclave,53
17031020301,nh_white__upper_middle__single_no_children__white_dominant,1706
17031020301,nh_white__upper_middle__family_with_children__white_dominant,1138
17031020301,nh_white__upper_middle__elderly__white_dominant,948
17031020301,nh_black__upper_middle__single_no_children__white_dominant,40
17031020301,nh_black__upper_middle__family_with_children__white_dominant,35
17031020301,nh_black__upper_middle__elderly__white_dominant,25
17031020301,nh_asian__upper_middle__single_no_children__white_dominant,164
17031020301,nh_asian__upper_middle__family_with_children__white_dominant,211
17031020301,nh_asian__upper_middle__elderly__white_dominant,94
17031020301,hispanic__upper_middle__single_no_children__white_dominant,87
17031020301,hispanic__upper_middle__family_with_children__white_dominant,144
17031020301,hispanic__upper_middle__elderly__white_dominant,58
17031020301,nh_other__upper_middle__single_no_children__white_dominant,45
17031020301,nh_other__upper_middle__family_with_children__white_dominant,35
17031020301,nh_other__upper_middle__elderly__white_dominant,20
17031838700,nh_white__low__single_no_children__black_dominant,10
17031838700,nh_white__low__family_with_children__black_dominant,8
17031838700,nh_white__low__elderly__black_dominant,6
17031838700,nh_black__low__single_no_children__black_dominant,1602
17031838700,nh_black__low__family_with_children__black_dominant,1732
17031838700,nh_black__low__elderly__black_dominant,996
17031838700,nh_asian__low__single_no_children__black_dominant,1
17031838700,nh_asian__low__family_with_children__black_dominant,2
17031838700,nh_asian__low__elderly__black_dominant,1
17031838700,hispanic__low__single_no_children__black_dominant,23
17031838700,hispanic__low__family_with_children__black_dominant,46
17031838700,hispanic__low__elderly__black_dominant,15
17031838700,nh_other__low__single_no_children__black_dominant,18
17031838700,nh_other__low__family_with_children__black_dominant,17
17031838700,nh_other__low__elderly__black_dominant,8
17031841500,nh_white__low__single_no_children__black_dominant,14
17031841500,nh_white__low__family_with_children__black_dominant,12
17031841500,nh_white__low__elderly__black_dominant,8
17031841500,nh_black__low__single_no_children__black_dominant,1035
17031841500,nh_black__low__family_with_children__black_dominant,1118
17031841500,nh_black__low__elderly__black_dominant,643
17031841500,nh_asian__low__single_no_children__black_dominant,1
17031841500,nh_asian__low__family_with_children__black_dominant,1
17031841500,nh_asian__low__elderly__black_dominant,1
17031841500,hispanic__low__single_no_children__black_dominant,22
17031841500,hispanic__low__family_with_children__black_dominant,45
17031841500,hispanic__low__elderly__black_dominant,15
17031841500,nh_other__low__single_no_children__black_dominant,21
17031841500,nh_other__low__family_with_children__black_dominant,20
17031841500,nh_other__low__elderly__black_dominant,9
17031838600,nh_white__low__single_no_children__black_dominant,21
17031838600,nh_white__low__family_with_children__black_dominant,18
17031838600,nh_white__low__elderly__black_dominant,12
17031838600,nh_black__low__single_no_children__black_dominant,541
17031838600,nh_black__low__family_with_children__black_dominant,585
17031838600,nh_black__low__elderly__black_dominant,336
17031838600,nh_asian__low__single_no_children__black_dominant,1
17031838600,nh_asian__low__family_with_children__black_dominant,2
17031838600,nh_asian__low__elderly__black_dominant,1
17031838600,hispanic__low__single_no_children__black_dominant,18
17031838600,hispanic__low__family_with_children__black_dominant,36
17031838600,hispanic__low__elderly__black_dominant,12
17031838600,nh_other__low__single_no_children__black_dominant,6
17031838600,nh_other__low__family_with_children__black_dominant,6
17031838600,nh_other__low__elderly__black_dominant,3
17031837300,nh_white__low__single_no_children__black_dominant,37
17031837300,nh_white__low__family_with_children__black_dominant,31
17031837300,nh_white__low__elderly__black_dominant,20
17031837300,nh_black__low__single_no_children__black_dominant,830
17031837300,nh_black__low__family_with_children__black_dominant,898
17031837300,nh_black__low__elderly__black_dominant,516
17031837300,nh_asian__low__single_no_children__black_dominant,7
17031837300,nh_asian__low__family_with_children__black_dominant,10
17031837300,nh_asian__low__elderly__black_dominant,4
17031837300,hispanic__low__single_no_children__black_dominant,31
17031837300,hispanic__low__family_with_children__black_dominant,64
17031837300,hispanic__low__elderly__black_dominant,21
17031837300,nh_other__low__single_no_children__black_dominant,5
17031837300,nh_other__low__family_with_children__black_dominant,5
17031837300,nh_other__low__elderly__black_dominant,2
17031837800,nh_white__high__single_no_children__black_dominant,152
17031837800,nh_white__high__family_with_children__black_dominant,76
17031837800,nh_white__high__elderly__black_dominant,76
17031837800,nh_black__high__single_no_children__black_dominant,954
17031837800,nh_black__high__family_with_children__black_dominant,636
17031837800,nh_black__high__elderly__black_dominant,530
17031837800,nh_asian__high__single_no_children__black_dominant,40
17031837800,nh_asian__high__family_with_children__black_dominant,40
17031837800,nh_asian__high__elderly__black_dominant,20
17031837800,hispanic__high__single_no_children__black_dominant,72
17031837800,hispanic__high__family_with_children__black_dominant,93
17031837800,hispanic__high__elderly__black_dominant,41
17031837800,nh_other__high__single_no_children__black_dominant,32
17031837800,nh_other__high__family_with_children__black_dominant,20
17031837800,nh_other__high__elderly__black_dominant,13
17031837400,nh_white__low__single_no_children__black_dominant,53
17031837400,nh_white__low__family_with_children__black_dominant,44
17031837400,nh_white__low__elderly__black_dominant,29
17031837400,nh_black__low__single_no_children__black_dominant,718
17031837400,nh_black__low__family_with_children__black_dominant,776
17031837400,nh_black__low__elderly__black_dominant,446
17031837400,nh_asian__low__single_no_children__black_dominant,6
17031837400,nh_asian__low__family_with_children__black_dominant,9
17031837400,nh_asian__low__elderly__black_dominant,3
17031837400,hispanic__low__single_no_children__black_dominant,46
17031837400,hispanic__low__family_with_children__black_dominant,94
17031837400,hispanic__low__elderly__black_dominant,31
17031837400,nh_other__low__single_no_children__black_dominant,10
17031837400,nh_other__low__family_with_children__black_dominant,10
17031837400,nh_other__low__elderly__black_dominant,4
17031836900,nh_white__low__single_no_children__black_dominant,31
17031836900,nh_white__low__family_with_children__black_dominant,26
17031836900,nh_white__low__elderly__black_dominant,17
17031836900,nh_black__low__single_no_children__black_dominant,456
17031836900,nh_black__low__family_with_children__black_dominant,493
17031836900,nh_black__low__elderly__black_dominant,283
17031836900,nh_asian__low__single_no_children__black_dominant,3
17031836900,nh_asian__low__family_with_children__black_dominant,4
17031836900,nh_asian__low__elderly__black_dominant,2
17031836900,hispanic__low__single_no_children__black_dominant,27
17031836900,hispanic__low__family_with_children__black_dominant,54
17031836900,hispanic__low__elderly__black_dominant,18
17031836900,nh_other__low__single_no_children__black_dominant,12
17031836900,nh_other__low__family_with_children__black_dominant,12
17031836900,nh_other__low__elderly__black_dominant,5
17031020601,nh_white__upper_middle__single_no_children__mixed,1555
17031020601,nh_white__upper_middle__family_with_children__mixed,1036
17031020601,nh_white__upper_middle__elderly__mixed,864
17031020601,nh_black__upper_middle__single_no_children__mixed,118
17031020601,nh_black__upper_middle__family_with_children__mixed,103
17031020601,nh_black__upper_middle__elderly__mixed,74
17031020601,nh_asian__upper_middle__single_no_children__mixed,460
17031020601,nh_asian__upper_middle__family_with_children__mixed,592
17031020601,nh_asian__upper_middle__elderly__mixed,263
17031020601,hispanic__upper_middle__single_no_children__mixed,303
17031020601,hispanic__upper_middle__family_with_children__mixed,505
17031020601,hispanic__upper_middle__elderly__mixed,202
17031020601,nh_other__upper_middle__single_no_children__mixed,126
17031020601,nh_other__upper_middle__family_with_children__mixed,98
17031020601,nh_other__upper_middle__elderly__mixed,56
17031020602,nh_white__upper_middle__single_no_children__mixed,700
17031020602,nh_white__upper_middle__family_with_children__mixed,467
17031020602,nh_white__upper_middle__elderly__mixed,389
17031020602,nh_black__upper_middle__single_no_children__mixed,124
17031020602,nh_black__upper_middle__family_with_children__mixed,108
17031020602,nh_black__upper_middle__elderly__mixed,78
17031020602,nh_asian__upper_middle__single_no_children__mixed,424
17031020602,nh_asian__upper_middle__family_with_children__mixed,545
17031020602,nh_asian__upper_middle__elderly__mixed,242
17031020602,hispanic__upper_middle__single_no_children__mixed,342
17031020602,hispanic__upper_middle__family_with_children__mixed,570
17031020602,hispanic__upper_middle__elderly__mixed,228
17031020602,nh_other__upper_middle__single_no_children__mixed,55
17031020602,nh_other__upper_middle__family_with_children__mixed,43
17031020602,nh_other__upper_middle__elderly__mixed,25
17031020302,nh_white__upper_middle__single_no_children__mixed,1181
17031020302,nh_white__upper_middle__family_with_children__mixed,788
17031020302,nh_white__upper_middle__elderly__mixed,656
17031020302,nh_black__upper_middle__single_no_children__mixed,180
17031020302,nh_black__upper_middle__family_with_children__mixed,158
17031020302,nh_black__upper_middle__elderly__mixed,113
17031020302,nh_asian__upper_middle__single_no_children__mixed,176
17031020302,nh_asian__upper_middle__family_with_children__mixed,226
17031020302,nh_asian__upper_middle__elderly__mixed,100
17031020302,hispanic__upper_middle__single_no_children__mixed,286
17031020302,hispanic__upper_middle__family_with_children__mixed,476
17031020302,hispanic__upper_middle__elderly__mixed,190
17031020302,nh_other__upper_middle__single_no_children__mixed,54
17031020302,nh_other__upper_middle__family_with_children__mixed,42
17031020302,nh_other__upper_middle__elderly__mixed,24
17031020902,nh_white__upper_middle__single_no_children__mixed,792
17031020902,nh_white__upper_middle__family_with_children__mixed,528
17031020902,nh_white__upper_middle__elderly__mixed,440
17031020902,nh_black__upper_middle__single_no_children__mixed,222
17031020902,nh_black__upper_middle__family_with_children__mixed,195
17031020902,nh_black__upper_middle__elderly__mixed,139
17031020902,nh_asian__upper_middle__single_no_children__mixed,391
17031020902,nh_asian__upper_middle__family_with_children__mixed,503
17031020902,nh_asian__upper_middle__elderly__mixed,224
17031020902,hispanic__upper_middle__single_no_children__mixed,220
17031020902,hispanic__upper_middle__family_with_children__mixed,367
17031020902,hispanic__upper_middle__elderly__mixed,147
17031020902,nh_other__upper_middle__single_no_children__mixed,53
17031020902,nh_other__upper_middle__family_with_children__mixed,41
17031020902,nh_other__upper_middle__elderly__mixed,23
17031010701,nh_white__upper_middle__single_no_children__mixed,617
17031010701,nh_white__upper_middle__family_with_children__mixed,411
17031010701,nh_white__upper_middle__elderly__mixed,343
17031010701,nh_black__upper_middle__single_no_children__mixed,293
17031010701,nh_black__upper_middle__family_with_children__mixed,257
17031010701,nh_black__upper_middle__elderly__mixed,183
17031010701,nh_asian__upper_middle__single_no_children__mixed,70
17031010701,nh_asian__upper_middle__family_with_children__mixed,90
17031010701,nh_asian__upper_middle__elderly__mixed,40
17031010701,hispanic__upper_middle__single_no_children__mixed,439
17031010701,hispanic__upper_middle__family_with_children__mixed,732
17031010701,hispanic__upper_middle__elderly__mixed,293
17031010701,nh_other__upper_middle__single_no_children__mixed,44
17031010701,nh_other__upper_middle__family_with_children__mixed,34
17031010701,nh_other__upper_middle__elderly__mixed,19
17031030103,nh_white__upper_middle__single_no_children__mixed,472
17031030103,nh_white__upper_middle__family_with_children__mixed,314
17031030103,nh_white__upper_middle__elderly__mixed,262
17031030103,nh_black__upper_middle__single_no_children__mixed,135
17031030103,nh_black__upper_middle__family_with_children__mixed,118
17031030103,nh_black__upper_middle__elderly__mixed,84
17031030103,nh_asian__upper_middle__single_no_children__mixed,106
17031030103,nh_asian__upper_middle__family_with_children__mixed,136
17031030103,nh_asian__upper_middle__elderly__mixed,60
17031030103,hispanic__upper_middle__single_no_children__mixed,55
17031030103,hispanic__upper_middle__family_with_children__mixed,91
17031030103,hispanic__upper_middle__elderly__mixed,36
17031030103,nh_other__upper_middle__single_no_children__mixed,26
17031030103,nh_other__upper_middle__family_with_children__mixed,20
17031030103,nh_other__upper_middle__elderly__mixed,12
17031030102,nh_white__upper_middle__single_no_children__mixed,779
17031030102,nh_white__upper_middle__family_with_children__mixed,519
17031030102,nh_white__upper_middle__elderly__mixed,433
17031030102,nh_black__upper_middle__single_no_children__mixed,278
17031030102,nh_black__upper_middle__family_with_children__mixed,243
17031030102,nh_black__upper_middle__elderly__mixed,174
17031030102,nh_asian__upper_middle__single_no_children__mixed,114
17031030102,nh_asian__upper_middle__family_with_children__mixed,146
17031030102,nh_asian__upper_middle__elderly__mixed,65
17031030102,hispanic__upper_middle__single_no_children__mixed,104
17031030102,hispanic__upper_middle__family_with_children__mixed,174
17031030102,hispanic__upper_middle__elderly__mixed,69
17031030102,nh_other__upper_middle__single_no_children__mixed,48
17031030102,nh_other__upper_middle__family_with_children__mixed,37
17031030102,nh_other__upper_middle__elderly__mixed,21
17031010502,nh_white__upper_middle__single_no_children__mixed,752
17031010502,nh_white__upper_middle__family_with_children__mixed,502
17031010502,nh_white__upper_middle__elderly__mixed,418
17031010502,nh_black__upper_middle__single_no_children__mixed,298
17031010502,nh_black__upper_middle__family_with_children__mixed,260
17031010502,nh_black__upper_middle__elderly__mixed,186
17031010502,nh_asian__upper_middle__single_no_children__mixed,84
17031010502,nh_asian__upper_middle__family_with_children__mixed,108
17031010502,nh_asian__upper_middle__elderly__mixed,48
17031010502,hispanic__upper_middle__single_no_children__mixed,102
17031010502,hispanic__upper_middle__family_with_children__mixed,170
17031010502,hispanic__upper_middle__elderly__mixed,68
17031010502,nh_other__upper_middle__single_no_children__mixed,48
17031010502,nh_other__upper_middle__family_with_children__mixed,37
17031010502,nh_other__upper_middle__elderly__mixed,21
17031010503,nh_white__upper_middle__single_no_children__mixed,597
17031010503,nh_white__upper_middle__family_with_children__mixed,398
17031010503,nh_white__upper_middle__elderly__mixed,332
17031010503,nh_black__upper_middle__single_no_children__mixed,120
17031010503,nh_black__upper_middle__family_with_children__mixed,105
17031010503,nh_black__upper_middle__elderly__mixed,75
17031010503,nh_asian__upper_middle__single_no_children__mixed,116
17031010503,nh_asian__upper_middle__family_with_children__mixed,149
17031010503,nh_asian__upper_middle__elderly__mixed,66
17031010503,hispanic__upper_middle__single_no_children__mixed,74
17031010503,hispanic__upper_middle__family_with_children__mixed,122
17031010503,hispanic__upper_middle__elderly__mixed,49
17031010503,nh_other__upper_middle__single_no_children__mixed,39
17031010503,nh_other__upper_middle__family_with_children__mixed,30
17031010503,nh_other__upper_middle__elderly__mixed,17
17031010702,nh_white__upper_middle__single_no_children__mixed,526
17031010702,nh_white__upper_middle__family_with_children__mixed,351
17031010702,nh_white__upper_middle__elderly__mixed,292
17031010702,nh_black__upper_middle__single_no_children__mixed,443
17031010702,nh_black__upper_middle__family_with_children__mixed,388
17031010702,nh_black__upper_middle__elderly__mixed,277
17031010702,nh_asian__upper_middle__single_no_children__mixed,110
17031010702,nh_asian__upper_middle__family_with_children__mixed,141
17031010702,nh_asian__upper_middle__elderly__mixed,63
17031010702,hispanic__upper_middle__single_no_children__mixed,727
17031010702,hispanic__upper_middle__family_with_children__mixed,1212
17031010702,hispanic__upper_middle__elderly__mixed,485
17031010702,nh_other__upper_middle__single_no_children__mixed,58
17031010702,nh_other__upper_middle__family_with_children__mixed,45
17031010702,nh_other__upper_middle__elderly__mixed,26
17031837100,nh_white__low__single_no_children__black_dominant,53
17031837100,nh_white__low__family_with_children__black_dominant,44
17031837100,nh_white__low__elderly__black_dominant,29
17031837100,nh_black__low__single_no_children__black_dominant,559
17031837100,nh_black__low__family_with_children__black_dominant,604
17031837100,nh_black__low__elderly__black_dominant,348
17031837100,nh_asian__low__single_no_children__black_dominant,4
17031837100,nh_asian__low__family_with_children__black_dominant,6
17031837100,nh_asian__low__elderly__black_dominant,2
17031837100,hispanic__low__single_no_children__black_dominant,37
17031837100,hispanic__low__family_with_children__black_dominant,76
17031837100,hispanic__low__elderly__black_dominant,25
17031837100,nh_other__low__single_no_children__black_dominant,13
17031837100,nh_other__low__family_with_children__black_dominant,12
17031837100,nh_other__low__elderly__black_dominant,6
17031837000,nh_white__low__single_no_children__black_dominant,32
17031837000,nh_white__low__family_with_children__black_dominant,27
17031837000,nh_white__low__elderly__black_dominant,18
17031837000,nh_black__low__single_no_children__black_dominant,700
17031837000,nh_black__low__family_with_children__black_dominant,757
17031837000,nh_black__low__elderly__black_dominant,435
17031837000,nh_asian__low__single_no_children__black_dominant,2
17031837000,nh_asian__low__family_with_children__black_dominant,3
17031837000,nh_asian__low__elderly__black_dominant,1
17031837000,hispanic__low__single_no_children__black_dominant,21
17031837000,hispanic__low__family_with_children__black_dominant,43
17031837000,hispanic__low__elderly__black_dominant,14
17031837000,nh_other__low__single_no_children__black_dominant,13
17031837000,nh_other__low__family_with_children__black_dominant,12
17031837000,nh_other__low__elderly__black_dominant,6
17031831400,nh_white__lower_middle__single_no_children__mixed,126
17031831400,nh_white__lower_middle__family_with_children__mixed,84
17031831400,nh_white__lower_middle__elderly__mixed,70
17031831400,nh_black__lower_middle__single_no_children__mixed,788
17031831400,nh_black__lower_middle__family_with_children__mixed,689
17031831400,nh_black__lower_middle__elderly__mixed,492
17031831400,nh_asian__lower_middle__single_no_children__mixed,40
17031831400,nh_asian__lower_middle__family_with_children__mixed,51
17031831400,nh_asian__lower_middle__elderly__mixed,23
17031831400,hispanic__lower_middle__single_no_children__mixed,172
17031831400,hispanic__lower_middle__family_with_children__mixed,286
17031831400,hispanic__lower_middle__elderly__mixed,114
17031831400,nh_other__lower_middle__single_no_children__mixed,13
17031831400,nh_other__lower_middle__family_with_children__mixed,10
17031831400,nh_other__lower_middle__elderly__mixed,6
17031831300,nh_white__lower_middle__single_no_children__mixed,16
17031831300,nh_white__lower_middle__family_with_children__mixed,11
17031831300,nh_white__lower_middle__elderly__mixed,9
17031831300,nh_black__lower_middle__single_no_children__mixed,264
17031831300,nh_black__lower_middle__family_with_children__mixed,231
17031831300,nh_black__lower_middle__elderly__mixed,165
17031831300,nh_asian__lower_middle__single_no_children__mixed,6
17031831300,nh_asian__lower_middle__family_with_children__mixed,8
17031831300,nh_asian__lower_middle__elderly__mixed,4
17031831300,hispanic__lower_middle__single_no_children__mixed,167
17031831300,hispanic__lower_middle__family_with_children__mixed,279
17031831300,hispanic__lower_middle__elderly__mixed,112
17031831300,nh_other__lower_middle__single_no_children__mixed,3
17031831300,nh_other__lower_middle__family_with_children__mixed,2
17031831300,nh_other__lower_middle__elderly__mixed,1
17031833000,nh_white__high__single_no_children__white_dominant,1022
17031833000,nh_white__high__family_with_children__white_dominant,511
17031833000,nh_white__high__elderly__white_dominant,511
17031833000,nh_black__high__single_no_children__white_dominant,154
17031833000,nh_black__high__family_with_children__white_dominant,103
17031833000,nh_black__high__elderly__white_dominant,86
17031833000,nh_asian__high__single_no_children__white_dominant,86
17031833000,nh_asian__high__family_with_children__white_dominant,86
17031833000,nh_asian__high__elderly__white_dominant,43
17031833000,hispanic__high__single_no_children__white_dominant,36
17031833000,hispanic__high__family_with_children__white_dominant,46
17031833000,hispanic__high__elderly__white_dominant,21
17031833000,nh_other__high__single_no_children__white_dominant,32
17031833000,nh_other__high__family_with_children__white_dominant,19
17031833000,nh_other__high__elderly__white_dominant,13
17031760801,nh_white__upper_middle__single_no_children__mixed,1229
17031760801,nh_white__upper_middle__family_with_children__mixed,819
17031760801,nh_white__upper_middle__elderly__mixed,683
17031760801,nh_black__upper_middle__single_no_children__mixed,90
17031760801,nh_black__upper_middle__family_with_children__mixed,79
17031760801,nh_black__upper_middle__elderly__mixed,56
17031760801,nh_asian__upper_middle__single_no_children__mixed,213
17031760801,nh_asian__upper_middle__family_with_children__mixed,274
17031760801,nh_asian__upper_middle__elderly__mixed,122
17031760801,hispanic__upper_middle__single_no_children__mixed,114
17031760801,hispanic__upper_middle__family_with_children__mixed,190
17031760801,hispanic__upper_middle__elderly__mixed,76
17031760801,nh_other__upper_middle__single_no_children__mixed,46
17031760801,nh_other__upper_middle__family_with_children__mixed,36
17031760801,nh_other__upper_middle__elderly__mixed,21
17031010201,nh_white__upper_middle__single_no_children__mixed,675
17031010201,nh_white__upper_middle__family_with_children__mixed,450
17031010201,nh_white__upper_middle__elderly__mixed,375
17031010201,nh_black__upper_middle__single_no_children__mixed,916
17031010201,nh_black__upper_middle__family_with_children__mixed,802
17031010201,nh_black__upper_middle__elderly__mixed,573
17031010201,nh_asian__upper_middle__single_no_children__mixed,105
17031010201,nh_asian__upper_middle__family_with_children__mixed,135
17031010201,nh_asian__upper_middle__elderly__mixed,60
17031010201,hispanic__upper_middle__single_no_children__mixed,615
17031010201,hispanic__upper_middle__family_with_children__mixed,1024
17031010201,hispanic__upper_middle__elderly__mixed,410
17031010201,nh_other__upper_middle__single_no_children__mixed,140
17031010201,nh_other__upper_middle__family_with_children__mixed,108
17031010201,nh_other__upper_middle__elderly__mixed,62
17031020901,nh_white__upper_middle__single_no_children__mixed,585
17031020901,nh_white__upper_middle__family_with_children__mixed,390
17031020901,nh_white__upper_middle__elderly__mixed,325
17031020901,nh_black__upper_middle__single_no_children__mixed,407
17031020901,nh_black__upper_middle__family_with_children__mixed,356
17031020901,nh_black__upper_middle__elderly__mixed,254
17031020901,nh_asian__upper_middle__single_no_children__mixed,411
17031020901,nh_asian__upper_middle__family_with_children__mixed,528
17031020901,nh_asian__upper_middle__elderly__mixed,235
17031020901,hispanic__upper_middle__single_no_children__mixed,458
17031020901,hispanic__upper_middle__family_with_children__mixed,763
17031020901,hispanic__upper_middle__elderly__mixed,305
17031020901,nh_other__upper_middle__single_no_children__mixed,92
17031020901,nh_other__upper_middle__family_with_children__mixed,71
17031020901,nh_other__upper_middle__elderly__mixed,41
17031020701,nh_white__upper_middle__single_no_children__mixed,438
17031020701,nh_white__upper_middle__family_with_children__mixed,292
17031020701,nh_white__upper_middle__elderly__mixed,244
17031020701,nh_black__upper_middle__single_no_children__mixed,15
17031020701,nh_black__upper_middle__family_with_children__mixed,13
17031020701,nh_black__upper_middle__elderly__mixed,9
17031020701,nh_asian__upper_middle__single_no_children__mixed,146
17031020701,nh_asian__upper_middle__family_with_children__mixed,187
17031020701,nh_asian__upper_middle__elderly__mixed,83
17031020701,hispanic__upper_middle__single_no_children__mixed,68
17031020701,hispanic__upper_middle__family_with_children__mixed,114
17031020701,hispanic__upper_middle__elderly__mixed,45
17031020701,nh_other__upper_middle__single_no_children__mixed,22
17031020701,nh_other__upper_middle__family_with_children__mixed,18
17031020701,nh_other__upper_middle__elderly__mixed,10
17031010501,nh_white__upper_middle__single_no_children__mixed,790
17031010501,nh_white__upper_middle__family_with_children__mixed,526
17031010501,nh_white__upper_middle__elderly__mixed,439
17031010501,nh_black__upper_middle__single_no_children__mixed,508
17031010501,nh_black__upper_middle__family_with_children__mixed,445
17031010501,nh_black__upper_middle__elderly__mixed,318
17031010501,nh_asian__upper_middle__single_no_children__mixed,133
17031010501,nh_asian__upper_middle__family_with_children__mixed,171
17031010501,nh_asian__upper_middle__elderly__mixed,76
17031010501,hispanic__upper_middle__single_no_children__mixed,152
17031010501,hispanic__upper_middle__family_with_children__mixed,253
17031010501,hispanic__upper_middle__elderly__mixed,101
17031010501,nh_other__upper_middle__single_no_children__mixed,80
17031010501,nh_other__upper_middle__family_with_children__mixed,62
17031010501,nh_other__upper_middle__elderly__mixed,36
17031252101,nh_white__lower_middle__single_no_children__black_dominant,12
17031252101,nh_white__lower_middle__family_with_children__black_dominant,8
17031252101,nh_white__lower_middle__elderly__black_dominant,6
17031252101,nh_black__lower_middle__single_no_children__black_dominant,518
17031252101,nh_black__lower_middle__family_with_children__black_dominant,454
17031252101,nh_black__lower_middle__elderly__black_dominant,324
17031252101,nh_asian__lower_middle__single_no_children__black_dominant,1
17031252101,nh_asian__lower_middle__family_with_children__black_dominant,2
17031252101,nh_asian__lower_middle__elderly__black_dominant,1
17031252101,hispanic__lower_middle__single_no_children__black_dominant,6
17031252101,hispanic__lower_middle__family_with_children__black_dominant,10
17031252101,hispanic__lower_middle__elderly__black_dominant,4
17031252101,nh_other__lower_middle__single_no_children__black_dominant,11
17031252101,nh_other__lower_middle__family_with_children__black_dominant,8
17031252101,nh_other__lower_middle__elderly__black_dominant,5
17031252102,nh_white__lower_middle__single_no_children__black_dominant,12
17031252102,nh_white__lower_middle__family_with_children__black_dominant,8
17031252102,nh_white__lower_middle__elderly__black_dominant,7
17031252102,nh_black__lower_middle__single_no_children__black_dominant,2509
17031252102,nh_black__lower_middle__family_with_children__black_dominant,2196
17031252102,nh_black__lower_middle__elderly__black_dominant,1568
17031252102,nh_asian__lower_middle__single_no_children__black_dominant,1
17031252102,nh_asian__lower_middle__family_with_children__black_dominant,1
17031252102,nh_asian__lower_middle__elderly__black_dominant,1
17031252102,hispanic__lower_middle__single_no_children__black_dominant,13
17031252102,hispanic__lower_middle__family_with_children__black_dominant,21
17031252102,hispanic__lower_middle__elderly__black_dominant,8
17031252102,nh_other__lower_middle__single_no_children__black_dominant,43
17031252102,nh_other__lower_middle__family_with_children__black_dominant,33
17031252102,nh_other__lower_middle__elderly__black_dominant,19
17031252202,nh_white__lower_middle__single_no_children__black_dominant,11
17031252202,nh_white__lower_middle__family_with_children__black_dominant,8
17031252202,nh_white__lower_middle__elderly__black_dominant,6
17031252202,nh_black__lower_middle__single_no_children__black_dominant,1793
17031252202,nh_black__lower_middle__family_with_children__black_dominant,1569
17031252202,nh_black__lower_middle__elderly__black_dominant,1120
17031252202,nh_asian__lower_middle__single_no_children__black_dominant,2
17031252202,nh_asian__lower_middle__family_with_children__black_dominant,3
17031252202,nh_asian__lower_middle__elderly__black_dominant,1
17031252202,hispanic__lower_middle__single_no_children__black_dominant,18
17031252202,hispanic__lower_middle__family_with_children__black_dominant,30
17031252202,hispanic__lower_middle__elderly__black_dominant,12
17031252202,nh_other__lower_middle__single_no_children__black_dominant,16
17031252202,nh_other__lower_middle__family_with_children__black_dominant,12
17031252202,nh_other__lower_middle__elderly__black_dominant,7
17031040401,nh_white__high__single_no_children__mixed,1028
17031040401,nh_white__high__family_with_children__mixed,514
17031040401,nh_white__high__elderly__mixed,514
17031040401,nh_black__high__single_no_children__mixed,21
17031040401,nh_black__high__family_with_children__mixed,14
17031040401,nh_black__high__elderly__mixed,12
17031040401,nh_asian__high__single_no_children__mixed,102
17031040401,nh_asian__high__family_with_children__mixed,102
17031040401,nh_asian__high__elderly__mixed,51
17031040401,hispanic__high__single_no_children__mixed,229
17031040401,hispanic__high__family_with_children__mixed,295
17031040401,hispanic__high__elderly__mixed,131
17031040401,nh_other__high__single_no_children__mixed,39
17031040401,nh_other__high__family_with_children__mixed,23
17031040401,nh_other__high__elderly__mixed,16
17031220601,nh_white__upper_middle__single_no_children__mixed,327
17031220601,nh_white__upper_middle__family_with_children__mixed,218
17031220601,nh_white__upper_middle__elderly__mixed,182
17031220601,nh_black__upper_middle__single_no_children__mixed,40
17031220601,nh_black__upper_middle__family_with_children__mixed,35
17031220601,nh_black__upper_middle__elderly__mixed,25
17031220601,nh_asian__upper_middle__single_no_children__mixed,13
17031220601,nh_asian__upper_middle__family_with_children__mixed,17
17031220601,nh_asian__upper_middle__elderly__mixed,8
17031220601,hispanic__upper_middle__single_no_children__mixed,261
17031220601,hispanic__upper_middle__family_with_children__mixed,436
17031220601,hispanic__upper_middle__elderly__mixed,174
17031220601,nh_other__upper_middle__single_no_children__mixed,14
17031220601,nh_other__upper_middle__family_with_children__mixed,11
17031220601,nh_other__upper_middle__elderly__mixed,6
17031210502,nh_white__lower_middle__single_no_children__mixed,591
17031210502,nh_white__lower_middle__family_with_children__mixed,394
17031210502,nh_white__lower_middle__elderly__mixed,328
17031210502,nh_black__lower_middle__single_no_children__mixed,29
17031210502,nh_black__lower_middle__family_with_children__mixed,25
17031210502,nh_black__lower_middle__elderly__mixed,18
17031210502,nh_asian__lower_middle__single_no_children__mixed,26
17031210502,nh_asian__lower_middle__family_with_children__mixed,33
17031210502,nh_asian__lower_middle__elderly__mixed,15
17031210502,hispanic__lower_middle__single_no_children__mixed,890
17031210502,hispanic__lower_middle__family_with_children__mixed,1484
17031210502,hispanic__lower_middle__elderly__mixed,593
17031210502,nh_other__lower_middle__single_no_children__mixed,27
17031210502,nh_other__lower_middle__family_with_children__mixed,21
17031210502,nh_other__lower_middle__elderly__mixed,12
17031220602,nh_white__upper_middle__single_no_children__mixed,949
17031220602,nh_white__upper_middle__family_with_children__mixed,633
17031220602,nh_white__upper_middle__elderly__mixed,527
17031220602,nh_black__upper_middle__single_no_children__mixed,135
17031220602,nh_black__upper_middle__family_with_children__mixed,118
17031220602,nh_black__upper_middle__elderly__mixed,84
17031220602,nh_asian__upper_middle__single_no_children__mixed,51
17031220602,nh_asian__upper_middle__family_with_children__mixed,66
17031220602,nh_asian__upper_middle__elderly__mixed,29
17031220602,hispanic__upper_middle__single_no_children__mixed,709
17031220602,hispanic__upper_middle__family_with_children__mixed,1182
17031220602,hispanic__upper_middle__elderly__mixed,473
17031220602,nh_other__upper_middle__single_no_children__mixed,49
17031220602,nh_other__upper_middle__family_with_children__mixed,38
17031220602,nh_other__upper_middle__elderly__mixed,22
17031210602,nh_white__lower_middle__single_no_children__hispanic_dominant,395
17031210602,nh_white__lower_middle__family_with_children__hispanic_dominant,263
17031210602,nh_white__lower_middle__elderly__hispanic_dominant,220
17031210602,nh_black__lower_middle__single_no_children__hispanic_dominant,73
17031210602,nh_black__lower_middle__family_with_children__hispanic_dominant,64
17031210602,nh_black__lower_middle__elderly__hispanic_dominant,46
17031210602,nh_asian__lower_middle__single_no_children__hispanic_dominant,24
17031210602,nh_asian__lower_middle__family_with_children__hispanic_dominant,31
17031210602,nh_asian__lower_middle__elderly__hispanic_dominant,14
17031210602,hispanic__lower_middle__single_no_children__hispanic_dominant,1046
17031210602,hispanic__lower_middle__family_with_children__hispanic_dominant,1744
17031210602,hispanic__lower_middle__elderly__hispanic_dominant,697
17031210602,nh_other__lower_middle__single_no_children__hispanic_dominant,30
17031210602,nh_other__lower_middle__family_with_children__hispanic_dominant,23
17031210602,nh_other__lower_middle__elderly__hispanic_dominant,13
17031220901,nh_white__upper_middle__single_no_children__hispanic_dominant,134
17031220901,nh_white__upper_middle__family_with_children__hispanic_dominant,89
17031220901,nh_white__upper_middle__elderly__hispanic_dominant,74
17031220901,nh_black__upper_middle__single_no_children__hispanic_dominant,125
17031220901,nh_black__upper_middle__family_with_children__hispanic_dominant,109
17031220901,nh_black__upper_middle__elderly__hispanic_dominant,78
17031220901,nh_asian__upper_middle__single_no_children__hispanic_dominant,10
17031220901,nh_asian__upper_middle__family_with_children__hispanic_dominant,13
17031220901,nh_asian__upper_middle__elderly__hispanic_dominant,6
17031220901,hispanic__upper_middle__single_no_children__hispanic_dominant,844
17031220901,hispanic__upper_middle__family_with_children__hispanic_dominant,1406
17031220901,hispanic__upper_middle__elderly__hispanic_dominant,563
17031220901,nh_other__upper_middle__single_no_children__hispanic_dominant,21
17031220901,nh_other__upper_middle__family_with_children__hispanic_dominant,16
17031220901,nh_other__upper_middle__elderly__hispanic_dominant,9
17031220902,nh_white__upper_middle__single_no_children__hispanic_dominant,179
17031220902,nh_white__upper_middle__family_with_children__hispanic_dominant,119
17031220902,nh_white__upper_middle__elderly__hispanic_dominant,99
17031220902,nh_black__upper_middle__single_no_children__hispanic_dominant,37
17031220902,nh_black__upper_middle__family_with_children__hispanic_dominant,32
17031220902,nh_black__upper_middle__elderly__hispanic_dominant,23
17031220902,nh_asian__upper_middle__single_no_children__hispanic_dominant,6
17031220902,nh_asian__upper_middle__family_with_children__hispanic_dominant,8
17031220902,nh_asian__upper_middle__elderly__hispanic_dominant,3
17031220902,hispanic__upper_middle__single_no_children__hispanic_dominant,850
17031220902,hispanic__upper_middle__family_with_children__hispanic_dominant,1416
17031220902,hispanic__upper_middle__elderly__hispanic_dominant,567
17031220902,nh_other__upper_middle__single_no_children__hispanic_dominant,14
17031220902,nh_other__upper_middle__family_with_children__hispanic_dominant,11
17031220902,nh_other__upper_middle__elderly__hispanic_dominant,6
17031200401,nh_white__low__single_no_children__hispanic_dominant,85
17031200401,nh_white__low__family_with_children__hispanic_dominant,71
17031200401,nh_white__low__elderly__hispanic_dominant,46
17031200401,nh_black__low__single_no_children__hispanic_dominant,52
17031200401,nh_black__low__family_with_children__hispanic_dominant,56
17031200401,nh_black__low__elderly__hispanic_dominant,32
17031200401,nh_asian__low__single_no_children__hispanic_dominant,6
17031200401,nh_asian__low__family_with_children__hispanic_dominant,10
17031200401,nh_asian__low__elderly__hispanic_dominant,3
17031200401,hispanic__low__single_no_children__hispanic_dominant,869
17031200401,hispanic__low__family_with_children__hispanic_dominant,1770
17031200401,hispanic__low__elderly__hispanic_dominant,579
17031200401,nh_other__low__single_no_children__hispanic_dominant,10
17031200401,nh_other__low__family_with_children__hispanic_dominant,9
17031200401,nh_other__low__elderly__hispanic_dominant,4
17031160501,nh_white__upper_middle__single_no_children__mixed,393
17031160501,nh_white__upper_middle__family_with_children__mixed,262
17031160501,nh_white__upper_middle__elderly__mixed,218
17031160501,nh_black__upper_middle__single_no_children__mixed,66
17031160501,nh_black__upper_middle__family_with_children__mixed,58
17031160501,nh_black__upper_middle__elderly__mixed,42
17031160501,nh_asian__upper_middle__single_no_children__mixed,132
17031160501,nh_asian__upper_middle__family_with_children__mixed,170
17031160501,nh_asian__upper_middle__elderly__mixed,76
17031160501,hispanic__upper_middle__single_no_children__mixed,802
17031160501,hispanic__upper_middle__family_with_children__mixed,1336
17031160501,hispanic__upper_middle__elderly__mixed,535
17031160501,nh_other__upper_middle__single_no_children__mixed,44
17031160501,nh_other__upper_middle__family_with_children__mixed,34
17031160501,nh_other__upper_middle__elderly__mixed,20
17031200402,nh_white__low__single_no_children__hispanic_dominant,57
17031200402,nh_white__low__family_with_children__hispanic_dominant,48
17031200402,nh_white__low__elderly__hispanic_dominant,31
17031200402,nh_black__low__single_no_children__hispanic_dominant,55
17031200402,nh_black__low__family_with_children__hispanic_dominant,60
17031200402,nh_black__low__elderly__hispanic_dominant,34
17031200402,nh_asian__low__single_no_children__hispanic_dominant,7
17031200402,nh_asian__low__family_with_children__hispanic_dominant,12
17031200402,nh_asian__low__elderly__hispanic_dominant,4
17031200402,hispanic__low__single_no_children__hispanic_dominant,1096
17031200402,hispanic__low__family_with_children__hispanic_dominant,2232
17031200402,hispanic__low__elderly__hispanic_dominant,730
17031200402,nh_other__low__single_no_children__hispanic_dominant,13
17031200402,nh_other__low__family_with_children__hispanic_dominant,12
17031200402,nh_other__low__elderly__hispanic_dominant,5
17031191301,nh_white__low__single_no_children__hispanic_dominant,112
17031191301,nh_white__low__family_with_children__hispanic_dominant,93
17031191301,nh_white__low__elderly__hispanic_dominant,61
17031191301,nh_black__low__single_no_children__hispanic_dominant,176
17031191301,nh_black__low__family_with_children__hispanic_dominant,191
17031191301,nh_black__low__elderly__hispanic_dominant,110
17031191301,nh_asian__low__single_no_children__hispanic_dominant,39
17031191301,nh_asian__low__family_with_children__hispanic_dominant,62
17031191301,nh_asian__low__elderly__hispanic_dominant,22
17031191301,hispanic__low__single_no_children__hispanic_dominant,1217
17031191301,hispanic__low__family_with_children__hispanic_dominant,2480
17031191301,hispanic__low__elderly__hispanic_dominant,812
17031191301,nh_other__low__single_no_children__hispanic_dominant,9
17031191301,nh_other__low__family_with_children__hispanic_dominant,9
17031191301,nh_other__low__elderly__hispanic_dominant,4
17031190601,nh_white__low__single_no_children__hispanic_dominant,236
17031190601,nh_white__low__family_with_children__hispanic_dominant,196
17031190601,nh_white__low__elderly__hispanic_dominant,129
17031190601,nh_black__low__single_no_children__hispanic_dominant,47
17031190601,nh_black__low__family_with_children__hispanic_dominant,50
17031190601,nh_black__low__elderly__hispanic_dominant,29
17031190601,nh_asian__low__single_no_children__hispanic_dominant,30
17031190601,nh_asian__low__family_with_children__hispanic_dominant,47
17031190601,nh_asian__low__elderly__hispanic_dominant,17
17031190601,hispanic__low__single_no_children__hispanic_dominant,1004
17031190601,hispanic__low__family_with_children__hispanic_dominant,2044
17031190601,hispanic__low__elderly__hispanic_dominant,669
17031190601,nh_other__low__single_no_children__hispanic_dominant,20
17031190601,nh_other__low__family_with_children__hispanic_dominant,19
17031190601,nh_other__low__elderly__hispanic_dominant,8
17031191302,nh_white__low__single_no_children__hispanic_dominant,141
17031191302,nh_white__low__family_with_children__hispanic_dominant,117
17031191302,nh_white__low__elderly__hispanic_dominant,77
17031191302,nh_black__low__single_no_children__hispanic_dominant,84
17031191302,nh_black__low__family_with_children__hispanic_dominant,90
17031191302,nh_black__low__elderly__hispanic_dominant,52
17031191302,nh_asian__low__single_no_children__hispanic_dominant,23
17031191302,nh_asian__low__family_with_children__hispanic_dominant,36
17031191302,nh_asian__low__elderly__hispanic_dominant,13
17031191302,hispanic__low__single_no_children__hispanic_dominant,1177
17031191302,hispanic__low__family_with_children__hispanic_dominant,2397
17031191302,hispanic__low__elderly__hispanic_dominant,784
17031191302,nh_other__low__single_no_children__hispanic_dominant,18
17031191302,nh_other__low__family_with_children__hispanic_dominant,17
17031191302,nh_other__low__elderly__hispanic_dominant,8
17031190701,nh_white__low__single_no_children__hispanic_dominant,162
17031190701,nh_white__low__family_with_children__hispanic_dominant,135
17031190701,nh_white__low__elderly__hispanic_dominant,89
17031190701,nh_black__low__single_no_children__hispanic_dominant,21
17031190701,nh_black__low__family_with_children__hispanic_dominant,22
17031190701,nh_black__low__elderly__hispanic_dominant,13
17031190701,nh_asian__low__single_no_children__hispanic_dominant,15
17031190701,nh_asian__low__family_with_children__hispanic_dominant,24
17031190701,nh_asian__low__elderly__hispanic_dominant,9
17031190701,hispanic__low__single_no_children__hispanic_dominant,658
17031190701,hispanic__low__family_with_children__hispanic_dominant,1340
17031190701,hispanic__low__elderly__hispanic_dominant,438
17031190701,nh_other__low__single_no_children__hispanic_dominant,13
17031190701,nh_other__low__family_with_children__hispanic_dominant,12
17031190701,nh_other__low__elderly__hispanic_dominant,5
17031190702,nh_white__low__single_no_children__hispanic_dominant,256
17031190702,nh_white__low__family_with_children__hispanic_dominant,214
17031190702,nh_white__low__elderly__hispanic_dominant,140
17031190702,nh_black__low__single_no_children__hispanic_dominant,47
17031190702,nh_black__low__family_with_children__hispanic_dominant,50
17031190702,nh_black__low__elderly__hispanic_dominant,29
17031190702,nh_asian__low__single_no_children__hispanic_dominant,7
17031190702,nh_asian__low__family_with_children__hispanic_dominant,12
17031190702,nh_asian__low__elderly__hispanic_dominant,4
17031190702,hispanic__low__single_no_children__hispanic_dominant,1098
17031190702,hispanic__low__family_with_children__hispanic_dominant,2236
17031190702,hispanic__low__elderly__hispanic_dominant,732
17031190702,nh_other__low__single_no_children__hispanic_dominant,19
17031190702,nh_other__low__family_with_children__hispanic_dominant,18
17031190702,nh_other__low__elderly__hispanic_dominant,8
17031190401,nh_white__low__single_no_children__mixed,519
17031190401,nh_white__low__family_with_children__mixed,433
17031190401,nh_white__low__elderly__mixed,284
17031190401,nh_black__low__single_no_children__mixed,23
17031190401,nh_black__low__family_with_children__mixed,24
17031190401,nh_black__low__elderly__mixed,14
17031190401,nh_asian__low__single_no_children__mixed,76
17031190401,nh_asian__low__family_with_children__mixed,118
17031190401,nh_asian__low__elderly__mixed,42
17031190401,hispanic__low__single_no_children__mixed,719
17031190401,hispanic__low__family_with_children__mixed,1465
17031190401,hispanic__low__elderly__mixed,480
17031190401,nh_other__low__single_no_children__mixed,25
17031190401,nh_other__low__family_with_children__mixed,24
17031190401,nh_other__low__elderly__mixed,11
17031190602,nh_white__low__single_no_children__hispanic_dominant,341
17031190602,nh_white__low__family_with_children__hispanic_dominant,285
17031190602,nh_white__low__elderly__hispanic_dominant,187
17031190602,nh_black__low__single_no_children__hispanic_dominant,75
17031190602,nh_black__low__family_with_children__hispanic_dominant,81
17031190602,nh_black__low__elderly__hispanic_dominant,47
17031190602,nh_asian__low__single_no_children__hispanic_dominant,21
17031190602,nh_asian__low__family_with_children__hispanic_dominant,33
17031190602,nh_asian__low__elderly__hispanic_dominant,12
17031190602,hispanic__low__single_no_children__hispanic_dominant,1185
17031190602,hispanic__low__family_with_children__hispanic_dominant,2413
17031190602,hispanic__low__elderly__hispanic_dominant,790
17031190602,nh_other__low__single_no_children__hispanic_dominant,19
17031190602,nh_other__low__family_with_children__hispanic_dominant,18
17031190602,nh_other__low__elderly__hispanic_dominant,8
17031190402,nh_white__low__single_no_children__mixed,622
17031190402,nh_white__low__family_with_children__mixed,518
17031190402,nh_white__low__elderly__mixed,340
17031190402,nh_black__low__single_no_children__mixed,38
17031190402,nh_black__low__family_with_children__mixed,41
17031190402,nh_black__low__elderly__mixed,24
17031190402,nh_asian__low__single_no_children__mixed,51
17031190402,nh_asian__low__family_with_children__mixed,80
17031190402,nh_asian__low__elderly__mixed,29
17031190402,hispanic__low__single_no_children__mixed,990
17031190402,hispanic__low__family_with_children__mixed,2016
17031190402,hispanic__low__elderly__mixed,660
17031190402,nh_other__low__single_no_children__mixed,21
17031190402,nh_other__low__family_with_children__mixed,20
17031190402,nh_other__low__elderly__mixed,9
17031832100,nh_white__high__single_no_children__mixed,1094
17031832100,nh_white__high__family_with_children__mixed,547
17031832100,nh_white__high__elderly__mixed,547
17031832100,nh_black__high__single_no_children__mixed,263
17031832100,nh_black__high__family_with_children__mixed,175
17031832100,nh_black__high__elderly__mixed,146
17031832100,nh_asian__high__single_no_children__mixed,57
17031832100,nh_asian__high__family_with_children__mixed,57
17031832100,nh_asian__high__elderly__mixed,29
17031832100,hispanic__high__single_no_children__mixed,110
17031832100,hispanic__high__family_with_children__mixed,142
17031832100,hispanic__high__elderly__mixed,63
17031832100,nh_other__high__single_no_children__mixed,34
17031832100,nh_other__high__family_with_children__mixed,20
17031832100,nh_other__high__elderly__mixed,14
17031843800,nh_white__low__single_no_children__mixed,204
17031843800,nh_white__low__family_with_children__mixed,170
17031843800,nh_white__low__elderly__mixed,112
17031843800,nh_black__low__single_no_children__mixed,408
17031843800,nh_black__low__family_with_children__mixed,442
17031843800,nh_black__low__elderly__mixed,254
17031843800,nh_asian__low__single_no_children__mixed,34
17031843800,nh_asian__low__family_with_children__mixed,54
17031843800,nh_asian__low__elderly__mixed,19
17031843800,hispanic__low__single_no_children__mixed,103
17031843800,hispanic__low__family_with_children__mixed,209
17031843800,hispanic__low__elderly__mixed,68
17031843800,nh_other__low__single_no_children__mixed,14
17031843800,nh_other__low__family_with_children__mixed,13
17031843800,nh_other__low__elderly__mixed,6
17031842800,nh_white__low__single_no_children__hispanic_dominant,244
17031842800,nh_white__low__family_with_children__hispanic_dominant,203
17031842800,nh_white__low__elderly__hispanic_dominant,134
17031842800,nh_black__low__single_no_children__hispanic_dominant,21
17031842800,nh_black__low__family_with_children__hispanic_dominant,22
17031842800,nh_black__low__elderly__hispanic_dominant,13
17031842800,nh_asian__low__single_no_children__hispanic_dominant,40
17031842800,nh_asian__low__family_with_children__hispanic_dominant,62
17031842800,nh_asian__low__elderly__hispanic_dominant,23
17031842800,hispanic__low__single_no_children__hispanic_dominant,1809
17031842800,hispanic__low__family_with_children__hispanic_dominant,3684
17031842800,hispanic__low__elderly__hispanic_dominant,1206
17031842800,nh_other__low__single_no_children__hispanic_dominant,16
17031842800,nh_other__low__family_with_children__hispanic_dominant,15
17031842800,nh_other__low__elderly__hispanic_dominant,7
17031842400,nh_white__lower_middle__single_no_children__black_dominant,10
17031842400,nh_white__lower_middle__family_with_children__black_dominant,7
17031842400,nh_white__lower_middle__elderly__black_dominant,6
17031842400,nh_black__lower_middle__single_no_children__black_dominant,1276
17031842400,nh_black__lower_middle__family_with_children__black_dominant,1117
17031842400,nh_black__lower_middle__elderly__black_dominant,798
17031842400,nh_asian__lower_middle__single_no_children__black_dominant,3
17031842400,nh_asian__lower_middle__family_with_children__black_dominant,4
17031842400,nh_asian__lower_middle__elderly__black_dominant,2
17031842400,hispanic__lower_middle__single_no_children__black_dominant,12
17031842400,hispanic__lower_middle__family_with_children__black_dominant,20
17031842400,hispanic__lower_middle__elderly__black_dominant,8
17031842400,nh_other__lower_middle__single_no_children__black_dominant,19
17031842400,nh_other__lower_middle__family_with_children__black_dominant,15
17031842400,nh_other__lower_middle__elderly__black_dominant,9
17031151001,nh_white__upper_middle__single_no_children__mixed,403
17031151001,nh_white__upper_middle__family_with_children__mixed,269
17031151001,nh_white__upper_middle__elderly__mixed,224
17031151001,nh_black__upper_middle__single_no_children__mixed,27
17031151001,nh_black__upper_middle__family_with_children__mixed,24
17031151001,nh_black__upper_middle__elderly__mixed,17
17031151001,nh_asian__upper_middle__single_no_children__mixed,24
17031151001,nh_asian__upper_middle__family_with_children__mixed,31
17031151001,nh_asian__upper_middle__elderly__mixed,14
17031151001,hispanic__upper_middle__single_no_children__mixed,521
17031151001,hispanic__upper_middle__family_with_children__mixed,868
17031151001,hispanic__upper_middle__elderly__mixed,347
17031151001,nh_other__upper_middle__single_no_children__mixed,22
17031151001,nh_other__upper_middle__family_with_children__mixed,17
17031151001,nh_other__upper_middle__elderly__mixed,10
17031151002,nh_white__upper_middle__single_no_children__mixed,639
17031151002,nh_white__upper_middle__family_with_children__mixed,426
17031151002,nh_white__upper_middle__elderly__mixed,355
17031151002,nh_black__upper_middle__single_no_children__mixed,37
17031151002,nh_black__upper_middle__family_with_children__mixed,32
17031151002,nh_black__upper_middle__elderly__mixed,23
17031151002,nh_asian__upper_middle__single_no_children__mixed,55
17031151002,nh_asian__upper_middle__family_with_children__mixed,70
17031151002,nh_asian__upper_middle__elderly__mixed,31
17031151002,hispanic__upper_middle__single_no_children__mixed,857
17031151002,hispanic__upper_middle__family_with_children__mixed,1428
17031151002,hispanic__upper_middle__elderly__mixed,571
17031151002,nh_other__upper_middle__single_no_children__mixed,18
17031151002,nh_other__upper_middle__family_with_children__mixed,14
17031151002,nh_other__upper_middle__elderly__mixed,8
17031160602,nh_white__upper_middle__single_no_children__mixed,644
17031160602,nh_white__upper_middle__family_with_children__mixed,429
17031160602,nh_white__upper_middle__elderly__mixed,358
17031160602,nh_black__upper_middle__single_no_children__mixed,55
17031160602,nh_black__upper_middle__family_with_children__mixed,48
17031160602,nh_black__upper_middle__elderly__mixed,34
17031160602,nh_asian__upper_middle__single_no_children__mixed,91
17031160602,nh_asian__upper_middle__family_with_children__mixed,117
17031160602,nh_asian__upper_middle__elderly__mixed,52
17031160602,hispanic__upper_middle__single_no_children__mixed,496
17031160602,hispanic__upper_middle__family_with_children__mixed,828
17031160602,hispanic__upper_middle__elderly__mixed,331
17031160602,nh_other__upper_middle__single_no_children__mixed,47
17031160602,nh_other__upper_middle__family_with_children__mixed,37
17031160602,nh_other__upper_middle__elderly__mixed,21
17031160502,nh_white__upper_middle__single_no_children__mixed,442
17031160502,nh_white__upper_middle__family_with_children__mixed,295
17031160502,nh_white__upper_middle__elderly__mixed,246
17031160502,nh_black__upper_middle__single_no_children__mixed,49
17031160502,nh_black__upper_middle__family_with_children__mixed,43
17031160502,nh_black__upper_middle__elderly__mixed,31
17031160502,nh_asian__upper_middle__single_no_children__mixed,92
17031160502,nh_asian__upper_middle__family_with_children__mixed,119
17031160502,nh_asian__upper_middle__elderly__mixed,53
17031160502,hispanic__upper_middle__single_no_children__mixed,636
17031160502,hispanic__upper_middle__family_with_children__mixed,1060
17031160502,hispanic__upper_middle__elderly__mixed,424
17031160502,nh_other__upper_middle__single_no_children__mixed,28
17031160502,nh_other__upper_middle__family_with_children__mixed,22
17031160502,nh_other__upper_middle__elderly__mixed,12
17031140601,nh_white__lower_middle__single_no_children__mixed,234
17031140601,nh_white__lower_middle__family_with_children__mixed,156
17031140601,nh_white__lower_middle__elderly__mixed,130
17031140601,nh_black__lower_middle__single_no_children__mixed,20
17031140601,nh_black__lower_middle__family_with_children__mixed,18
17031140601,nh_black__lower_middle__elderly__mixed,13
17031140601,nh_asian__lower_middle__single_no_children__mixed,154
17031140601,nh_asian__lower_middle__family_with_children__mixed,198
17031140601,nh_asian__lower_middle__elderly__mixed,88
17031140601,hispanic__lower_middle__single_no_children__mixed,506
17031140601,hispanic__lower_middle__family_with_children__mixed,843
17031140601,hispanic__lower_middle__elderly__mixed,337
17031140601,nh_other__lower_middle__single_no_children__mixed,40
17031140601,nh_other__lower_middle__family_with_children__mixed,31
17031140601,nh_other__lower_middle__elderly__mixed,18
17031140701,nh_white__lower_middle__single_no_children__mixed,307
17031140701,nh_white__lower_middle__family_with_children__mixed,205
17031140701,nh_white__lower_middle__elderly__mixed,171
17031140701,nh_black__lower_middle__single_no_children__mixed,46
17031140701,nh_black__lower_middle__family_with_children__mixed,40
17031140701,nh_black__lower_middle__elderly__mixed,28
17031140701,nh_asian__lower_middle__single_no_children__mixed,138
17031140701,nh_asian__lower_middle__family_with_children__mixed,178
17031140701,nh_asian__lower_middle__elderly__mixed,79
17031140701,hispanic__lower_middle__single_no_children__mixed,497
17031140701,hispanic__lower_middle__family_with_children__mixed,829
17031140701,hispanic__lower_middle__elderly__mixed,332
17031140701,nh_other__lower_middle__single_no_children__mixed,37
17031140701,nh_other__lower_middle__family_with_children__mixed,29
17031140701,nh_other__lower_middle__elderly__mixed,17
17031140602,nh_white__lower_middle__single_no_children__mixed,452
17031140602,nh_white__lower_middle__family_with_children__mixed,302
17031140602,nh_white__lower_middle__elderly__mixed,251
17031140602,nh_black__lower_middle__single_no_children__mixed,151
17031140602,nh_black__lower_middle__family_with_children__mixed,132
17031140602,nh_black__lower_middle__elderly__mixed,94
17031140602,nh_asian__lower_middle__single_no_children__mixed,190
17031140602,nh_asian__lower_middle__family_with_children__mixed,244
17031140602,nh_asian__lower_middle__elderly__mixed,109
17031140602,hispanic__lower_middle__single_no_children__mixed,1000
17031140602,hispanic__lower_middle__family_with_children__mixed,1666
17031140602,hispanic__lower_middle__elderly__mixed,666
17031140602,nh_other__lower_middle__single_no_children__mixed,63
17031140602,nh_other__lower_middle__family_with_children__mixed,49
17031140602,nh_other__lower_middle__elderly__mixed,28
17031140702,nh_white__lower_middle__single_no_children__mixed,544
17031140702,nh_white__lower_middle__family_with_children__mixed,363
17031140702,nh_white__lower_middle__elderly__mixed,302
17031140702,nh_black__lower_middle__single_no_children__mixed,90
17031140702,nh_black__lower_middle__family_with_children__mixed,79
17031140702,nh_black__lower_middle__elderly__mixed,56
17031140702,nh_asian__lower_middle__single_no_children__mixed,167
17031140702,nh_asian__lower_middle__family_with_children__mixed,215
17031140702,nh_asian__lower_middle__elderly__mixed,95
17031140702,hispanic__lower_middle__single_no_children__mixed,1246
17031140702,hispanic__lower_middle__family_with_children__mixed,2076
17031140702,hispanic__lower_middle__elderly__mixed,831
17031140702,nh_other__lower_middle__single_no_children__mixed,55
17031140702,nh_other__lower_middle__family_with_children__mixed,43
17031140702,nh_other__lower_middle__elderly__mixed,25
17031140301,nh_white__lower_middle__single_no_children__mixed,164
17031140301,nh_white__lower_middle__family_with_children__mixed,109
17031140301,nh_white__lower_middle__elderly__mixed,91
17031140301,nh_black__lower_middle__single_no_children__mixed,42
17031140301,nh_black__lower_middle__family_with_children__mixed,37
17031140301,nh_black__lower_middle__elderly__mixed,26
17031140301,nh_asian__lower_middle__single_no_children__mixed,257
17031140301,nh_asian__lower_middle__family_with_children__mixed,331
17031140301,nh_asian__lower_middle__elderly__mixed,147
17031140301,hispanic__lower_middle__single_no_children__mixed,471
17031140301,hispanic__lower_middle__family_with_children__mixed,786
17031140301,hispanic__lower_middle__elderly__mixed,314
17031140301,nh_other__lower_middle__single_no_children__mixed,52
17031140301,nh_other__lower_middle__family_with_children__mixed,40
17031140301,nh_other__lower_middle__elderly__mixed,23
17031841800,nh_white__lower_middle__single_no_children__black_dominant,14
17031841800,nh_white__lower_middle__family_with_children__black_dominant,10
17031841800,nh_white__lower_middle__elderly__black_dominant,8
17031841800,nh_black__lower_middle__single_no_children__black_dominant,958
17031841800,nh_black__lower_middle__family_with_children__black_dominant,839
17031841800,nh_black__lower_middle__elderly__black_dominant,599
17031841800,hispanic__lower_middle__single_no_children__black_dominant,12
17031841800,hispanic__lower_middle__family_with_children__black_dominant,20
17031841800,hispanic__lower_middle__elderly__black_dominant,8
17031841800,nh_other__lower_middle__single_no_children__black_dominant,17
17031841800,nh_other__lower_middle__family_with_children__black_dominant,13
17031841800,nh_other__lower_middle__elderly__black_dominant,7
17031842500,nh_white__lower_middle__single_no_children__black_dominant,3
17031842500,nh_white__lower_middle__family_with_children__black_dominant,2
17031842500,nh_white__lower_middle__elderly__black_dominant,2
17031842500,nh_black__lower_middle__single_no_children__black_dominant,960
17031842500,nh_black__lower_middle__family_with_children__black_dominant,840
17031842500,nh_black__lower_middle__elderly__black_dominant,600
17031842500,nh_asian__lower_middle__single_no_children__black_dominant,2
17031842500,nh_asian__lower_middle__family_with_children__black_dominant,3
17031842500,nh_asian__lower_middle__elderly__black_dominant,1
17031842500,hispanic__lower_middle__single_no_children__black_dominant,6
17031842500,hispanic__lower_middle__family_with_children__black_dominant,10
17031842500,hispanic__lower_middle__elderly__black_dominant,4
17031842500,nh_other__lower_middle__single_no_children__black_dominant,7
17031842500,nh_other__lower_middle__family_with_children__black_dominant,6
17031842500,nh_other__lower_middle__elderly__black_dominant,3
17031842600,nh_white__low__single_no_children__mixed,846
17031842600,nh_white__low__family_with_children__mixed,705
17031842600,nh_white__low__elderly__mixed,463
17031842600,nh_black__low__single_no_children__mixed,55
17031842600,nh_black__low__family_with_children__mixed,60
17031842600,nh_black__low__elderly__mixed,34
17031842600,nh_asian__low__single_no_children__mixed,130
17031842600,nh_asian__low__family_with_children__mixed,202
17031842600,nh_asian__low__elderly__mixed,73
17031842600,hispanic__low__single_no_children__mixed,411
17031842600,hispanic__low__family_with_children__mixed,838
17031842600,hispanic__low__elderly__mixed,274
17031842600,nh_other__low__single_no_children__mixed,17
17031842600,nh_other__low__family_with_children__mixed,16
17031842600,nh_other__low__elderly__mixed,7
17031842000,nh_white__upper_middle__single_no_children__mixed,432
17031842000,nh_white__upper_middle__family_with_children__mixed,288
17031842000,nh_white__upper_middle__elderly__mixed,240
17031842000,nh_black__upper_middle__single_no_children__mixed,423
17031842000,nh_black__upper_middle__family_with_children__mixed,370
17031842000,nh_black__upper_middle__elderly__mixed,264
17031842000,nh_asian__upper_middle__single_no_children__mixed,180
17031842000,nh_asian__upper_middle__family_with_children__mixed,232
17031842000,nh_asian__upper_middle__elderly__mixed,103
17031842000,hispanic__upper_middle__single_no_children__mixed,41
17031842000,hispanic__upper_middle__family_with_children__mixed,68
17031842000,hispanic__upper_middle__elderly__mixed,27
17031842000,nh_other__upper_middle__single_no_children__mixed,33
17031842000,nh_other__upper_middle__family_with_children__mixed,26
17031842000,nh_other__upper_middle__elderly__mixed,15
17031843500,nh_white__low__single_no_children__mixed,632
17031843500,nh_white__low__family_with_children__mixed,526
17031843500,nh_white__low__elderly__mixed,346
17031843500,nh_black__low__single_no_children__mixed,2795
17031843500,nh_black__low__family_with_children__mixed,3022
17031843500,nh_black__low__elderly__mixed,1738
17031843500,nh_asian__low__single_no_children__mixed,6
17031843500,nh_asian__low__family_with_children__mixed,10
17031843500,nh_asian__low__elderly__mixed,3
17031843500,hispanic__low__single_no_children__mixed,595
17031843500,hispanic__low__family_with_children__mixed,1213
17031843500,hispanic__low__elderly__mixed,397
17031843500,nh_other__low__single_no_children__mixed,11
17031843500,nh_other__low__family_with_children__mixed,10
17031843500,nh_other__low__elderly__mixed,5
17031843400,nh_white__low__single_no_children__black_dominant,3
17031843400,nh_white__low__family_with_children__black_dominant,2
17031843400,nh_white__low__elderly__black_dominant,2
17031843400,nh_black__low__single_no_children__black_dominant,479
17031843400,nh_black__low__family_with_children__black_dominant,518
17031843400,nh_black__low__elderly__black_dominant,298
17031843400,hispanic__low__single_no_children__black_dominant,35
17031843400,hispanic__low__family_with_children__black_dominant,72
17031843400,hispanic__low__elderly__black_dominant,23
17031843400,nh_other__low__single_no_children__black_dominant,8
17031843400,nh_other__low__family_with_children__black_dominant,8
17031843400,nh_other__low__elderly__black_dominant,4
17031843200,nh_white__lower_middle__single_no_children__hispanic_dominant,139
17031843200,nh_white__lower_middle__family_with_children__hispanic_dominant,93
17031843200,nh_white__lower_middle__elderly__hispanic_dominant,77
17031843200,nh_black__lower_middle__single_no_children__hispanic_dominant,20
17031843200,nh_black__lower_middle__family_with_children__hispanic_dominant,17
17031843200,nh_black__lower_middle__elderly__hispanic_dominant,12
17031843200,nh_asian__lower_middle__single_no_children__hispanic_dominant,17
17031843200,nh_asian__lower_middle__family_with_children__hispanic_dominant,22
17031843200,nh_asian__lower_middle__elderly__hispanic_dominant,10
17031843200,hispanic__lower_middle__single_no_children__hispanic_dominant,706
17031843200,hispanic__lower_middle__family_with_children__hispanic_dominant,1176
17031843200,hispanic__lower_middle__elderly__hispanic_dominant,470
17031843200,nh_other__lower_middle__single_no_children__hispanic_dominant,10
17031843200,nh_other__lower_middle__family_with_children__hispanic_dominant,8
17031843200,nh_other__lower_middle__elderly__hispanic_dominant,4
17031140302,nh_white__lower_middle__single_no_children__mixed,571
17031140302,nh_white__lower_middle__family_with_children__mixed,381
17031140302,nh_white__lower_middle__elderly__mixed,317
17031140302,nh_black__lower_middle__single_no_children__mixed,86
17031140302,nh_black__lower_middle__family_with_children__mixed,75
17031140302,nh_black__lower_middle__elderly__mixed,54
17031140302,nh_asian__lower_middle__single_no_children__mixed,350
17031140302,nh_asian__lower_middle__family_with_children__mixed,450
17031140302,nh_asian__lower_middle__elderly__mixed,200
17031140302,hispanic__lower_middle__single_no_children__mixed,509
17031140302,hispanic__lower_middle__family_with_children__mixed,849
17031140302,hispanic__lower_middle__elderly__mixed,340
17031140302,nh_other__lower_middle__single_no_children__mixed,73
17031140302,nh_other__lower_middle__family_with_children__mixed,57
17031140302,nh_other__lower_middle__elderly__mixed,33
17031150402,nh_white__upper_middle__single_no_children__mixed,1066
17031150402,nh_white__upper_middle__family_with_children__mixed,711
17031150402,nh_white__upper_middle__elderly__mixed,592
17031150402,nh_black__upper_middle__single_no_children__mixed,12
17031150402,nh_black__upper_middle__family_with_children__mixed,10
17031150402,nh_black__upper_middle__elderly__mixed,7
17031150402,nh_asian__upper_middle__single_no_children__mixed,69
17031150402,nh_asian__upper_middle__family_with_children__mixed,89
17031150402,nh_asian__upper_middle__elderly__mixed,40
17031150402,hispanic__upper_middle__single_no_children__mixed,367
17031150402,hispanic__upper_middle__family_with_children__mixed,612
17031150402,hispanic__upper_middle__elderly__mixed,245
17031150402,nh_other__upper_middle__single_no_children__mixed,29
17031150402,nh_other__upper_middle__family_with_children__mixed,23
17031150402,nh_other__upper_middle__elderly__mixed,13
17031110501,nh_white__upper_middle__single_no_children__mixed,1274
17031110501,nh_white__upper_middle__family_with_children__mixed,850
17031110501,nh_white__upper_middle__elderly__mixed,708
17031110501,nh_black__upper_middle__single_no_children__mixed,22
17031110501,nh_black__upper_middle__family_with_children__mixed,19
17031110501,nh_black__upper_middle__elderly__mixed,14
17031110501,nh_asian__upper_middle__single_no_children__mixed,196
17031110501,nh_asian__upper_middle__family_with_children__mixed,252
17031110501,nh_asian__upper_middle__elderly__mixed,112
17031110501,hispanic__upper_middle__single_no_children__mixed,328
17031110501,hispanic__upper_middle__family_with_children__mixed,546
17031110501,hispanic__upper_middle__elderly__mixed,218
17031110501,nh_other__upper_middle__single_no_children__mixed,45
17031110501,nh_other__upper_middle__family_with_children__mixed,35
17031110501,nh_other__upper_middle__elderly__mixed,20
17031110502,nh_white__upper_middle__single_no_children__mixed,945
17031110502,nh_white__upper_middle__family_with_children__mixed,630
17031110502,nh_white__upper_middle__elderly__mixed,525
17031110502,nh_black__upper_middle__single_no_children__mixed,18
17031110502,nh_black__upper_middle__family_with_children__mixed,15
17031110502,nh_black__upper_middle__elderly__mixed,11
17031110502,nh_asian__upper_middle__single_no_children__mixed,114
17031110502,nh_asian__upper_middle__family_with_children__mixed,147
17031110502,nh_asian__upper_middle__elderly__mixed,65
17031110502,hispanic__upper_middle__single_no_children__mixed,195
17031110502,hispanic__upper_middle__family_with_children__mixed,325
17031110502,hispanic__upper_middle__elderly__mixed,130
17031110502,nh_other__upper_middle__single_no_children__mixed,41
17031110502,nh_other__upper_middle__family_with_children__mixed,32
17031110502,nh_other__upper_middle__elderly__mixed,18
17031760802,nh_white__upper_middle__single_no_children__white_dominant,932
17031760802,nh_white__upper_middle__family_with_children__white_dominant,622
17031760802,nh_white__upper_middle__elderly__white_dominant,518
17031760802,nh_black__upper_middle__single_no_children__white_dominant,2
17031760802,nh_black__upper_middle__family_with_children__white_dominant,2
17031760802,nh_black__upper_middle__elderly__white_dominant,1
17031760802,nh_asian__upper_middle__single_no_children__white_dominant,19
17031760802,nh_asian__upper_middle__family_with_children__white_dominant,24
17031760802,nh_asian__upper_middle__elderly__white_dominant,11
17031760802,hispanic__upper_middle__single_no_children__white_dominant,40
17031760802,hispanic__upper_middle__family_with_children__white_dominant,66
17031760802,hispanic__upper_middle__elderly__white_dominant,27
17031760802,nh_other__upper_middle__single_no_children__white_dominant,6
17031760802,nh_other__upper_middle__family_with_children__white_dominant,5
17031760802,nh_other__upper_middle__elderly__white_dominant,3
17031150502,nh_white__upper_middle__single_no_children__mixed,1138
17031150502,nh_white__upper_middle__family_with_children__mixed,758
17031150502,nh_white__upper_middle__elderly__mixed,632
17031150502,nh_black__upper_middle__single_no_children__mixed,33
17031150502,nh_black__upper_middle__family_with_children__mixed,29
17031150502,nh_black__upper_middle__elderly__mixed,20
17031150502,nh_asian__upper_middle__single_no_children__mixed,94
17031150502,nh_asian__upper_middle__family_with_children__mixed,122
17031150502,nh_asian__upper_middle__elderly__mixed,54
17031150502,hispanic__upper_middle__single_no_children__mixed,379
17031150502,hispanic__upper_middle__family_with_children__mixed,631
17031150502,hispanic__upper_middle__elderly__mixed,252
17031150502,nh_other__upper_middle__single_no_children__mixed,28
17031150502,nh_other__upper_middle__family_with_children__mixed,22
17031150502,nh_other__upper_middle__elderly__mixed,13
17031150401,nh_white__upper_middle__single_no_children__mixed,1466
17031150401,nh_white__upper_middle__family_with_children__mixed,977
17031150401,nh_white__upper_middle__elderly__mixed,814
17031150401,nh_black__upper_middle__single_no_children__mixed,8
17031150401,nh_black__upper_middle__family_with_children__mixed,7
17031150401,nh_black__upper_middle__elderly__mixed,5
17031150401,nh_asian__upper_middle__single_no_children__mixed,84
17031150401,nh_asian__upper_middle__family_with_children__mixed,108
17031150401,nh_asian__upper_middle__elderly__mixed,48
17031150401,hispanic__upper_middle__single_no_children__mixed,360
17031150401,hispanic__upper_middle__family_with_children__mixed,600
17031150401,hispanic__upper_middle__elderly__mixed,240
17031150401,nh_other__upper_middle__single_no_children__mixed,35
17031150401,nh_other__upper_middle__family_with_children__mixed,27
17031150401,nh_other__upper_middle__elderly__mixed,15
17031150501,nh_white__upper_middle__single_no_children__white_dominant,1160
17031150501,nh_white__upper_middle__family_with_children__white_dominant,773
17031150501,nh_white__upper_middle__elderly__white_dominant,644
17031150501,nh_black__upper_middle__single_no_children__white_dominant,7
17031150501,nh_black__upper_middle__family_with_children__white_dominant,6
17031150501,nh_black__upper_middle__elderly__white_dominant,4
17031150501,nh_asian__upper_middle__single_no_children__white_dominant,74
17031150501,nh_asian__upper_middle__family_with_children__white_dominant,95
17031150501,nh_asian__upper_middle__elderly__white_dominant,42
17031150501,hispanic__upper_middle__single_no_children__white_dominant,236
17031150501,hispanic__upper_middle__family_with_children__white_dominant,393
17031150501,hispanic__upper_middle__elderly__white_dominant,157
17031150501,nh_other__upper_middle__single_no_children__white_dominant,25
17031150501,nh_other__upper_middle__family_with_children__white_dominant,20
17031150501,nh_other__upper_middle__elderly__white_dominant,11
17031842900,nh_white__high__single_no_children__black_dominant,136
17031842900,nh_white__high__family_with_children__black_dominant,68
17031842900,nh_white__high__elderly__black_dominant,68
17031842900,nh_black__high__single_no_children__black_dominant,834
17031842900,nh_black__high__family_with_children__black_dominant,556
17031842900,nh_black__high__elderly__black_dominant,464
17031842900,nh_asian__high__single_no_children__black_dominant,10
17031842900,nh_asian__high__family_with_children__black_dominant,10
17031842900,nh_asian__high__elderly__black_dominant,5
17031842900,hispanic__high__single_no_children__black_dominant,53
17031842900,hispanic__high__family_with_children__black_dominant,68
17031842900,hispanic__high__elderly__black_dominant,30
17031842900,nh_other__high__single_no_children__black_dominant,19
17031842900,nh_other__high__family_with_children__black_dominant,11
17031842900,nh_other__high__elderly__black_dominant,8
17031841900,nh_white__high__single_no_children__mixed,1170
17031841900,nh_white__high__family_with_children__mixed,585
17031841900,nh_white__high__elderly__mixed,585
17031841900,nh_black__high__single_no_children__mixed,358
17031841900,nh_black__high__family_with_children__mixed,239
17031841900,nh_black__high__elderly__mixed,199
17031841900,nh_asian__high__single_no_children__mixed,412
17031841900,nh_asian__high__family_with_children__mixed,412
17031841900,nh_asian__high__elderly__mixed,206
17031841900,hispanic__high__single_no_children__mixed,173
17031841900,hispanic__high__family_with_children__mixed,222
17031841900,hispanic__high__elderly__mixed,99
17031841900,nh_other__high__single_no_children__mixed,102
17031841900,nh_other__high__family_with_children__mixed,62
17031841900,nh_other__high__elderly__mixed,41
17031843100,nh_white__low__single_no_children__black_dominant,37
17031843100,nh_white__low__family_with_children__black_dominant,31
17031843100,nh_white__low__elderly__black_dominant,20
17031843100,nh_black__low__single_no_children__black_dominant,636
17031843100,nh_black__low__family_with_children__black_dominant,687
17031843100,nh_black__low__elderly__black_dominant,395
17031843100,nh_asian__low__single_no_children__black_dominant,4
17031843100,nh_asian__low__family_with_children__black_dominant,6
17031843100,nh_asian__low__elderly__black_dominant,2
17031843100,hispanic__low__single_no_children__black_dominant,15
17031843100,hispanic__low__family_with_children__black_dominant,31
17031843100,hispanic__low__elderly__black_dominant,10
17031843100,nh_other__low__single_no_children__black_dominant,7
17031843100,nh_other__low__family_with_children__black_dominant,6
17031843100,nh_other__low__elderly__black_dominant,3
17031843000,nh_white__low__single_no_children__black_dominant,1
17031843000,nh_white__low__family_with_children__black_dominant,1
17031843000,nh_white__low__elderly__black_dominant,1
17031843000,nh_black__low__single_no_children__black_dominant,857
17031843000,nh_black__low__family_with_children__black_dominant,926
17031843000,nh_black__low__elderly__black_dominant,532
17031843000,nh_asian__low__single_no_children__black_dominant,1
17031843000,nh_asian__low__family_with_children__black_dominant,1
17031843000,nh_asian__low__elderly__black_dominant,1
17031843000,hispanic__low__single_no_children__black_dominant,12
17031843000,hispanic__low__family_with_children__black_dominant,24
17031843000,hispanic__low__elderly__black_dominant,8
17031843000,nh_other__low__single_no_children__black_dominant,8
17031843000,nh_other__low__family_with_children__black_dominant,7
17031843000,nh_other__low__elderly__black_dominant,3
17031843300,nh_white__low__single_no_children__mixed,18
17031843300,nh_white__low__family_with_children__mixed,15
17031843300,nh_white__low__elderly__mixed,10
17031843300,nh_black__low__single_no_children__mixed,282
17031843300,nh_black__low__family_with_children__mixed,305
17031843300,nh_black__low__elderly__mixed,175
17031843300,nh_asian__low__single_no_children__mixed,3
17031843300,nh_asian__low__family_with_children__mixed,5
17031843300,nh_asian__low__elderly__mixed,2
17031843300,hispanic__low__single_no_children__mixed,108
17031843300,hispanic__low__family_with_children__mixed,221
17031843300,hispanic__low__elderly__mixed,72
17031843300,nh_other__low__single_no_children__mixed,5
17031843300,nh_other__low__family_with_children__mixed,4
17031843300,nh_other__low__elderly__mixed,2
17031842100,nh_white__low__single_no_children__mixed,61
17031842100,nh_white__low__family_with_children__mixed,51
17031842100,nh_white__low__elderly__mixed,34
17031842100,nh_black__low__single_no_children__mixed,1461
17031842100,nh_black__low__family_with_children__mixed,1580
17031842100,nh_black__low__elderly__mixed,908
17031842100,nh_asian__low__single_no_children__mixed,8
17031842100,nh_asian__low__family_with_children__mixed,13
17031842100,nh_asian__low__elderly__mixed,5
17031842100,hispanic__low__single_no_children__mixed,692
17031842100,hispanic__low__family_with_children__mixed,1409
17031842100,hispanic__low__elderly__mixed,461
17031842100,nh_other__low__single_no_children__mixed,20
17031842100,nh_other__low__family_with_children__mixed,19
17031842100,nh_other__low__elderly__mixed,9
17031080201,nh_white__high__single_no_children__white_dominant,1432
17031080201,nh_white__high__family_with_children__white_dominant,716
17031080201,nh_white__high__elderly__white_dominant,716
17031080201,nh_black__high__single_no_children__white_dominant,47
17031080201,nh_black__high__family_with_children__white_dominant,32
17031080201,nh_black__high__elderly__white_dominant,26
17031080201,nh_asian__high__single_no_children__white_dominant,58
17031080201,nh_asian__high__family_with_children__white_dominant,58
17031080201,nh_asian__high__elderly__white_dominant,29
17031080201,hispanic__high__single_no_children__white_dominant,41
17031080201,hispanic__high__family_with_children__white_dominant,53
17031080201,hispanic__high__elderly__white_dominant,23
17031080201,nh_other__high__single_no_children__white_dominant,28
17031080201,nh_other__high__family_with_children__white_dominant,17
17031080201,nh_other__high__elderly__white_dominant,11
17031080202,nh_white__high__single_no_children__white_dominant,1497
17031080202,nh_white__high__family_with_children__white_dominant,748
17031080202,nh_white__high__elderly__white_dominant,748
17031080202,nh_black__high__single_no_children__white_dominant,34
17031080202,nh_black__high__family_with_children__white_dominant,23
17031080202,nh_black__high__elderly__white_dominant,19
17031080202,nh_asian__high__single_no_children__white_dominant,86
17031080202,nh_asian__high__family_with_children__white_dominant,86
17031080202,nh_asian__high__elderly__white_dominant,43
17031080202,hispanic__high__single_no_children__white_dominant,55
17031080202,hispanic__high__family_with_children__white_dominant,71
17031080202,hispanic__high__elderly__white_dominant,32
17031080202,nh_other__high__single_no_children__white_dominant,28
17031080202,nh_other__high__family_with_children__white_dominant,17
17031080202,nh_other__high__elderly__white_dominant,11
17031070101,nh_white__high__single_no_children__white_dominant,1610
17031070101,nh_white__high__family_with_children__white_dominant,805
17031070101,nh_white__high__elderly__white_dominant,805
17031070101,nh_black__high__single_no_children__white_dominant,34
17031070101,nh_black__high__family_with_children__white_dominant,23
17031070101,nh_black__high__elderly__white_dominant,19
17031070101,nh_asian__high__single_no_children__white_dominant,104
17031070101,nh_asian__high__family_with_children__white_dominant,104
17031070101,nh_asian__high__elderly__white_dominant,52
17031070101,hispanic__high__single_no_children__white_dominant,56
17031070101,hispanic__high__family_with_children__white_dominant,72
17031070101,hispanic__high__elderly__white_dominant,32
17031070101,nh_other__high__single_no_children__white_dominant,41
17031070101,nh_other__high__family_with_children__white_dominant,25
17031070101,nh_other__high__elderly__white_dominant,16
17031063301,nh_white__high__single_no_children__white_dominant,996
17031063301,nh_white__high__family_with_children__white_dominant,498
17031063301,nh_white__high__elderly__white_dominant,498
17031063301,nh_black__high__single_no_children__white_dominant,78
17031063301,nh_black__high__family_with_children__white_dominant,52
17031063301,nh_black__high__elderly__white_dominant,44
17031063301,nh_asian__high__single_no_children__white_dominant,99
17031063301,nh_asian__high__family_with_children__white_dominant,99
17031063301,nh_asian__high__elderly__white_dominant,50
17031063301,hispanic__high__single_no_children__white_dominant,58
17031063301,hispanic__high__family_with_children__white_dominant,74
17031063301,hispanic__high__elderly__white_dominant,33
17031063301,nh_other__high__single_no_children__white_dominant,30
17031063301,nh_other__high__family_with_children__white_dominant,18
17031063301,nh_other__high__elderly__white_dominant,12
17031070102,nh_white__high__single_no_children__white_dominant,984
17031070102,nh_white__high__family_with_children__white_dominant,492
17031070102,nh_white__high__elderly__white_dominant,492
17031070102,nh_black__high__single_no_children__white_dominant,30
17031070102,nh_black__high__family_with_children__white_dominant,20
17031070102,nh_black__high__elderly__white_dominant,16
17031070102,nh_asian__high__single_no_children__white_dominant,73
17031070102,nh_asian__high__family_with_children__white_dominant,73
17031070102,nh_asian__high__elderly__white_dominant,36
17031070102,hispanic__high__single_no_children__white_dominant,52
17031070102,hispanic__high__family_with_children__white_dominant,68
17031070102,hispanic__high__elderly__white_dominant,30
17031070102,nh_other__high__single_no_children__white_dominant,23
17031070102,nh_other__high__family_with_children__white_dominant,14
17031070102,nh_other__high__elderly__white_dominant,9
17031063303,nh_white__high__single_no_children__white_dominant,528
17031063303,nh_white__high__family_with_children__white_dominant,264
17031063303,nh_white__high__elderly__white_dominant,264
17031063303,nh_black__high__single_no_children__white_dominant,6
17031063303,nh_black__high__family_with_children__white_dominant,4
17031063303,nh_black__high__elderly__white_dominant,4
17031063303,nh_asian__high__single_no_children__white_dominant,34
17031063303,nh_asian__high__family_with_children__white_dominant,34
17031063303,nh_asian__high__elderly__white_dominant,17
17031063303,hispanic__high__single_no_children__white_dominant,10
17031063303,hispanic__high__family_with_children__white_dominant,13
17031063303,hispanic__high__elderly__white_dominant,6
17031063303,nh_other__high__single_no_children__white_dominant,10
17031063303,nh_other__high__family_with_children__white_dominant,6
17031063303,nh_other__high__elderly__white_dominant,4
17031081201,nh_white__high__single_no_children__white_dominant,1642
17031081201,nh_white__high__family_with_children__white_dominant,821
17031081201,nh_white__high__elderly__white_dominant,821
17031081201,nh_black__high__single_no_children__white_dominant,77
17031081201,nh_black__high__family_with_children__white_dominant,52
17031081201,nh_black__high__elderly__white_dominant,43
17031081201,nh_asian__high__single_no_children__white_dominant,126
17031081201,nh_asian__high__family_with_children__white_dominant,126
17031081201,nh_asian__high__elderly__white_dominant,63
17031081201,hispanic__high__single_no_children__white_dominant,72
17031081201,hispanic__high__family_with_children__white_dominant,93
17031081201,hispanic__high__elderly__white_dominant,41
17031081201,nh_other__high__single_no_children__white_dominant,40
17031081201,nh_other__high__family_with_children__white_dominant,24
17031081201,nh_other__high__elderly__white_dominant,16
17031031501,nh_white__high__single_no_children__mixed,682
17031031501,nh_white__high__family_with_children__mixed,341
17031031501,nh_white__high__elderly__mixed,341
17031031501,nh_black__high__single_no_children__mixed,524
17031031501,nh_black__high__family_with_children__mixed,349
17031031501,nh_black__high__elderly__mixed,291
17031031501,nh_asian__high__single_no_children__mixed,378
17031031501,nh_asian__high__family_with_children__mixed,378
17031031501,nh_asian__high__elderly__mixed,189
17031031501,hispanic__high__single_no_children__mixed,180
17031031501,hispanic__high__family_with_children__mixed,232
17031031501,hispanic__high__elderly__mixed,103
17031031501,nh_other__high__single_no_children__mixed,48
17031031501,nh_other__high__family_with_children__mixed,28
17031031501,nh_other__high__elderly__mixed,19
17031031502,nh_white__high__single_no_children__mixed,668
17031031502,nh_white__high__family_with_children__mixed,334
17031031502,nh_white__high__elderly__mixed,334
17031031502,nh_black__high__single_no_children__mixed,861
17031031502,nh_black__high__family_with_children__mixed,574
17031031502,nh_black__high__elderly__mixed,478
17031031502,nh_asian__high__single_no_children__mixed,138
17031031502,nh_asian__high__family_with_children__mixed,138
17031031502,nh_asian__high__elderly__mixed,69
17031031502,hispanic__high__single_no_children__mixed,207
17031031502,hispanic__high__family_with_children__mixed,266
17031031502,hispanic__high__elderly__mixed,118
17031031502,nh_other__high__single_no_children__mixed,84
17031031502,nh_other__high__family_with_children__mixed,50
17031031502,nh_other__high__elderly__mixed,33
17031040402,nh_white__high__single_no_children__mixed,1546
17031040402,nh_white__high__family_with_children__mixed,773
17031040402,nh_white__high__elderly__mixed,773
17031040402,nh_black__high__single_no_children__mixed,55
17031040402,nh_black__high__family_with_children__mixed,37
17031040402,nh_black__high__elderly__mixed,30
17031040402,nh_asian__high__single_no_children__mixed,110
17031040402,nh_asian__high__family_with_children__mixed,110
17031040402,nh_asian__high__elderly__mixed,55
17031040402,hispanic__high__single_no_children__mixed,296
17031040402,hispanic__high__family_with_children__mixed,381
17031040402,hispanic__high__elderly__mixed,169
17031040402,nh_other__high__single_no_children__mixed,67
17031040402,nh_other__high__family_with_children__mixed,40
17031040402,nh_other__high__elderly__mixed,27
17031220702,nh_white__upper_middle__single_no_children__hispanic_dominant,357
17031220702,nh_white__upper_middle__family_with_children__hispanic_dominant,238
17031220702,nh_white__upper_middle__elderly__hispanic_dominant,198
17031220702,nh_black__upper_middle__single_no_children__hispanic_dominant,86
17031220702,nh_black__upper_middle__family_with_children__hispanic_dominant,75
17031220702,nh_black__upper_middle__elderly__hispanic_dominant,54
17031220702,nh_asian__upper_middle__single_no_children__hispanic_dominant,18
17031220702,nh_asian__upper_middle__family_with_children__hispanic_dominant,23
17031220702,nh_asian__upper_middle__elderly__hispanic_dominant,10
17031220702,hispanic__upper_middle__single_no_children__hispanic_dominant,883
17031220702,hispanic__upper_middle__family_with_children__hispanic_dominant,1471
17031220702,hispanic__upper_middle__elderly__hispanic_dominant,588
17031220702,nh_other__upper_middle__single_no_children__hispanic_dominant,26
17031220702,nh_other__upper_middle__family_with_children__hispanic_dominant,20
17031220702,nh_other__upper_middle__elderly__hispanic_dominant,11
17031842200,nh_white__high__single_no_children__mixed,602
17031842200,nh_white__high__family_with_children__mixed,301
17031842200,nh_white__high__elderly__mixed,301
17031842200,nh_black__high__single_no_children__mixed,453
17031842200,nh_black__high__family_with_children__mixed,302
17031842200,nh_black__high__elderly__mixed,252
17031842200,nh_asian__high__single_no_children__mixed,83
17031842200,nh_asian__high__family_with_children__mixed,83
17031842200,nh_asian__high__elderly__mixed,42
17031842200,hispanic__high__single_no_children__mixed,47
17031842200,hispanic__high__family_with_children__mixed,61
17031842200,hispanic__high__elderly__mixed,27
17031842200,nh_other__high__single_no_children__mixed,24
17031842200,nh_other__high__family_with_children__mixed,14
17031842200,nh_other__high__elderly__mixed,10
17031842300,nh_white__high__single_no_children__mixed,1046
17031842300,nh_white__high__family_with_children__mixed,523
17031842300,nh_white__high__elderly__mixed,523
17031842300,nh_black__high__single_no_children__mixed,247
17031842300,nh_black__high__family_with_children__mixed,165
17031842300,nh_black__high__elderly__mixed,137
17031842300,nh_asian__high__single_no_children__mixed,66
17031842300,nh_asian__high__family_with_children__mixed,66
17031842300,nh_asian__high__elderly__mixed,33
17031842300,hispanic__high__single_no_children__mixed,122
17031842300,hispanic__high__family_with_children__mixed,157
17031842300,hispanic__high__elderly__mixed,70
17031842300,nh_other__high__single_no_children__mixed,44
17031842300,nh_other__high__family_with_children__mixed,27
17031842300,nh_other__high__elderly__mixed,18
17031843700,nh_white__high__single_no_children__mixed,694
17031843700,nh_white__high__family_with_children__mixed,347
17031843700,nh_white__high__elderly__mixed,347
17031843700,nh_black__high__single_no_children__mixed,42
17031843700,nh_black__high__family_with_children__mixed,28
17031843700,nh_black__high__elderly__mixed,23
17031843700,nh_asian__high__single_no_children__mixed,35
17031843700,nh_asian__high__family_with_children__mixed,35
17031843700,nh_asian__high__elderly__mixed,18
17031843700,hispanic__high__single_no_children__mixed,181
17031843700,hispanic__high__family_with_children__mixed,232
17031843700,hispanic__high__elderly__mixed,103
17031843700,nh_other__high__single_no_children__mixed,16
17031843700,nh_other__high__family_with_children__mixed,10
17031843700,nh_other__high__elderly__mixed,7
17031834900,nh_white__low__single_no_children__black_dominant,8
17031834900,nh_white__low__family_with_children__black_dominant,6
17031834900,nh_white__low__elderly__black_dominant,4
17031834900,nh_black__low__single_no_children__black_dominant,814
17031834900,nh_black__low__family_with_children__black_dominant,880
17031834900,nh_black__low__elderly__black_dominant,506
17031834900,nh_asian__low__single_no_children__black_dominant,1
17031834900,nh_asian__low__family_with_children__black_dominant,1
17031834900,nh_asian__low__elderly__black_dominant,1
17031834900,hispanic__low__single_no_children__black_dominant,5
17031834900,hispanic__low__family_with_children__black_dominant,10
17031834900,hispanic__low__elderly__black_dominant,3
17031834900,nh_other__low__single_no_children__black_dominant,14
17031834900,nh_other__low__family_with_children__black_dominant,13
17031834900,nh_other__low__elderly__black_dominant,6
17031835000,nh_white__low__single_no_children__mixed,51
17031835000,nh_white__low__family_with_children__mixed,42
17031835000,nh_white__low__elderly__mixed,28
17031835000,nh_black__low__single_no_children__mixed,1331
17031835000,nh_black__low__family_with_children__mixed,1439
17031835000,nh_black__low__elderly__mixed,827
17031835000,nh_asian__low__single_no_children__mixed,6
17031835000,nh_asian__low__family_with_children__mixed,9
17031835000,nh_asian__low__elderly__mixed,3
17031835000,hispanic__low__single_no_children__mixed,539
17031835000,hispanic__low__family_with_children__mixed,1099
17031835000,hispanic__low__elderly__mixed,360
17031835000,nh_other__low__single_no_children__mixed,18
17031835000,nh_other__low__family_with_children__mixed,18
17031835000,nh_other__low__elderly__mixed,8
17031835100,nh_white__low__single_no_children__hispanic_dominant,58
17031835100,nh_white__low__family_with_children__hispanic_dominant,48
17031835100,nh_white__low__elderly__hispanic_dominant,32
17031835100,nh_black__low__single_no_children__hispanic_dominant,406
17031835100,nh_black__low__family_with_children__hispanic_dominant,438
17031835100,nh_black__low__elderly__hispanic_dominant,252
17031835100,nh_asian__low__single_no_children__hispanic_dominant,4
17031835100,nh_asian__low__family_with_children__hispanic_dominant,6
17031835100,nh_asian__low__elderly__hispanic_dominant,2
17031835100,hispanic__low__single_no_children__hispanic_dominant,1106
17031835100,hispanic__low__family_with_children__hispanic_dominant,2253
17031835100,hispanic__low__elderly__hispanic_dominant,737
17031835100,nh_other__low__single_no_children__hispanic_dominant,11
17031835100,nh_other__low__family_with_children__hispanic_dominant,11
17031835100,nh_other__low__elderly__hispanic_dominant,5
17031834700,nh_white__low__single_no_children__black_dominant,2
17031834700,nh_white__low__family_with_children__black_dominant,2
17031834700,nh_white__low__elderly__black_dominant,1
17031834700,nh_black__low__single_no_children__black_dominant,739
17031834700,nh_black__low__family_with_children__black_dominant,799
17031834700,nh_black__low__elderly__black_dominant,460
17031834700,nh_asian__low__single_no_children__black_dominant,1
17031834700,nh_asian__low__family_with_children__black_dominant,1
17031834700,nh_asian__low__elderly__black_dominant,1
17031834700,hispanic__low__single_no_children__black_dominant,11
17031834700,hispanic__low__family_with_children__black_dominant,23
17031834700,hispanic__low__elderly__black_dominant,7
17031834700,nh_other__low__single_no_children__black_dominant,14
17031834700,nh_other__low__family_with_children__black_dominant,13
17031834700,nh_other__low__elderly__black_dominant,6
17031834800,nh_white__low__single_no_children__black_dominant,1
17031834800,nh_white__low__family_with_children__black_dominant,1
17031834800,nh_white__low__elderly__black_dominant,1
17031834800,nh_black__low__single_no_children__black_dominant,701
17031834800,nh_black__low__family_with_children__black_dominant,758
17031834800,nh_black__low__elderly__black_dominant,436
17031834800,hispanic__low__single_no_children__black_dominant,6
17031834800,hispanic__low__family_with_children__black_dominant,12
17031834800,hispanic__low__elderly__black_dominant,4
17031834800,nh_other__low__single_no_children__black_dominant,15
17031834800,nh_other__low__family_with_children__black_dominant,14
17031834800,nh_other__low__elderly__black_dominant,6
17031839800,nh_white__lower_middle__single_no_children__asian_enclave,549
17031839800,nh_white__lower_middle__family_with_children__asian_enclave,366
17031839800,nh_white__lower_middle__elderly__asian_enclave,305
17031839800,nh_black__lower_middle__single_no_children__asian_enclave,10
17031839800,nh_black__lower_middle__family_with_children__asian_enclave,9
17031839800,nh_black__lower_middle__elderly__asian_enclave,6
17031839800,nh_asian__lower_middle__single_no_children__asian_enclave,290
17031839800,nh_asian__lower_middle__family_with_children__asian_enclave,374
17031839800,nh_asian__lower_middle__elderly__asian_enclave,166
17031839800,hispanic__lower_middle__single_no_children__asian_enclave,183
17031839800,hispanic__lower_middle__family_with_children__asian_enclave,306
17031839800,hispanic__lower_middle__elderly__asian_enclave,122
17031839800,nh_other__lower_middle__single_no_children__asian_enclave,20
17031839800,nh_other__lower_middle__family_with_children__asian_enclave,15
17031839800,nh_other__lower_middle__elderly__asian_enclave,9
17031839700,nh_white__lower_middle__single_no_children__mixed,754
17031839700,nh_white__lower_middle__family_with_children__mixed,503
17031839700,nh_white__lower_middle__elderly__mixed,419
17031839700,nh_black__lower_middle__single_no_children__mixed,39
17031839700,nh_black__lower_middle__family_with_children__mixed,34
17031839700,nh_black__lower_middle__elderly__mixed,24
17031839700,nh_asian__lower_middle__single_no_children__mixed,247
17031839700,nh_asian__lower_middle__family_with_children__mixed,318
17031839700,nh_asian__lower_middle__elderly__mixed,141
17031839700,hispanic__lower_middle__single_no_children__mixed,533
17031839700,hispanic__lower_middle__family_with_children__mixed,889
17031839700,hispanic__lower_middle__elderly__mixed,356
17031839700,nh_other__lower_middle__single_no_children__mixed,31
17031839700,nh_other__lower_middle__family_with_children__mixed,24
17031839700,nh_other__lower_middle__elderly__mixed,14
17031839900,nh_white__lower_middle__single_no_children__mixed,999
17031839900,nh_white__lower_middle__family_with_children__mixed,666
17031839900,nh_white__lower_middle__elderly__mixed,555
17031839900,nh_black__lower_middle__single_no_children__mixed,24
17031839900,nh_black__lower_middle__family_with_children__mixed,21
17031839900,nh_black__lower_middle__elderly__mixed,15
17031839900,nh_asian__lower_middle__single_no_children__mixed,193
17031839900,nh_asian__lower_middle__family_with_children__mixed,248
17031839900,nh_asian__lower_middle__elderly__mixed,110
17031839900,hispanic__lower_middle__single_no_children__mixed,348
17031839900,hispanic__lower_middle__family_with_children__mixed,580
17031839900,hispanic__lower_middle__elderly__mixed,232
17031839900,nh_other__lower_middle__single_no_children__mixed,40
17031839900,nh_other__lower_middle__family_with_children__mixed,31
17031839900,nh_other__lower_middle__elderly__mixed,18
17031835200,nh_white__upper_middle__single_no_children__mixed,401
17031835200,nh_white__upper_middle__family_with_children__mixed,267
17031835200,nh_white__upper_middle__elderly__mixed,223
17031835200,nh_black__upper_middle__single_no_children__mixed,23
17031835200,nh_black__upper_middle__family_with_children__mixed,20
17031835200,nh_black__upper_middle__elderly__mixed,14
17031835200,nh_asian__upper_middle__single_no_children__mixed,10
17031835200,nh_asian__upper_middle__family_with_children__mixed,13
17031835200,nh_asian__upper_middle__elderly__mixed,6
17031835200,hispanic__upper_middle__single_no_children__mixed,322
17031835200,hispanic__upper_middle__family_with_children__mixed,536
17031835200,hispanic__upper_middle__elderly__mixed,215
17031835200,nh_other__upper_middle__single_no_children__mixed,4
17031835200,nh_other__upper_middle__family_with_children__mixed,3
17031835200,nh_other__upper_middle__elderly__mixed,2
17031838800,nh_white__low__single_no_children__mixed,49
17031838800,nh_white__low__family_with_children__mixed,41
17031838800,nh_white__low__elderly__mixed,27
17031838800,nh_black__low__single_no_children__mixed,640
17031838800,nh_black__low__family_with_children__mixed,692
17031838800,nh_black__low__elderly__mixed,398
17031838800,nh_asian__low__single_no_children__mixed,1
17031838800,nh_asian__low__family_with_children__mixed,1
17031838800,nh_asian__low__elderly__mixed,1
17031838800,hispanic__low__single_no_children__mixed,359
17031838800,hispanic__low__family_with_children__mixed,732
17031838800,hispanic__low__elderly__mixed,240
17031838800,nh_other__low__single_no_children__mixed,23
17031838800,nh_other__low__family_with_children__mixed,22
17031838800,nh_other__low__elderly__mixed,10
17031833900,nh_white__lower_middle__single_no_children__mixed,19
17031833900,nh_white__lower_middle__family_with_children__mixed,13
17031833900,nh_white__lower_middle__elderly__mixed,11
17031833900,nh_black__lower_middle__single_no_children__mixed,547
17031833900,nh_black__lower_middle__family_with_children__mixed,478
17031833900,nh_black__lower_middle__elderly__mixed,342
17031833900,nh_asian__lower_middle__single_no_children__mixed,4
17031833900,nh_asian__lower_middle__family_with_children__mixed,5
17031833900,nh_asian__lower_middle__elderly__mixed,2
17031833900,hispanic__lower_middle__single_no_children__mixed,384
17031833900,hispanic__lower_middle__family_with_children__mixed,640
17031833900,hispanic__lower_middle__elderly__mixed,256
17031833900,nh_other__lower_middle__single_no_children__mixed,6
17031833900,nh_other__lower_middle__family_with_children__mixed,5
17031833900,nh_other__lower_middle__elderly__mixed,3
17031836600,nh_white__low__single_no_children__mixed,105
17031836600,nh_white__low__family_with_children__mixed,87
17031836600,nh_white__low__elderly__mixed,57
17031836600,nh_black__low__single_no_children__mixed,451
17031836600,nh_black__low__family_with_children__mixed,487
17031836600,nh_black__low__elderly__mixed,280
17031836600,nh_asian__low__single_no_children__mixed,8
17031836600,nh_asian__low__family_with_children__mixed,12
17031836600,nh_asian__low__elderly__mixed,4
17031836600,hispanic__low__single_no_children__mixed,398
17031836600,hispanic__low__family_with_children__mixed,811
17031836600,hispanic__low__elderly__mixed,266
17031836600,nh_other__low__single_no_children__mixed,13
17031836600,nh_other__low__family_with_children__mixed,12
17031836600,nh_other__low__elderly__mixed,6
17031836800,nh_white__low__single_no_children__black_dominant,38
17031836800,nh_white__low__family_with_children__black_dominant,31
17031836800,nh_white__low__elderly__black_dominant,21
17031836800,nh_black__low__single_no_children__black_dominant,907
17031836800,nh_black__low__family_with_children__black_dominant,980
17031836800,nh_black__low__elderly__black_dominant,564
17031836800,nh_asian__low__single_no_children__black_dominant,3
17031836800,nh_asian__low__family_with_children__black_dominant,4
17031836800,nh_asian__low__elderly__black_dominant,1
17031836800,hispanic__low__single_no_children__black_dominant,22
17031836800,hispanic__low__family_with_children__black_dominant,46
17031836800,hispanic__low__elderly__black_dominant,15
17031836800,nh_other__low__single_no_children__black_dominant,12
17031836800,nh_other__low__family_with_children__black_dominant,12
17031836800,nh_other__low__elderly__black_dominant,5
17031836700,nh_white__low__single_no_children__black_dominant,38
17031836700,nh_white__low__family_with_children__black_dominant,31
17031836700,nh_white__low__elderly__black_dominant,21
17031836700,nh_black__low__single_no_children__black_dominant,746
17031836700,nh_black__low__family_with_children__black_dominant,806
17031836700,nh_black__low__elderly__black_dominant,463
17031836700,nh_asian__low__single_no_children__black_dominant,2
17031836700,nh_asian__low__family_with_children__black_dominant,2
17031836700,nh_asian__low__elderly__black_dominant,1
17031836700,hispanic__low__single_no_children__black_dominant,70
17031836700,hispanic__low__family_with_children__black_dominant,142
17031836700,hispanic__low__elderly__black_dominant,46
17031836700,nh_other__low__single_no_children__black_dominant,12
17031836700,nh_other__low__family_with_children__black_dominant,12
17031836700,nh_other__low__elderly__black_dominant,5
17031832200,nh_white__upper_middle__single_no_children__white_dominant,1045
17031832200,nh_white__upper_middle__family_with_children__white_dominant,697
17031832200,nh_white__upper_middle__elderly__white_dominant,580
17031832200,nh_black__upper_middle__single_no_children__white_dominant,19
17031832200,nh_black__upper_middle__family_with_children__white_dominant,16
17031832200,nh_black__upper_middle__elderly__white_dominant,12
17031832200,nh_asian__upper_middle__single_no_children__white_dominant,40
17031832200,nh_asian__upper_middle__family_with_children__white_dominant,51
17031832200,nh_asian__upper_middle__elderly__white_dominant,23
17031832200,hispanic__upper_middle__single_no_children__white_dominant,123
17031832200,hispanic__upper_middle__family_with_children__white_dominant,205
17031832200,hispanic__upper_middle__elderly__white_dominant,82
17031832200,nh_other__upper_middle__single_no_children__white_dominant,21
17031832200,nh_other__upper_middle__family_with_children__white_dominant,16
17031832200,nh_other__upper_middle__elderly__white_dominant,9
17031831000,nh_white__upper_middle__single_no_children__white_dominant,779
17031831000,nh_white__upper_middle__family_with_children__white_dominant,520
17031831000,nh_white__upper_middle__elderly__white_dominant,433
17031831000,nh_black__upper_middle__single_no_children__white_dominant,12
17031831000,nh_black__upper_middle__family_with_children__white_dominant,10
17031831000,nh_black__upper_middle__elderly__white_dominant,7
17031831000,nh_asian__upper_middle__single_no_children__white_dominant,51
17031831000,nh_asian__upper_middle__family_with_children__white_dominant,66
17031831000,nh_asian__upper_middle__elderly__white_dominant,29
17031831000,hispanic__upper_middle__single_no_children__white_dominant,57
17031831000,hispanic__upper_middle__family_with_children__white_dominant,94
17031831000,hispanic__upper_middle__elderly__white_dominant,38
17031831000,nh_other__upper_middle__single_no_children__white_dominant,19
17031831000,nh_other__upper_middle__family_with_children__white_dominant,15
17031831000,nh_other__upper_middle__elderly__white_dominant,8
17031832400,nh_white__upper_middle__single_no_children__mixed,626
17031832400,nh_white__upper_middle__family_with_children__mixed,417
17031832400,nh_white__upper_middle__elderly__mixed,348
17031832400,nh_black__upper_middle__single_no_children__mixed,41
17031832400,nh_black__upper_middle__family_with_children__mixed,36
17031832400,nh_black__upper_middle__elderly__mixed,26
17031832400,nh_asian__upper_middle__single_no_children__mixed,43
17031832400,nh_asian__upper_middle__family_with_children__mixed,55
17031832400,nh_asian__upper_middle__elderly__mixed,25
17031832400,hispanic__upper_middle__single_no_children__mixed,448
17031832400,hispanic__upper_middle__family_with_children__mixed,748
17031832400,hispanic__upper_middle__elderly__mixed,299
17031832400,nh_other__upper_middle__single_no_children__mixed,32
17031832400,nh_other__upper_middle__family_with_children__mixed,24
17031832400,nh_other__upper_middle__elderly__mixed,14
17031730202,nh_white__lower_middle__single_no_children__black_dominant,5
17031730202,nh_white__lower_middle__family_with_children__black_dominant,4
17031730202,nh_white__lower_middle__elderly__black_dominant,3
17031730202,nh_black__lower_middle__single_no_children__black_dominant,1219
17031730202,nh_black__lower_middle__family_with_children__black_dominant,1066
17031730202,nh_black__lower_middle__elderly__black_dominant,762
17031730202,nh_asian__lower_middle__single_no_children__black_dominant,1
17031730202,nh_asian__lower_middle__family_with_children__black_dominant,1
17031730202,nh_asian__lower_middle__elderly__black_dominant,1
17031730202,hispanic__lower_middle__single_no_children__black_dominant,6
17031730202,hispanic__lower_middle__family_with_children__black_dominant,10
17031730202,hispanic__lower_middle__elderly__black_dominant,4
17031730202,nh_other__lower_middle__single_no_children__black_dominant,14
17031730202,nh_other__lower_middle__family_with_children__black_dominant,11
17031730202,nh_other__lower_middle__elderly__black_dominant,6
17031660301,nh_white__low__single_no_children__mixed,16
17031660301,nh_white__low__family_with_children__mixed,13
17031660301,nh_white__low__elderly__mixed,9
17031660301,nh_black__low__single_no_children__mixed,217
17031660301,nh_black__low__family_with_children__mixed,234
17031660301,nh_black__low__elderly__mixed,135
17031660301,hispanic__low__single_no_children__mixed,310
17031660301,hispanic__low__family_with_children__mixed,632
17031660301,hispanic__low__elderly__mixed,207
17031660301,nh_other__low__single_no_children__mixed,5
17031660301,nh_other__low__family_with_children__mixed,5
17031660301,nh_other__low__elderly__mixed,2
17031660302,nh_white__low__single_no_children__hispanic_dominant,70
17031660302,nh_white__low__family_with_children__hispanic_dominant,58
17031660302,nh_white__low__elderly__hispanic_dominant,38
17031660302,nh_black__low__single_no_children__hispanic_dominant,462
17031660302,nh_black__low__family_with_children__hispanic_dominant,499
17031660302,nh_black__low__elderly__hispanic_dominant,287
17031660302,nh_asian__low__single_no_children__hispanic_dominant,6
17031660302,nh_asian__low__family_with_children__hispanic_dominant,10
17031660302,nh_asian__low__elderly__hispanic_dominant,4
17031660302,hispanic__low__single_no_children__hispanic_dominant,1095
17031660302,hispanic__low__family_with_children__hispanic_dominant,2231
17031660302,hispanic__low__elderly__hispanic_dominant,730
17031660302,nh_other__low__single_no_children__hispanic_dominant,15
17031660302,nh_other__low__family_with_children__hispanic_dominant,14
17031660302,nh_other__low__elderly__hispanic_dominant,6
17031430101,nh_white__lower_middle__single_no_children__black_dominant,16
17031430101,nh_white__lower_middle__family_with_children__black_dominant,10
17031430101,nh_white__lower_middle__elderly__black_dominant,9
17031430101,nh_black__lower_middle__single_no_children__black_dominant,1430
17031430101,nh_black__lower_middle__family_with_children__black_dominant,1251
17031430101,nh_black__lower_middle__elderly__black_dominant,894
17031430101,nh_asian__lower_middle__single_no_children__black_dominant,2
17031430101,nh_asian__lower_middle__family_with_children__black_dominant,3
17031430101,nh_asian__lower_middle__elderly__black_dominant,1
17031430101,hispanic__lower_middle__single_no_children__black_dominant,9
17031430101,hispanic__lower_middle__family_with_children__black_dominant,14
17031430101,hispanic__lower_middle__elderly__black_dominant,6
17031430101,nh_other__lower_middle__single_no_children__black_dominant,20
17031430101,nh_other__lower_middle__family_with_children__black_dominant,15
17031430101,nh_other__lower_middle__elderly__black_dominant,9
17031252201,nh_white__lower_middle__single_no_children__black_dominant,25
17031252201,nh_white__lower_middle__family_with_children__black_dominant,17
17031252201,nh_white__lower_middle__elderly__black_dominant,14
17031252201,nh_black__lower_middle__single_no_children__black_dominant,1139
17031252201,nh_black__lower_middle__family_with_children__black_dominant,996
17031252201,nh_black__lower_middle__elderly__black_dominant,712
17031252201,hispanic__lower_middle__single_no_children__black_dominant,11
17031252201,hispanic__lower_middle__family_with_children__black_dominant,18
17031252201,hispanic__lower_middle__elderly__black_dominant,7
17031252201,nh_other__lower_middle__single_no_children__black_dominant,6
17031252201,nh_other__lower_middle__family_with_children__black_dominant,5
17031252201,nh_other__lower_middle__elderly__black_dominant,3
17031063302,nh_white__high__single_no_children__white_dominant,1608
17031063302,nh_white__high__family_with_children__white_dominant,804
17031063302,nh_white__high__elderly__white_dominant,804
17031063302,nh_black__high__single_no_children__white_dominant,54
17031063302,nh_black__high__family_with_children__white_dominant,36
17031063302,nh_black__high__elderly__white_dominant,30
17031063302,nh_asian__high__single_no_children__white_dominant,133
17031063302,nh_asian__high__family_with_children__white_dominant,133
17031063302,nh_asian__high__elderly__white_dominant,67
17031063302,hispanic__high__single_no_children__white_dominant,80
17031063302,hispanic__high__family_with_children__white_dominant,103
17031063302,hispanic__high__elderly__white_dominant,46
17031063302,nh_other__high__single_no_children__white_dominant,50
17031063302,nh_other__high__family_with_children__white_dominant,30
17031063302,nh_other__high__elderly__white_dominant,20
17031070103,nh_white__high__single_no_children__white_dominant,672
17031070103,nh_white__high__family_with_children__white_dominant,336
17031070103,nh_white__high__elderly__white_dominant,336
17031070103,nh_black__high__single_no_children__white_dominant,25
17031070103,nh_black__high__family_with_children__white_dominant,16
17031070103,nh_black__high__elderly__white_dominant,14
17031070103,nh_asian__high__single_no_children__white_dominant,69
17031070103,nh_asian__high__family_with_children__white_dominant,69
17031070103,nh_asian__high__elderly__white_dominant,35
17031070103,hispanic__high__single_no_children__white_dominant,33
17031070103,hispanic__high__family_with_children__white_dominant,42
17031070103,hispanic__high__elderly__white_dominant,19
17031070103,nh_other__high__single_no_children__white_dominant,22
17031070103,nh_other__high__family_with_children__white_dominant,13
17031070103,nh_other__high__elderly__white_dominant,9
17031220701,nh_white__upper_middle__single_no_children__hispanic_dominant,260
17031220701,nh_white__upper_middle__family_with_children__hispanic_dominant,173
17031220701,nh_white__upper_middle__elderly__hispanic_dominant,144
17031220701,nh_black__upper_middle__single_no_children__hispanic_dominant,35
17031220701,nh_black__upper_middle__family_with_children__hispanic_dominant,31
17031220701,nh_black__upper_middle__elderly__hispanic_dominant,22
17031220701,nh_asian__upper_middle__single_no_children__hispanic_dominant,10
17031220701,nh_asian__upper_middle__family_with_children__hispanic_dominant,14
17031220701,nh_asian__upper_middle__elderly__hispanic_dominant,6
17031220701,hispanic__upper_middle__single_no_children__hispanic_dominant,810
17031220701,hispanic__upper_middle__family_with_children__hispanic_dominant,1350
17031220701,hispanic__upper_middle__elderly__hispanic_dominant,540
17031220701,nh_other__upper_middle__single_no_children__hispanic_dominant,18
17031220701,nh_other__upper_middle__family_with_children__hispanic_dominant,14
17031220701,nh_other__upper_middle__elderly__hispanic_dominant,8
17031834000,nh_white__lower_middle__single_no_children__black_dominant,2
17031834000,nh_white__lower_middle__family_with_children__black_dominant,2
17031834000,nh_white__lower_middle__elderly__black_dominant,1
17031834000,nh_black__lower_middle__single_no_children__black_dominant,1420
17031834000,nh_black__lower_middle__family_with_children__black_dominant,1243
17031834000,nh_black__lower_middle__elderly__black_dominant,888
17031834000,nh_asian__lower_middle__single_no_children__black_dominant,1
17031834000,nh_asian__lower_middle__family_with_children__black_dominant,1
17031834000,nh_asian__lower_middle__elderly__black_dominant,1
17031834000,hispanic__lower_middle__single_no_children__black_dominant,16
17031834000,hispanic__lower_middle__family_with_children__black_dominant,27
17031834000,hispanic__lower_middle__elderly__black_dominant,11
17031834000,nh_other__lower_middle__single_no_children__black_dominant,9
17031834000,nh_other__lower_middle__family_with_children__black_dominant,7
17031834000,nh_other__lower_middle__elderly__black_dominant,4
17031834300,nh_white__upper_middle__single_no_children__black_dominant,28
17031834300,nh_white__upper_middle__family_with_children__black_dominant,19
17031834300,nh_white__upper_middle__elderly__black_dominant,16
17031834300,nh_black__upper_middle__single_no_children__black_dominant,2510
17031834300,nh_black__upper_middle__family_with_children__black_dominant,2196
17031834300,nh_black__upper_middle__elderly__black_dominant,1569
17031834300,nh_asian__upper_middle__single_no_children__black_dominant,5
17031834300,nh_asian__upper_middle__family_with_children__black_dominant,7
17031834300,nh_asian__upper_middle__elderly__black_dominant,3
17031834300,hispanic__upper_middle__single_no_children__black_dominant,29
17031834300,hispanic__upper_middle__family_with_children__black_dominant,48
17031834300,hispanic__upper_middle__elderly__black_dominant,19
17031834300,nh_other__upper_middle__single_no_children__black_dominant,54
17031834300,nh_other__upper_middle__family_with_children__black_dominant,42
17031834300,nh_other__upper_middle__elderly__black_dominant,24
17031834200,nh_white__lower_middle__single_no_children__black_dominant,9
17031834200,nh_white__lower_middle__family_with_children__black_dominant,6
17031834200,nh_white__lower_middle__elderly__black_dominant,5
17031834200,nh_black__lower_middle__single_no_children__black_dominant,1905
17031834200,nh_black__lower_middle__family_with_children__black_dominant,1667
17031834200,nh_black__lower_middle__elderly__black_dominant,1191
17031834200,nh_asian__lower_middle__single_no_children__black_dominant,6
17031834200,nh_asian__lower_middle__family_with_children__black_dominant,7
17031834200,nh_asian__lower_middle__elderly__black_dominant,3
17031834200,hispanic__lower_middle__single_no_children__black_dominant,28
17031834200,hispanic__lower_middle__family_with_children__black_dominant,46
17031834200,hispanic__lower_middle__elderly__black_dominant,19
17031834200,nh_other__lower_middle__single_no_children__black_dominant,23
17031834200,nh_other__lower_middle__family_with_children__black_dominant,18
17031834200,nh_other__lower_middle__elderly__black_dominant,10
17031834400,nh_white__lower_middle__single_no_children__black_dominant,72
17031834400,nh_white__lower_middle__family_with_children__black_dominant,48
17031834400,nh_white__lower_middle__elderly__black_dominant,40
17031834400,nh_black__lower_middle__single_no_children__black_dominant,1353
17031834400,nh_black__lower_middle__family_with_children__black_dominant,1184
17031834400,nh_black__lower_middle__elderly__black_dominant,846
17031834400,nh_asian__lower_middle__single_no_children__black_dominant,8
17031834400,nh_asian__lower_middle__family_with_children__black_dominant,10
17031834400,nh_asian__lower_middle__elderly__black_dominant,4
17031834400,hispanic__lower_middle__single_no_children__black_dominant,26
17031834400,hispanic__lower_middle__family_with_children__black_dominant,44
17031834400,hispanic__lower_middle__elderly__black_dominant,18
17031834400,nh_other__lower_middle__single_no_children__black_dominant,54
17031834400,nh_other__lower_middle__family_with_children__black_dominant,42
17031834400,nh_other__lower_middle__elderly__black_dominant,24
17031843900,nh_white__lower_middle__single_no_children__black_dominant,54
17031843900,nh_white__lower_middle__family_with_children__black_dominant,36
17031843900,nh_white__lower_middle__elderly__black_dominant,30
17031843900,nh_black__lower_middle__single_no_children__black_dominant,1298
17031843900,nh_black__lower_middle__family_with_children__black_dominant,1136
17031843900,nh_black__lower_middle__elderly__black_dominant,812
17031843900,nh_asian__lower_middle__single_no_children__black_dominant,14
17031843900,nh_asian__lower_middle__family_with_children__black_dominant,18
17031843900,nh_asian__lower_middle__elderly__black_dominant,8
17031843900,hispanic__lower_middle__single_no_children__black_dominant,19
17031843900,hispanic__lower_middle__family_with_children__black_dominant,32
17031843900,hispanic__lower_middle__elderly__black_dominant,13
17031843900,nh_other__lower_middle__single_no_children__black_dominant,29
17031843900,nh_other__lower_middle__family_with_children__black_dominant,23
17031843900,nh_other__lower_middle__elderly__black_dominant,13
17031836200,nh_white__high__single_no_children__mixed,473
17031836200,nh_white__high__family_with_children__mixed,236
17031836200,nh_white__high__elderly__mixed,236
17031836200,nh_black__high__single_no_children__mixed,33
17031836200,nh_black__high__family_with_children__mixed,22
17031836200,nh_black__high__elderly__mixed,18
17031836200,nh_asian__high__single_no_children__mixed,123
17031836200,nh_asian__high__family_with_children__mixed,123
17031836200,nh_asian__high__elderly__mixed,61
17031836200,hispanic__high__single_no_children__mixed,45
17031836200,hispanic__high__family_with_children__mixed,58
17031836200,hispanic__high__elderly__mixed,26
17031836200,nh_other__high__single_no_children__mixed,38
17031836200,nh_other__high__family_with_children__mixed,22
17031836200,nh_other__high__elderly__mixed,15
17031831200,nh_white__low__single_no_children__hispanic_dominant,89
17031831200,nh_white__low__family_with_children__hispanic_dominant,74
17031831200,nh_white__low__elderly__hispanic_dominant,49
17031831200,nh_black__low__single_no_children__hispanic_dominant,61
17031831200,nh_black__low__family_with_children__hispanic_dominant,66
17031831200,nh_black__low__elderly__hispanic_dominant,38
17031831200,nh_asian__low__single_no_children__hispanic_dominant,6
17031831200,nh_asian__low__family_with_children__hispanic_dominant,9
17031831200,nh_asian__low__elderly__hispanic_dominant,3
17031831200,hispanic__low__single_no_children__hispanic_dominant,1240
17031831200,hispanic__low__family_with_children__hispanic_dominant,2526
17031831200,hispanic__low__elderly__hispanic_dominant,827
17031831200,nh_other__low__single_no_children__hispanic_dominant,14
17031831200,nh_other__low__family_with_children__hispanic_dominant,14
17031831200,nh_other__low__elderly__hispanic_dominant,6
17031831600,nh_white__lower_middle__single_no_children__mixed,871
17031831600,nh_white__lower_middle__family_with_children__mixed,580
17031831600,nh_white__lower_middle__elderly__mixed,484
17031831600,nh_black__lower_middle__single_no_children__mixed,202
17031831600,nh_black__lower_middle__family_with_children__mixed,176
17031831600,nh_black__lower_middle__elderly__mixed,126
17031831600,nh_asian__lower_middle__single_no_children__mixed,55
17031831600,nh_asian__lower_middle__family_with_children__mixed,70
17031831600,nh_asian__lower_middle__elderly__mixed,31
17031831600,hispanic__lower_middle__single_no_children__mixed,1373
17031831600,hispanic__lower_middle__family_with_children__mixed,2289
17031831600,hispanic__lower_middle__elderly__mixed,916
17031831600,nh_other__lower_middle__single_no_children__mixed,44
17031831600,nh_other__lower_middle__family_with_children__mixed,34
17031831600,nh_other__lower_middle__elderly__mixed,19
17031831500,nh_white__low__single_no_children__mixed,519
17031831500,nh_white__low__family_with_children__mixed,433
17031831500,nh_white__low__elderly__mixed,284
17031831500,nh_black__low__single_no_children__mixed,74
17031831500,nh_black__low__family_with_children__mixed,80
17031831500,nh_black__low__elderly__mixed,46
17031831500,nh_asian__low__single_no_children__mixed,68
17031831500,nh_asian__low__family_with_children__mixed,107
17031831500,nh_asian__low__elderly__mixed,39
17031831500,hispanic__low__single_no_children__mixed,646
17031831500,hispanic__low__family_with_children__mixed,1316
17031831500,hispanic__low__elderly__mixed,431
17031831500,nh_other__low__single_no_children__mixed,16
17031831500,nh_other__low__family_with_children__mixed,15
17031831500,nh_other__low__elderly__mixed,7
17031831100,nh_white__lower_middle__single_no_children__mixed,1038
17031831100,nh_white__lower_middle__family_with_children__mixed,692
17031831100,nh_white__lower_middle__elderly__mixed,576
17031831100,nh_black__lower_middle__single_no_children__mixed,75
17031831100,nh_black__lower_middle__family_with_children__mixed,66
17031831100,nh_black__lower_middle__elderly__mixed,47
17031831100,nh_asian__lower_middle__single_no_children__mixed,118
17031831100,nh_asian__lower_middle__family_with_children__mixed,151
17031831100,nh_asian__lower_middle__elderly__mixed,67
17031831100,hispanic__lower_middle__single_no_children__mixed,1348
17031831100,hispanic__lower_middle__family_with_children__mixed,2248
17031831100,hispanic__lower_middle__elderly__mixed,899
17031831100,nh_other__lower_middle__single_no_children__mixed,58
17031831100,nh_other__lower_middle__family_with_children__mixed,45
17031831100,nh_other__lower_middle__elderly__mixed,26
17031831700,nh_white__upper_middle__single_no_children__mixed,348
17031831700,nh_white__upper_middle__family_with_children__mixed,232
17031831700,nh_white__upper_middle__elderly__mixed,194
17031831700,nh_black__upper_middle__single_no_children__mixed,14
17031831700,nh_black__upper_middle__family_with_children__mixed,12
17031831700,nh_black__upper_middle__elderly__mixed,8
17031831700,nh_asian__upper_middle__single_no_children__mixed,31
17031831700,nh_asian__upper_middle__family_with_children__mixed,40
17031831700,nh_asian__upper_middle__elderly__mixed,18
17031831700,hispanic__upper_middle__single_no_children__mixed,339
17031831700,hispanic__upper_middle__family_with_children__mixed,564
17031831700,hispanic__upper_middle__elderly__mixed,226
17031831700,nh_other__upper_middle__single_no_children__mixed,22
17031831700,nh_other__upper_middle__family_with_children__mixed,17
17031831700,nh_other__upper_middle__elderly__mixed,10
17031440202,nh_white__lower_middle__single_no_children__black_dominant,4
17031440202,nh_white__lower_middle__family_with_children__black_dominant,3
17031440202,nh_white__lower_middle__elderly__black_dominant,2
17031440202,nh_black__lower_middle__single_no_children__black_dominant,1164
17031440202,nh_black__lower_middle__family_with_children__black_dominant,1018
17031440202,nh_black__lower_middle__elderly__black_dominant,727
17031440202,nh_asian__lower_middle__single_no_children__black_dominant,1
17031440202,nh_asian__lower_middle__family_with_children__black_dominant,2
17031440202,nh_asian__lower_middle__elderly__black_dominant,1
17031440202,hispanic__lower_middle__single_no_children__black_dominant,7
17031440202,hispanic__lower_middle__family_with_children__black_dominant,12
17031440202,hispanic__lower_middle__elderly__black_dominant,5
17031440202,nh_other__lower_middle__single_no_children__black_dominant,24
17031440202,nh_other__lower_middle__family_with_children__black_dominant,19
17031440202,nh_other__lower_middle__elderly__black_dominant,11
17031440102,nh_white__lower_middle__single_no_children__black_dominant,2
17031440102,nh_white__lower_middle__family_with_children__black_dominant,1
17031440102,nh_white__lower_middle__elderly__black_dominant,1
17031440102,nh_black__lower_middle__single_no_children__black_dominant,1222
17031440102,nh_black__lower_middle__family_with_children__black_dominant,1069
17031440102,nh_black__lower_middle__elderly__black_dominant,764
17031440102,nh_asian__lower_middle__single_no_children__black_dominant,1
17031440102,nh_asian__lower_middle__family_with_children__black_dominant,1
17031440102,nh_asian__lower_middle__elderly__black_dominant,1
17031440102,hispanic__lower_middle__single_no_children__black_dominant,8
17031440102,hispanic__lower_middle__family_with_children__black_dominant,13
17031440102,hispanic__lower_middle__elderly__black_dominant,5
17031440102,nh_other__lower_middle__single_no_children__black_dominant,18
17031440102,nh_other__lower_middle__family_with_children__black_dominant,14
17031440102,nh_other__lower_middle__elderly__black_dominant,8
17031030702,nh_white__upper_middle__single_no_children__mixed,416
17031030702,nh_white__upper_middle__family_with_children__mixed,277
17031030702,nh_white__upper_middle__elderly__mixed,231
17031030702,nh_black__upper_middle__single_no_children__mixed,66
17031030702,nh_black__upper_middle__family_with_children__mixed,58
17031030702,nh_black__upper_middle__elderly__mixed,41
17031030702,nh_asian__upper_middle__single_no_children__mixed,127
17031030702,nh_asian__upper_middle__family_with_children__mixed,163
17031030702,nh_asian__upper_middle__elderly__mixed,72
17031030702,hispanic__upper_middle__single_no_children__mixed,37
17031030702,hispanic__upper_middle__family_with_children__mixed,62
17031030702,hispanic__upper_middle__elderly__mixed,25
17031030702,nh_other__upper_middle__single_no_children__mixed,25
17031030702,nh_other__upper_middle__family_with_children__mixed,19
17031030702,nh_other__upper_middle__elderly__mixed,11
17031081401,nh_white__high__single_no_children__white_dominant,822
17031081401,nh_white__high__family_with_children__white_dominant,411
17031081401,nh_white__high__elderly__white_dominant,411
17031081401,nh_black__high__single_no_children__white_dominant,57
17031081401,nh_black__high__family_with_children__white_dominant,38
17031081401,nh_black__high__elderly__white_dominant,32
17031081401,nh_asian__high__single_no_children__white_dominant,137
17031081401,nh_asian__high__family_with_children__white_dominant,137
17031081401,nh_asian__high__elderly__white_dominant,68
17031081401,hispanic__high__single_no_children__white_dominant,43
17031081401,hispanic__high__family_with_children__white_dominant,55
17031081401,hispanic__high__elderly__white_dominant,24
17031081401,nh_other__high__single_no_children__white_dominant,22
17031081401,nh_other__high__family_with_children__white_dominant,13
17031081401,nh_other__high__elderly__white_dominant,9
17031081403,nh_white__high__single_no_children__mixed,2051
17031081403,nh_white__high__family_with_children__mixed,1026
17031081403,nh_white__high__elderly__mixed,1026
17031081403,nh_black__high__single_no_children__mixed,117
17031081403,nh_black__high__family_with_children__mixed,78
17031081403,nh_black__high__elderly__mixed,65
17031081403,nh_asian__high__single_no_children__mixed,538
17031081403,nh_asian__high__family_with_children__mixed,538
17031081403,nh_asian__high__elderly__mixed,269
17031081403,hispanic__high__single_no_children__mixed,126
17031081403,hispanic__high__family_with_children__mixed,162
17031081403,hispanic__high__elderly__mixed,72
17031081403,nh_other__high__single_no_children__mixed,82
17031081403,nh_other__high__family_with_children__mixed,49
17031081403,nh_other__high__elderly__mixed,33
17031030603,nh_white__upper_middle__single_no_children__mixed,366
17031030603,nh_white__upper_middle__family_with_children__mixed,244
17031030603,nh_white__upper_middle__elderly__mixed,204
17031030603,nh_black__upper_middle__single_no_children__mixed,241
17031030603,nh_black__upper_middle__family_with_children__mixed,211
17031030603,nh_black__upper_middle__elderly__mixed,151
17031030603,nh_asian__upper_middle__single_no_children__mixed,62
17031030603,nh_asian__upper_middle__family_with_children__mixed,80
17031030603,nh_asian__upper_middle__elderly__mixed,35
17031030603,hispanic__upper_middle__single_no_children__mixed,134
17031030603,hispanic__upper_middle__family_with_children__mixed,224
17031030603,hispanic__upper_middle__elderly__mixed,89
17031030603,nh_other__upper_middle__single_no_children__mixed,24
17031030603,nh_other__upper_middle__family_with_children__mixed,19
17031030603,nh_other__upper_middle__elderly__mixed,11
17031030701,nh_white__upper_middle__single_no_children__mixed,320
17031030701,nh_white__upper_middle__family_with_children__mixed,213
17031030701,nh_white__upper_middle__elderly__mixed,178
17031030701,nh_black__upper_middle__single_no_children__mixed,159
17031030701,nh_black__upper_middle__family_with_children__mixed,139
17031030701,nh_black__upper_middle__elderly__mixed,99
17031030701,nh_asian__upper_middle__single_no_children__mixed,41
17031030701,nh_asian__upper_middle__family_with_children__mixed,53
17031030701,nh_asian__upper_middle__elderly__mixed,24
17031030701,hispanic__upper_middle__single_no_children__mixed,80
17031030701,hispanic__upper_middle__family_with_children__mixed,134
17031030701,hispanic__upper_middle__elderly__mixed,53
17031030701,nh_other__upper_middle__single_no_children__mixed,25
17031030701,nh_other__upper_middle__family_with_children__mixed,20
17031030701,nh_other__upper_middle__elderly__mixed,11
17031030703,nh_white__upper_middle__single_no_children__mixed,704
17031030703,nh_white__upper_middle__family_with_children__mixed,469
17031030703,nh_white__upper_middle__elderly__mixed,391
17031030703,nh_black__upper_middle__single_no_children__mixed,224
17031030703,nh_black__upper_middle__family_with_children__mixed,196
17031030703,nh_black__upper_middle__elderly__mixed,140
17031030703,nh_asian__upper_middle__single_no_children__mixed,91
17031030703,nh_asian__upper_middle__family_with_children__mixed,117
17031030703,nh_asian__upper_middle__elderly__mixed,52
17031030703,hispanic__upper_middle__single_no_children__mixed,106
17031030703,hispanic__upper_middle__family_with_children__mixed,176
17031030703,hispanic__upper_middle__elderly__mixed,71
17031030703,nh_other__upper_middle__single_no_children__mixed,42
17031030703,nh_other__upper_middle__family_with_children__mixed,33
17031030703,nh_other__upper_middle__elderly__mixed,19
17031840800,nh_white__low__single_no_children__hispanic_dominant,18
17031840800,nh_white__low__family_with_children__hispanic_dominant,15
17031840800,nh_white__low__elderly__hispanic_dominant,10
17031840800,nh_black__low__single_no_children__hispanic_dominant,3
17031840800,nh_black__low__family_with_children__hispanic_dominant,4
17031840800,nh_black__low__elderly__hispanic_dominant,2
17031840800,nh_asian__low__single_no_children__hispanic_dominant,4
17031840800,nh_asian__low__family_with_children__hispanic_dominant,6
17031840800,nh_asian__low__elderly__hispanic_dominant,2
17031840800,hispanic__low__single_no_children__hispanic_dominant,982
17031840800,hispanic__low__family_with_children__hispanic_dominant,2001
17031840800,hispanic__low__elderly__hispanic_dominant,655
17031840800,nh_other__low__single_no_children__hispanic_dominant,6
17031840800,nh_other__low__family_with_children__hispanic_dominant,6
17031840800,nh_other__low__elderly__hispanic_dominant,3
17031836000,nh_white__upper_middle__single_no_children__black_dominant,24
17031836000,nh_white__upper_middle__family_with_children__black_dominant,16
17031836000,nh_white__upper_middle__elderly__black_dominant,13
17031836000,nh_black__upper_middle__single_no_children__black_dominant,818
17031836000,nh_black__upper_middle__family_with_children__black_dominant,716
17031836000,nh_black__upper_middle__elderly__black_dominant,512
17031836000,nh_asian__upper_middle__single_no_children__black_dominant,5
17031836000,nh_asian__upper_middle__family_with_children__black_dominant,6
17031836000,nh_asian__upper_middle__elderly__black_dominant,3
17031836000,hispanic__upper_middle__single_no_children__black_dominant,9
17031836000,hispanic__upper_middle__family_with_children__black_dominant,15
17031836000,hispanic__upper_middle__elderly__black_dominant,6
17031836000,nh_other__upper_middle__single_no_children__black_dominant,15
17031836000,nh_other__upper_middle__family_with_children__black_dominant,12
17031836000,nh_other__upper_middle__elderly__black_dominant,7
17031835800,nh_white__upper_middle__single_no_children__black_dominant,14
17031835800,nh_white__upper_middle__family_with_children__black_dominant,9
17031835800,nh_white__upper_middle__elderly__black_dominant,8
17031835800,nh_black__upper_middle__single_no_children__black_dominant,590
17031835800,nh_black__upper_middle__family_with_children__black_dominant,516
17031835800,nh_black__upper_middle__elderly__black_dominant,368
17031835800,nh_asian__upper_middle__single_no_children__black_dominant,1
17031835800,nh_asian__upper_middle__family_with_children__black_dominant,1
17031835800,nh_asian__upper_middle__elderly__black_dominant,1
17031835800,hispanic__upper_middle__single_no_children__black_dominant,9
17031835800,hispanic__upper_middle__family_with_children__black_dominant,15
17031835800,hispanic__upper_middle__elderly__black_dominant,6
17031835800,nh_other__upper_middle__single_no_children__black_dominant,18
17031835800,nh_other__upper_middle__family_with_children__black_dominant,14
17031835800,nh_other__upper_middle__elderly__black_dominant,8
17031835900,nh_white__upper_middle__single_no_children__black_dominant,21
17031835900,nh_white__upper_middle__family_with_children__black_dominant,14
17031835900,nh_white__upper_middle__elderly__black_dominant,12
17031835900,nh_black__upper_middle__single_no_children__black_dominant,1245
17031835900,nh_black__upper_middle__family_with_children__black_dominant,1089
17031835900,nh_black__upper_middle__elderly__black_dominant,778
17031835900,nh_asian__upper_middle__single_no_children__black_dominant,2
17031835900,nh_asian__upper_middle__family_with_children__black_dominant,3
17031835900,nh_asian__upper_middle__elderly__black_dominant,1
17031835900,hispanic__upper_middle__single_no_children__black_dominant,16
17031835900,hispanic__upper_middle__family_with_children__black_dominant,27
17031835900,hispanic__upper_middle__elderly__black_dominant,11
17031835900,nh_other__upper_middle__single_no_children__black_dominant,23
17031835900,nh_other__upper_middle__family_with_children__black_dominant,18
17031835900,nh_other__upper_middle__elderly__black_dominant,10
17031834500,nh_white__low__single_no_children__black_dominant,3
17031834500,nh_white__low__family_with_children__black_dominant,2
17031834500,nh_white__low__elderly__black_dominant,2
17031834500,nh_black__low__single_no_children__black_dominant,532
17031834500,nh_black__low__family_with_children__black_dominant,575
17031834500,nh_black__low__elderly__black_dominant,331
17031834500,hispanic__low__single_no_children__black_dominant,3
17031834500,hispanic__low__family_with_children__black_dominant,7
17031834500,hispanic__low__elderly__black_dominant,2
17031834500,nh_other__low__single_no_children__black_dominant,8
17031834500,nh_other__low__family_with_children__black_dominant,8
17031834500,nh_other__low__elderly__black_dominant,3
17031836300,nh_white__high__single_no_children__mixed,153
17031836300,nh_white__high__family_with_children__mixed,76
17031836300,nh_white__high__elderly__mixed,76
17031836300,nh_black__high__single_no_children__mixed,378
17031836300,nh_black__high__family_with_children__mixed,252
17031836300,nh_black__high__elderly__mixed,210
17031836300,nh_asian__high__single_no_children__mixed,23
17031836300,nh_asian__high__family_with_children__mixed,23
17031836300,nh_asian__high__elderly__mixed,11
17031836300,hispanic__high__single_no_children__mixed,16
17031836300,hispanic__high__family_with_children__mixed,21
17031836300,hispanic__high__elderly__mixed,9
17031836300,nh_other__high__single_no_children__mixed,19
17031836300,nh_other__high__family_with_children__mixed,11
17031836300,nh_other__high__elderly__mixed,8
17031843600,nh_white__upper_middle__single_no_children__black_dominant,24
17031843600,nh_white__upper_middle__family_with_children__black_dominant,16
17031843600,nh_white__upper_middle__elderly__black_dominant,14
17031843600,nh_black__upper_middle__single_no_children__black_dominant,1056
17031843600,nh_black__upper_middle__family_with_children__black_dominant,924
17031843600,nh_black__upper_middle__elderly__black_dominant,660
17031843600,nh_asian__upper_middle__single_no_children__black_dominant,3
17031843600,nh_asian__upper_middle__family_with_children__black_dominant,4
17031843600,nh_asian__upper_middle__elderly__black_dominant,2
17031843600,hispanic__upper_middle__single_no_children__black_dominant,14
17031843600,hispanic__upper_middle__family_with_children__black_dominant,24
17031843600,hispanic__upper_middle__elderly__black_dominant,9
17031843600,nh_other__upper_middle__single_no_children__black_dominant,26
17031843600,nh_other__upper_middle__family_with_children__black_dominant,20
17031843600,nh_other__upper_middle__elderly__black_dominant,12
17031834600,nh_white__low__single_no_children__black_dominant,11
17031834600,nh_white__low__family_with_children__black_dominant,9
17031834600,nh_white__low__elderly__black_dominant,6
17031834600,nh_black__low__single_no_children__black_dominant,1358
17031834600,nh_black__low__family_with_children__black_dominant,1468
17031834600,nh_black__low__elderly__black_dominant,844
17031834600,hispanic__low__single_no_children__black_dominant,13
17031834600,hispanic__low__family_with_children__black_dominant,26
17031834600,hispanic__low__elderly__black_dominant,8
17031834600,nh_other__low__single_no_children__black_dominant,14
17031834600,nh_other__low__family_with_children__black_dominant,14
17031834600,nh_other__low__elderly__black_dominant,6
17031831800,nh_white__upper_middle__single_no_children__mixed,1267
17031831800,nh_white__upper_middle__family_with_children__mixed,845
17031831800,nh_white__upper_middle__elderly__mixed,704
17031831800,nh_black__upper_middle__single_no_children__mixed,121
17031831800,nh_black__upper_middle__family_with_children__mixed,106
17031831800,nh_black__upper_middle__elderly__mixed,76
17031831800,nh_asian__upper_middle__single_no_children__mixed,515
17031831800,nh_asian__upper_middle__family_with_children__mixed,662
17031831800,nh_asian__upper_middle__elderly__mixed,294
17031831800,hispanic__upper_middle__single_no_children__mixed,437
17031831800,hispanic__upper_middle__family_with_children__mixed,728
17031831800,hispanic__upper_middle__elderly__mixed,291
17031831800,nh_other__upper_middle__single_no_children__mixed,124
17031831800,nh_other__upper_middle__family_with_children__mixed,96
17031831800,nh_other__upper_middle__elderly__mixed,55
17031838300,nh_white__high__single_no_children__mixed,210
17031838300,nh_white__high__family_with_children__mixed,105
17031838300,nh_white__high__elderly__mixed,105
17031838300,nh_black__high__single_no_children__mixed,384
17031838300,nh_black__high__family_with_children__mixed,256
17031838300,nh_black__high__elderly__mixed,214
17031838300,nh_asian__high__single_no_children__mixed,61
17031838300,nh_asian__high__family_with_children__mixed,61
17031838300,nh_asian__high__elderly__mixed,31
17031838300,hispanic__high__single_no_children__mixed,61
17031838300,hispanic__high__family_with_children__mixed,78
17031838300,hispanic__high__elderly__mixed,35
17031838300,nh_other__high__single_no_children__mixed,16
17031838300,nh_other__high__family_with_children__mixed,10
17031838300,nh_other__high__elderly__mixed,6
17031832300,nh_white__upper_middle__single_no_children__white_dominant,607
17031832300,nh_white__upper_middle__family_with_children__white_dominant,405
17031832300,nh_white__upper_middle__elderly__white_dominant,337
17031832300,nh_black__upper_middle__single_no_children__white_dominant,20
17031832300,nh_black__upper_middle__family_with_children__white_dominant,17
17031832300,nh_black__upper_middle__elderly__white_dominant,12
17031832300,nh_asian__upper_middle__single_no_children__white_dominant,39
17031832300,nh_asian__upper_middle__family_with_children__white_dominant,50
17031832300,nh_asian__upper_middle__elderly__white_dominant,22
17031832300,hispanic__upper_middle__single_no_children__white_dominant,100
17031832300,hispanic__upper_middle__family_with_children__white_dominant,166
17031832300,hispanic__upper_middle__elderly__white_dominant,66
17031832300,nh_other__upper_middle__single_no_children__white_dominant,13
17031832300,nh_other__upper_middle__family_with_children__white_dominant,10
17031832300,nh_other__upper_middle__elderly__white_dominant,6
17031832600,nh_white__high__single_no_children__white_dominant,1664
17031832600,nh_white__high__family_with_children__white_dominant,832
17031832600,nh_white__high__elderly__white_dominant,832
17031832600,nh_black__high__single_no_children__white_dominant,38
17031832600,nh_black__high__family_with_children__white_dominant,26
17031832600,nh_black__high__elderly__white_dominant,21
17031832600,nh_asian__high__single_no_children__white_dominant,52
17031832600,nh_asian__high__family_with_children__white_dominant,52
17031832600,nh_asian__high__elderly__white_dominant,26
17031832600,hispanic__high__single_no_children__white_dominant,43
17031832600,hispanic__high__family_with_children__white_dominant,56
17031832600,hispanic__high__elderly__white_dominant,25
17031832600,nh_other__high__single_no_children__white_dominant,30
17031832600,nh_other__high__family_with_children__white_dominant,18
17031832600,nh_other__high__elderly__white_dominant,12
17031832500,nh_white__high__single_no_children__white_dominant,1446
17031832500,nh_white__high__family_with_children__white_dominant,723
17031832500,nh_white__high__elderly__white_dominant,723
17031832500,nh_black__high__single_no_children__white_dominant,106
17031832500,nh_black__high__family_with_children__white_dominant,71
17031832500,nh_black__high__elderly__white_dominant,59
17031832500,nh_asian__high__single_no_children__white_dominant,50
17031832500,nh_asian__high__family_with_children__white_dominant,50
17031832500,nh_asian__high__elderly__white_dominant,25
17031832500,hispanic__high__single_no_children__white_dominant,96
17031832500,hispanic__high__family_with_children__white_dominant,123
17031832500,hispanic__high__elderly__white_dominant,55
17031832500,nh_other__high__single_no_children__white_dominant,39
17031832500,nh_other__high__family_with_children__white_dominant,23
17031832500,nh_other__high__elderly__white_dominant,16
17031832000,nh_white__high__single_no_children__white_dominant,746
17031832000,nh_white__high__family_with_children__white_dominant,373
17031832000,nh_white__high__elderly__white_dominant,373
17031832000,nh_black__high__single_no_children__white_dominant,18
17031832000,nh_black__high__family_with_children__white_dominant,12
17031832000,nh_black__high__elderly__white_dominant,10
17031832000,nh_asian__high__single_no_children__white_dominant,38
17031832000,nh_asian__high__family_with_children__white_dominant,38
17031832000,nh_asian__high__elderly__white_dominant,19
17031832000,hispanic__high__single_no_children__white_dominant,47
17031832000,hispanic__high__family_with_children__white_dominant,61
17031832000,hispanic__high__elderly__white_dominant,27
17031832000,nh_other__high__single_no_children__white_dominant,18
17031832000,nh_other__high__family_with_children__white_dominant,11
17031832000,nh_other__high__elderly__white_dominant,7
17031061901,nh_white__high__single_no_children__white_dominant,1314
17031061901,nh_white__high__family_with_children__white_dominant,657
17031061901,nh_white__high__elderly__white_dominant,657
17031061901,nh_black__high__single_no_children__white_dominant,78
17031061901,nh_black__high__family_with_children__white_dominant,52
17031061901,nh_black__high__elderly__white_dominant,44
17031061901,nh_asian__high__single_no_children__white_dominant,116
17031061901,nh_asian__high__family_with_children__white_dominant,116
17031061901,nh_asian__high__elderly__white_dominant,58
17031061901,hispanic__high__single_no_children__white_dominant,97
17031061901,hispanic__high__family_with_children__white_dominant,124
17031061901,hispanic__high__elderly__white_dominant,55
17031061901,nh_other__high__single_no_children__white_dominant,32
17031061901,nh_other__high__family_with_children__white_dominant,20
17031061901,nh_other__high__elderly__white_dominant,13
17031030104,nh_white__upper_middle__single_no_children__mixed,1000
17031030104,nh_white__upper_middle__family_with_children__mixed,667
17031030104,nh_white__upper_middle__elderly__mixed,556
17031030104,nh_black__upper_middle__single_no_children__mixed,160
17031030104,nh_black__upper_middle__family_with_children__mixed,140
17031030104,nh_black__upper_middle__elderly__mixed,100
17031030104,nh_asian__upper_middle__single_no_children__mixed,241
17031030104,nh_asian__upper_middle__family_with_children__mixed,310
17031030104,nh_asian__upper_middle__elderly__mixed,138
17031030104,hispanic__upper_middle__single_no_children__mixed,85
17031030104,hispanic__upper_middle__family_with_children__mixed,141
17031030104,hispanic__upper_middle__elderly__mixed,56
17031030104,nh_other__upper_middle__single_no_children__mixed,40
17031030104,nh_other__upper_middle__family_with_children__mixed,31
17031030104,nh_other__upper_middle__elderly__mixed,18
17031030101,nh_white__upper_middle__single_no_children__mixed,797
17031030101,nh_white__upper_middle__family_with_children__mixed,532
17031030101,nh_white__upper_middle__elderly__mixed,443
17031030101,nh_black__upper_middle__single_no_children__mixed,389
17031030101,nh_black__upper_middle__family_with_children__mixed,340
17031030101,nh_black__upper_middle__elderly__mixed,243
17031030101,nh_asian__upper_middle__single_no_children__mixed,175
17031030101,nh_asian__upper_middle__family_with_children__mixed,225
17031030101,nh_asian__upper_middle__elderly__mixed,100
17031030101,hispanic__upper_middle__single_no_children__mixed,163
17031030101,hispanic__upper_middle__family_with_children__mixed,272
17031030101,hispanic__upper_middle__elderly__mixed,109
17031030101,nh_other__upper_middle__single_no_children__mixed,47
17031030101,nh_other__upper_middle__family_with_children__mixed,36
17031030101,nh_other__upper_middle__elderly__mixed,21
17031160601,nh_white__upper_middle__single_no_children__mixed,617
17031160601,nh_white__upper_middle__family_with_children__mixed,412
17031160601,nh_white__upper_middle__elderly__mixed,343
17031160601,nh_black__upper_middle__single_no_children__mixed,42
17031160601,nh_black__upper_middle__family_with_children__mixed,36
17031160601,nh_black__upper_middle__elderly__mixed,26
17031160601,nh_asian__upper_middle__single_no_children__mixed,63
17031160601,nh_asian__upper_middle__family_with_children__mixed,81
17031160601,nh_asian__upper_middle__elderly__mixed,36
17031160601,hispanic__upper_middle__single_no_children__mixed,519
17031160601,hispanic__upper_middle__family_with_children__mixed,864
17031160601,hispanic__upper_middle__elderly__mixed,346
17031160601,nh_other__upper_middle__single_no_children__mixed,47
17031160601,nh_other__upper_middle__family_with_children__mixed,37
17031160601,nh_other__upper_middle__elderly__mixed,21
17031210501,nh_white__lower_middle__single_no_children__mixed,570
17031210501,nh_white__lower_middle__family_with_children__mixed,380
17031210501,nh_white__lower_middle__elderly__mixed,316
17031210501,nh_black__lower_middle__single_no_children__mixed,33
17031210501,nh_black__lower_middle__family_with_children__mixed,29
17031210501,nh_black__lower_middle__elderly__mixed,21
17031210501,nh_asian__lower_middle__single_no_children__mixed,22
17031210501,nh_asian__lower_middle__family_with_children__mixed,28
17031210501,nh_asian__lower_middle__elderly__mixed,12
17031210501,hispanic__lower_middle__single_no_children__mixed,738
17031210501,hispanic__lower_middle__family_with_children__mixed,1230
17031210501,hispanic__lower_middle__elderly__mixed,492
17031210501,nh_other__lower_middle__single_no_children__mixed,14
17031210501,nh_other__lower_middle__family_with_children__mixed,10
17031210501,nh_other__lower_middle__elderly__mixed,6
17031210601,nh_white__lower_middle__single_no_children__mixed,308
17031210601,nh_white__lower_middle__family_with_children__mixed,206
17031210601,nh_white__lower_middle__elderly__mixed,171
17031210601,nh_black__lower_middle__single_no_children__mixed,35
17031210601,nh_black__lower_middle__family_with_children__mixed,30
17031210601,nh_black__lower_middle__elderly__mixed,22
17031210601,nh_asian__lower_middle__single_no_children__mixed,42
17031210601,nh_asian__lower_middle__family_with_children__mixed,54
17031210601,nh_asian__lower_middle__elderly__mixed,24
17031210601,hispanic__lower_middle__single_no_children__mixed,649
17031210601,hispanic__lower_middle__family_with_children__mixed,1082
17031210601,hispanic__lower_middle__elderly__mixed,433
17031210601,nh_other__lower_middle__single_no_children__mixed,22
17031210601,nh_other__lower_middle__family_with_children__mixed,17
17031210601,nh_other__lower_middle__elderly__mixed,10
17031700502,nh_white__upper_middle__single_no_children__black_dominant,96
17031700502,nh_white__upper_middle__family_with_children__black_dominant,64
17031700502,nh_white__upper_middle__elderly__black_dominant,53
17031700502,nh_black__upper_middle__single_no_children__black_dominant,1061
17031700502,nh_black__upper_middle__family_with_children__black_dominant,928
17031700502,nh_black__upper_middle__elderly__black_dominant,663
17031700502,nh_asian__upper_middle__single_no_children__black_dominant,2
17031700502,nh_asian__upper_middle__family_with_children__black_dominant,3
17031700502,nh_asian__upper_middle__elderly__black_dominant,1
17031700502,hispanic__upper_middle__single_no_children__black_dominant,37
17031700502,hispanic__upper_middle__family_with_children__black_dominant,61
17031700502,hispanic__upper_middle__elderly__black_dominant,24
17031700502,nh_other__upper_middle__single_no_children__black_dominant,19
17031700502,nh_other__upper_middle__family_with_children__black_dominant,15
17031700502,nh_other__upper_middle__elderly__black_dominant,8
17031836100,nh_white__low__single_no_children__black_dominant,18
17031836100,nh_white__low__family_with_children__black_dominant,15
17031836100,nh_white__low__elderly__black_dominant,10
17031836100,nh_black__low__single_no_children__black_dominant,620
17031836100,nh_black__low__family_with_children__black_dominant,670
17031836100,nh_black__low__elderly__black_dominant,385
17031836100,nh_asian__low__single_no_children__black_dominant,1
17031836100,nh_asian__low__family_with_children__black_dominant,2
17031836100,nh_asian__low__elderly__black_dominant,1
17031836100,hispanic__low__single_no_children__black_dominant,6
17031836100,hispanic__low__family_with_children__black_dominant,12
17031836100,hispanic__low__elderly__black_dominant,4
17031836100,nh_other__low__single_no_children__black_dominant,8
17031836100,nh_other__low__family_with_children__black_dominant,8
17031836100,nh_other__low__elderly__black_dominant,3
17031836500,nh_white__lower_middle__single_no_children__black_dominant,12
17031836500,nh_white__lower_middle__family_with_children__black_dominant,8
17031836500,nh_white__lower_middle__elderly__black_dominant,6
17031836500,nh_black__lower_middle__single_no_children__black_dominant,570
17031836500,nh_black__lower_middle__family_with_children__black_dominant,499
17031836500,nh_black__lower_middle__elderly__black_dominant,356
17031836500,nh_asian__lower_middle__single_no_children__black_dominant,2
17031836500,nh_asian__lower_middle__family_with_children__black_dominant,3
17031836500,nh_asian__lower_middle__elderly__black_dominant,1
17031836500,hispanic__lower_middle__single_no_children__black_dominant,3
17031836500,hispanic__lower_middle__family_with_children__black_dominant,5
17031836500,hispanic__lower_middle__elderly__black_dominant,2
17031836500,nh_other__lower_middle__single_no_children__black_dominant,13
17031836500,nh_other__lower_middle__family_with_children__black_dominant,10
17031836500,nh_other__lower_middle__elderly__black_dominant,6
17031839600,nh_white__upper_middle__single_no_children__black_dominant,33
17031839600,nh_white__upper_middle__family_with_children__black_dominant,22
17031839600,nh_white__upper_middle__elderly__black_dominant,18
17031839600,nh_black__upper_middle__single_no_children__black_dominant,707
17031839600,nh_black__upper_middle__family_with_children__black_dominant,619
17031839600,nh_black__upper_middle__elderly__black_dominant,442
17031839600,nh_asian__upper_middle__single_no_children__black_dominant,6
17031839600,nh_asian__upper_middle__family_with_children__black_dominant,8
17031839600,nh_asian__upper_middle__elderly__black_dominant,4
17031839600,hispanic__upper_middle__single_no_children__black_dominant,19
17031839600,hispanic__upper_middle__family_with_children__black_dominant,32
17031839600,hispanic__upper_middle__elderly__black_dominant,13
17031839600,nh_other__upper_middle__single_no_children__black_dominant,13
17031839600,nh_other__upper_middle__family_with_children__black_dominant,10
17031839600,nh_other__upper_middle__elderly__black_dominant,6
17031840000,nh_white__lower_middle__single_no_children__asian_enclave,527
17031840000,nh_white__lower_middle__family_with_children__asian_enclave,352
17031840000,nh_white__lower_middle__elderly__asian_enclave,293
17031840000,nh_black__lower_middle__single_no_children__asian_enclave,12
17031840000,nh_black__lower_middle__family_with_children__asian_enclave,10
17031840000,nh_black__lower_middle__elderly__asian_enclave,8
17031840000,nh_asian__lower_middle__single_no_children__asian_enclave,305
17031840000,nh_asian__lower_middle__family_with_children__asian_enclave,392
17031840000,nh_asian__lower_middle__elderly__asian_enclave,174
17031840000,hispanic__lower_middle__single_no_children__asian_enclave,176
17031840000,hispanic__lower_middle__family_with_children__asian_enclave,293
17031840000,hispanic__lower_middle__elderly__asian_enclave,117
17031840000,nh_other__lower_middle__single_no_children__asian_enclave,16
17031840000,nh_other__lower_middle__family_with_children__asian_enclave,12
17031840000,nh_other__lower_middle__elderly__asian_enclave,7
17031835600,nh_white__low__single_no_children__black_dominant,3
17031835600,nh_white__low__family_with_children__black_dominant,2
17031835600,nh_white__low__elderly__black_dominant,2
17031835600,nh_black__low__single_no_children__black_dominant,403
17031835600,nh_black__low__family_with_children__black_dominant,435
17031835600,nh_black__low__elderly__black_dominant,250
17031835600,hispanic__low__single_no_children__black_dominant,25
17031835600,hispanic__low__family_with_children__black_dominant,51
17031835600,hispanic__low__elderly__black_dominant,17
17031835600,nh_other__low__single_no_children__black_dominant,5
17031835600,nh_other__low__family_with_children__black_dominant,5
17031835600,nh_other__low__elderly__black_dominant,2
17031831900,nh_white__high__single_no_children__white_dominant,1180
17031831900,nh_white__high__family_with_children__white_dominant,590
17031831900,nh_white__high__elderly__white_dominant,590
17031831900,nh_black__high__single_no_children__white_dominant,15
17031831900,nh_black__high__family_with_children__white_dominant,10
17031831900,nh_black__high__elderly__white_dominant,8
17031831900,nh_asian__high__single_no_children__white_dominant,28
17031831900,nh_asian__high__family_with_children__white_dominant,28
17031831900,nh_asian__high__elderly__white_dominant,14
17031831900,hispanic__high__single_no_children__white_dominant,72
17031831900,hispanic__high__family_with_children__white_dominant,93
17031831900,hispanic__high__elderly__white_dominant,41
17031831900,nh_other__high__single_no_children__white_dominant,23
17031831900,nh_other__high__family_with_children__white_dominant,14
17031831900,nh_other__high__elderly__white_dominant,9
17031830900,nh_white__upper_middle__single_no_children__mixed,638
17031830900,nh_white__upper_middle__family_with_children__mixed,425
17031830900,nh_white__upper_middle__elderly__mixed,354
17031830900,nh_black__upper_middle__single_no_children__mixed,45
17031830900,nh_black__upper_middle__family_with_children__mixed,40
17031830900,nh_black__upper_middle__elderly__mixed,28
17031830900,nh_asian__upper_middle__single_no_children__mixed,43
17031830900,nh_asian__upper_middle__family_with_children__mixed,55
17031830900,nh_asian__upper_middle__elderly__mixed,25
17031830900,hispanic__upper_middle__single_no_children__mixed,346
17031830900,hispanic__upper_middle__family_with_children__mixed,577
17031830900,hispanic__upper_middle__elderly__mixed,231
17031830900,nh_other__upper_middle__single_no_children__mixed,32
17031830900,nh_other__upper_middle__family_with_children__mixed,24
17031830900,nh_other__upper_middle__elderly__mixed,14
17031830700,nh_white__high__single_no_children__mixed,915
17031830700,nh_white__high__family_with_children__mixed,458
17031830700,nh_white__high__elderly__mixed,458
17031830700,nh_black__high__single_no_children__mixed,622
17031830700,nh_black__high__family_with_children__mixed,415
17031830700,nh_black__high__elderly__mixed,346
17031830700,nh_asian__high__single_no_children__mixed,103
17031830700,nh_asian__high__family_with_children__mixed,103
17031830700,nh_asian__high__elderly__mixed,51
17031830700,hispanic__high__single_no_children__mixed,231
17031830700,hispanic__high__family_with_children__mixed,297
17031830700,hispanic__high__elderly__mixed,132
17031830700,nh_other__high__single_no_children__mixed,59
17031830700,nh_other__high__family_with_children__mixed,35
17031830700,nh_other__high__elderly__mixed,24
17031830800,nh_white__high__single_no_children__mixed,834
17031830800,nh_white__high__family_with_children__mixed,417
17031830800,nh_white__high__elderly__mixed,417
17031830800,nh_black__high__single_no_children__mixed,42
17031830800,nh_black__high__family_with_children__mixed,28
17031830800,nh_black__high__elderly__mixed,23
17031830800,nh_asian__high__single_no_children__mixed,62
17031830800,nh_asian__high__family_with_children__mixed,62
17031830800,nh_asian__high__elderly__mixed,31
17031830800,hispanic__high__single_no_children__mixed,144
17031830800,hispanic__high__family_with_children__mixed,185
17031830800,hispanic__high__elderly__mixed,82
17031830800,nh_other__high__single_no_children__mixed,32
17031830800,nh_other__high__family_with_children__mixed,19
17031830800,nh_other__high__elderly__mixed,13
17031830600,nh_white__upper_middle__single_no_children__mixed,721
17031830600,nh_white__upper_middle__family_with_children__mixed,481
17031830600,nh_white__upper_middle__elderly__mixed,401
17031830600,nh_black__upper_middle__single_no_children__mixed,319
17031830600,nh_black__upper_middle__family_with_children__mixed,279
17031830600,nh_black__upper_middle__elderly__mixed,199
17031830600,nh_asian__upper_middle__single_no_children__mixed,91
17031830600,nh_asian__upper_middle__family_with_children__mixed,117
17031830600,nh_asian__upper_middle__elderly__mixed,52
17031830600,hispanic__upper_middle__single_no_children__mixed,660
17031830600,hispanic__upper_middle__family_with_children__mixed,1100
17031830600,hispanic__upper_middle__elderly__mixed,440
17031830600,nh_other__upper_middle__single_no_children__mixed,65
17031830600,nh_other__upper_middle__family_with_children__mixed,50
17031830600,nh_other__upper_middle__elderly__mixed,29
17031700501,nh_white__upper_middle__single_no_children__black_dominant,142
17031700501,nh_white__upper_middle__family_with_children__black_dominant,94
17031700501,nh_white__upper_middle__elderly__black_dominant,79
17031700501,nh_black__upper_middle__single_no_children__black_dominant,2562
17031700501,nh_black__upper_middle__family_with_children__black_dominant,2241
17031700501,nh_black__upper_middle__elderly__black_dominant,1601
17031700501,nh_asian__upper_middle__single_no_children__black_dominant,6
17031700501,nh_asian__upper_middle__family_with_children__black_dominant,8
17031700501,nh_asian__upper_middle__elderly__black_dominant,4
17031700501,hispanic__upper_middle__single_no_children__black_dominant,90
17031700501,hispanic__upper_middle__family_with_children__black_dominant,150
17031700501,hispanic__upper_middle__elderly__black_dominant,60
17031700501,nh_other__upper_middle__single_no_children__black_dominant,40
17031700501,nh_other__upper_middle__family_with_children__black_dominant,31
17031700501,nh_other__upper_middle__elderly__black_dominant,18
17031460301,nh_white__lower_middle__single_no_children__mixed,33
17031460301,nh_white__lower_middle__family_with_children__mixed,22
17031460301,nh_white__lower_middle__elderly__mixed,18
17031460301,nh_black__lower_middle__single_no_children__mixed,915
17031460301,nh_black__lower_middle__family_with_children__mixed,801
17031460301,nh_black__lower_middle__elderly__mixed,572
17031460301,nh_asian__lower_middle__single_no_children__mixed,3
17031460301,nh_asian__lower_middle__family_with_children__mixed,4
17031460301,nh_asian__lower_middle__elderly__mixed,2
17031460301,hispanic__lower_middle__single_no_children__mixed,290
17031460301,hispanic__lower_middle__family_with_children__mixed,483
17031460301,hispanic__lower_middle__elderly__mixed,193
17031460301,nh_other__lower_middle__single_no_children__mixed,31
17031460301,nh_other__lower_middle__family_with_children__mixed,24
17031460301,nh_other__lower_middle__elderly__mixed,14
17031460302,nh_white__lower_middle__single_no_children__black_dominant,20
17031460302,nh_white__lower_middle__family_with_children__black_dominant,14
17031460302,nh_white__lower_middle__elderly__black_dominant,11
17031460302,nh_black__lower_middle__single_no_children__black_dominant,1376
17031460302,nh_black__lower_middle__family_with_children__black_dominant,1204
17031460302,nh_black__lower_middle__elderly__black_dominant,860
17031460302,hispanic__lower_middle__single_no_children__black_dominant,80
17031460302,hispanic__lower_middle__family_with_children__black_dominant,134
17031460302,hispanic__lower_middle__elderly__black_dominant,53
17031460302,nh_other__lower_middle__single_no_children__black_dominant,22
17031460302,nh_other__lower_middle__family_with_children__black_dominant,18
17031460302,nh_other__lower_middle__elderly__black_dominant,10
17031431302,nh_white__lower_middle__single_no_children__black_dominant,20
17031431302,nh_white__lower_middle__family_with_children__black_dominant,14
17031431302,nh_white__lower_middle__elderly__black_dominant,11
17031431302,nh_black__lower_middle__single_no_children__black_dominant,1610
17031431302,nh_black__lower_middle__family_with_children__black_dominant,1409
17031431302,nh_black__lower_middle__elderly__black_dominant,1006
17031431302,hispanic__lower_middle__single_no_children__black_dominant,18
17031431302,hispanic__lower_middle__family_with_children__black_dominant,30
17031431302,hispanic__lower_middle__elderly__black_dominant,12
17031431302,nh_other__lower_middle__single_no_children__black_dominant,16
17031431302,nh_other__lower_middle__family_with_children__black_dominant,13
17031431302,nh_other__lower_middle__elderly__black_dominant,7
17031431301,nh_white__lower_middle__single_no_children__black_dominant,17
17031431301,nh_white__lower_middle__family_with_children__black_dominant,11
17031431301,nh_white__lower_middle__elderly__black_dominant,10
17031431301,nh_black__lower_middle__single_no_children__black_dominant,1338
17031431301,nh_black__lower_middle__family_with_children__black_dominant,1171
17031431301,nh_black__lower_middle__elderly__black_dominant,836
17031431301,nh_asian__lower_middle__single_no_children__black_dominant,1
17031431301,nh_asian__lower_middle__family_with_children__black_dominant,1
17031431301,nh_asian__lower_middle__elderly__black_dominant,1
17031431301,hispanic__lower_middle__single_no_children__black_dominant,21
17031431301,hispanic__lower_middle__family_with_children__black_dominant,34
17031431301,hispanic__lower_middle__elderly__black_dominant,14
17031431301,nh_other__lower_middle__single_no_children__black_dominant,41
17031431301,nh_other__lower_middle__family_with_children__black_dominant,32
17031431301,nh_other__lower_middle__elderly__black_dominant,18
17031301701,nh_white__low__single_no_children__hispanic_dominant,13
17031301701,nh_white__low__family_with_children__hispanic_dominant,11
17031301701,nh_white__low__elderly__hispanic_dominant,7
17031301701,nh_black__low__single_no_children__hispanic_dominant,5
17031301701,nh_black__low__family_with_children__hispanic_dominant,6
17031301701,nh_black__low__elderly__hispanic_dominant,3
17031301701,nh_asian__low__single_no_children__hispanic_dominant,2
17031301701,nh_asian__low__family_with_children__hispanic_dominant,2
17031301701,nh_asian__low__elderly__hispanic_dominant,1
17031301701,hispanic__low__single_no_children__hispanic_dominant,1167
17031301701,hispanic__low__family_with_children__hispanic_dominant,2378
17031301701,hispanic__low__elderly__hispanic_dominant,778
17031301701,nh_other__low__single_no_children__hispanic_dominant,3
17031301701,nh_other__low__family_with_children__hispanic_dominant,3
17031301701,nh_other__low__elderly__hispanic_dominant,1
17031440101,nh_white__lower_middle__single_no_children__black_dominant,5
17031440101,nh_white__lower_middle__family_with_children__black_dominant,3
17031440101,nh_white__lower_middle__elderly__black_dominant,3
17031440101,nh_black__lower_middle__single_no_children__black_dominant,1457
17031440101,nh_black__lower_middle__family_with_children__black_dominant,1275
17031440101,nh_black__lower_middle__elderly__black_dominant,910
17031440101,hispanic__lower_middle__single_no_children__black_dominant,14
17031440101,hispanic__lower_middle__family_with_children__black_dominant,23
17031440101,hispanic__lower_middle__elderly__black_dominant,9
17031440101,nh_other__lower_middle__single_no_children__black_dominant,21
17031440101,nh_other__lower_middle__family_with_children__black_dominant,16
17031440101,nh_other__lower_middle__elderly__black_dominant,9
17031301803,nh_white__low__single_no_children__hispanic_dominant,39
17031301803,nh_white__low__family_with_children__hispanic_dominant,32
17031301803,nh_white__low__elderly__hispanic_dominant,21
17031301803,nh_black__low__single_no_children__hispanic_dominant,5
17031301803,nh_black__low__family_with_children__hispanic_dominant,6
17031301803,nh_black__low__elderly__hispanic_dominant,3
17031301803,hispanic__low__single_no_children__hispanic_dominant,1414
17031301803,hispanic__low__family_with_children__hispanic_dominant,2880
17031301803,hispanic__low__elderly__hispanic_dominant,942
17031301803,nh_other__low__single_no_children__hispanic_dominant,6
17031301803,nh_other__low__family_with_children__hispanic_dominant,6
17031301803,nh_other__low__elderly__hispanic_dominant,3
17031835500,nh_white__low__single_no_children__black_dominant,17
17031835500,nh_white__low__family_with_children__black_dominant,14
17031835500,nh_white__low__elderly__black_dominant,9
17031835500,nh_black__low__single_no_children__black_dominant,578
17031835500,nh_black__low__family_with_children__black_dominant,625
17031835500,nh_black__low__elderly__black_dominant,359
17031835500,nh_asian__low__single_no_children__black_dominant,2
17031835500,nh_asian__low__family_with_children__black_dominant,4
17031835500,nh_asian__low__elderly__black_dominant,1
17031835500,hispanic__low__single_no_children__black_dominant,11
17031835500,hispanic__low__family_with_children__black_dominant,22
17031835500,hispanic__low__elderly__black_dominant,7
17031835500,nh_other__low__single_no_children__black_dominant,11
17031835500,nh_other__low__family_with_children__black_dominant,11
17031835500,nh_other__low__elderly__black_dominant,5
17031839500,nh_white__upper_middle__single_no_children__black_dominant,76
17031839500,nh_white__upper_middle__family_with_children__black_dominant,51
17031839500,nh_white__upper_middle__elderly__black_dominant,42
17031839500,nh_black__upper_middle__single_no_children__black_dominant,498
17031839500,nh_black__upper_middle__family_with_children__black_dominant,436
17031839500,nh_black__upper_middle__elderly__black_dominant,312
17031839500,nh_asian__upper_middle__single_no_children__black_dominant,28
17031839500,nh_asian__upper_middle__family_with_children__black_dominant,36
17031839500,nh_asian__upper_middle__elderly__black_dominant,16
17031839500,hispanic__upper_middle__single_no_children__black_dominant,7
17031839500,hispanic__upper_middle__family_with_children__black_dominant,12
17031839500,hispanic__upper_middle__elderly__black_dominant,5
17031839500,nh_other__upper_middle__single_no_children__black_dominant,13
17031839500,nh_other__upper_middle__family_with_children__black_dominant,10
17031839500,nh_other__upper_middle__elderly__black_dominant,6
17031839200,nh_white__upper_middle__single_no_children__black_dominant,113
17031839200,nh_white__upper_middle__family_with_children__black_dominant,75
17031839200,nh_white__upper_middle__elderly__black_dominant,63
17031839200,nh_black__upper_middle__single_no_children__black_dominant,727
17031839200,nh_black__upper_middle__family_with_children__black_dominant,636
17031839200,nh_black__upper_middle__elderly__black_dominant,454
17031839200,nh_asian__upper_middle__single_no_children__black_dominant,117
17031839200,nh_asian__upper_middle__family_with_children__black_dominant,150
17031839200,nh_asian__upper_middle__elderly__black_dominant,67
17031839200,hispanic__upper_middle__single_no_children__black_dominant,23
17031839200,hispanic__upper_middle__family_with_children__black_dominant,38
17031839200,hispanic__upper_middle__elderly__black_dominant,15
17031839200,nh_other__upper_middle__single_no_children__black_dominant,29
17031839200,nh_other__upper_middle__family_with_children__black_dominant,23
17031839200,nh_other__upper_middle__elderly__black_dominant,13
17031840400,nh_white__lower_middle__single_no_children__asian_enclave,267
17031840400,nh_white__lower_middle__family_with_children__asian_enclave,178
17031840400,nh_white__lower_middle__elderly__asian_enclave,148
17031840400,nh_black__lower_middle__single_no_children__asian_enclave,22
17031840400,nh_black__lower_middle__family_with_children__asian_enclave,20
17031840400,nh_black__lower_middle__elderly__asian_enclave,14
17031840400,nh_asian__lower_middle__single_no_children__asian_enclave,362
17031840400,nh_asian__lower_middle__family_with_children__asian_enclave,465
17031840400,nh_asian__lower_middle__elderly__asian_enclave,207
17031840400,hispanic__lower_middle__single_no_children__asian_enclave,484
17031840400,hispanic__lower_middle__family_with_children__asian_enclave,808
17031840400,hispanic__lower_middle__elderly__asian_enclave,323
17031840400,nh_other__lower_middle__single_no_children__asian_enclave,13
17031840400,nh_other__lower_middle__family_with_children__asian_enclave,10
17031840400,nh_other__lower_middle__elderly__asian_enclave,6
17031840100,nh_white__lower_middle__single_no_children__asian_enclave,326
17031840100,nh_white__lower_middle__family_with_children__asian_enclave,217
17031840100,nh_white__lower_middle__elderly__asian_enclave,181
17031840100,nh_black__lower_middle__single_no_children__asian_enclave,4
17031840100,nh_black__lower_middle__family_with_children__asian_enclave,4
17031840100,nh_black__lower_middle__elderly__asian_enclave,3
17031840100,nh_asian__lower_middle__single_no_children__asian_enclave,631
17031840100,nh_asian__lower_middle__family_with_children__asian_enclave,812
17031840100,nh_asian__lower_middle__elderly__asian_enclave,361
17031840100,hispanic__lower_middle__single_no_children__asian_enclave,111
17031840100,hispanic__lower_middle__family_with_children__asian_enclave,186
17031840100,hispanic__lower_middle__elderly__asian_enclave,74
17031840100,nh_other__lower_middle__single_no_children__asian_enclave,11
17031840100,nh_other__lower_middle__family_with_children__asian_enclave,9
17031840100,nh_other__lower_middle__elderly__asian_enclave,5
17031841000,nh_white__high__single_no_children__mixed,96
17031841000,nh_white__high__family_with_children__mixed,48
17031841000,nh_white__high__elderly__mixed,48
17031841000,nh_black__high__single_no_children__mixed,194
17031841000,nh_black__high__family_with_children__mixed,129
17031841000,nh_black__high__elderly__mixed,108
17031841000,nh_asian__high__single_no_children__mixed,63
17031841000,nh_asian__high__family_with_children__mixed,63
17031841000,nh_asian__high__elderly__mixed,32
17031841000,hispanic__high__single_no_children__mixed,14
17031841000,hispanic__high__family_with_children__mixed,18
17031841000,hispanic__high__elderly__mixed,8
17031841000,nh_other__high__single_no_children__mixed,16
17031841000,nh_other__high__family_with_children__mixed,9
17031841000,nh_other__high__elderly__mixed,6
17031301802,nh_white__low__single_no_children__hispanic_dominant,24
17031301802,nh_white__low__family_with_children__hispanic_dominant,20
17031301802,nh_white__low__elderly__hispanic_dominant,13
17031301802,nh_black__low__single_no_children__hispanic_dominant,19
17031301802,nh_black__low__family_with_children__hispanic_dominant,21
17031301802,nh_black__low__elderly__hispanic_dominant,12
17031301802,nh_asian__low__single_no_children__hispanic_dominant,1
17031301802,nh_asian__low__family_with_children__hispanic_dominant,2
17031301802,nh_asian__low__elderly__hispanic_dominant,1
17031301802,hispanic__low__single_no_children__hispanic_dominant,919
17031301802,hispanic__low__family_with_children__hispanic_dominant,1872
17031301802,hispanic__low__elderly__hispanic_dominant,613
17031301802,nh_other__low__single_no_children__hispanic_dominant,1
17031301802,nh_other__low__family_with_children__hispanic_dominant,1
17031301802,nh_other__low__elderly__hispanic_dominant,1
17031730201,nh_white__lower_middle__single_no_children__black_dominant,5
17031730201,nh_white__lower_middle__family_with_children__black_dominant,3
17031730201,nh_white__lower_middle__elderly__black_dominant,3
17031730201,nh_black__lower_middle__single_no_children__black_dominant,2328
17031730201,nh_black__lower_middle__family_with_children__black_dominant,2037
17031730201,nh_black__lower_middle__elderly__black_dominant,1455
17031730201,nh_asian__lower_middle__single_no_children__black_dominant,1
17031730201,nh_asian__lower_middle__family_with_children__black_dominant,1
17031730201,nh_asian__lower_middle__elderly__black_dominant,1
17031730201,hispanic__lower_middle__single_no_children__black_dominant,12
17031730201,hispanic__lower_middle__family_with_children__black_dominant,20
17031730201,hispanic__lower_middle__elderly__black_dominant,8
17031730201,nh_other__lower_middle__single_no_children__black_dominant,31
17031730201,nh_other__lower_middle__family_with_children__black_dominant,24
17031730201,nh_other__lower_middle__elderly__black_dominant,14
17031580502,nh_white__low__single_no_children__hispanic_dominant,190
17031580502,nh_white__low__family_with_children__hispanic_dominant,158
17031580502,nh_white__low__elderly__hispanic_dominant,104
17031580502,nh_black__low__single_no_children__hispanic_dominant,38
17031580502,nh_black__low__family_with_children__hispanic_dominant,42
17031580502,nh_black__low__elderly__hispanic_dominant,24
17031580502,nh_asian__low__single_no_children__hispanic_dominant,67
17031580502,nh_asian__low__family_with_children__hispanic_dominant,104
17031580502,nh_asian__low__elderly__hispanic_dominant,37
17031580502,hispanic__low__single_no_children__hispanic_dominant,1233
17031580502,hispanic__low__family_with_children__hispanic_dominant,2511
17031580502,hispanic__low__elderly__hispanic_dominant,822
17031580502,nh_other__low__single_no_children__hispanic_dominant,8
17031580502,nh_other__low__family_with_children__hispanic_dominant,8
17031580502,nh_other__low__elderly__hispanic_dominant,3
17031580501,nh_white__low__single_no_children__hispanic_dominant,218
17031580501,nh_white__low__family_with_children__hispanic_dominant,182
17031580501,nh_white__low__elderly__hispanic_dominant,119
17031580501,nh_black__low__single_no_children__hispanic_dominant,18
17031580501,nh_black__low__family_with_children__hispanic_dominant,20
17031580501,nh_black__low__elderly__hispanic_dominant,12
17031580501,nh_asian__low__single_no_children__hispanic_dominant,40
17031580501,nh_asian__low__family_with_children__hispanic_dominant,62
17031580501,nh_asian__low__elderly__hispanic_dominant,23
17031580501,hispanic__low__single_no_children__hispanic_dominant,1177
17031580501,hispanic__low__family_with_children__hispanic_dominant,2398
17031580501,hispanic__low__elderly__hispanic_dominant,785
17031580501,nh_other__low__single_no_children__hispanic_dominant,5
17031580501,nh_other__low__family_with_children__hispanic_dominant,5
17031580501,nh_other__low__elderly__hispanic_dominant,2
17031700302,nh_white__upper_middle__single_no_children__mixed,878
17031700302,nh_white__upper_middle__family_with_children__mixed,585
17031700302,nh_white__upper_middle__elderly__mixed,488
17031700302,nh_black__upper_middle__single_no_children__mixed,306
17031700302,nh_black__upper_middle__family_with_children__mixed,268
17031700302,nh_black__upper_middle__elderly__mixed,191
17031700302,nh_asian__upper_middle__single_no_children__mixed,14
17031700302,nh_asian__upper_middle__family_with_children__mixed,18
17031700302,nh_asian__upper_middle__elderly__mixed,8
17031700302,hispanic__upper_middle__single_no_children__mixed,744
17031700302,hispanic__upper_middle__family_with_children__mixed,1240
17031700302,hispanic__upper_middle__elderly__mixed,496
17031700302,nh_other__upper_middle__single_no_children__mixed,37
17031700302,nh_other__upper_middle__family_with_children__mixed,29
17031700302,nh_other__upper_middle__elderly__mixed,17
17031700402,nh_white__upper_middle__single_no_children__mixed,207
17031700402,nh_white__upper_middle__family_with_children__mixed,138
17031700402,nh_white__upper_middle__elderly__mixed,115
17031700402,nh_black__upper_middle__single_no_children__mixed,993
17031700402,nh_black__upper_middle__family_with_children__mixed,869
17031700402,nh_black__upper_middle__elderly__mixed,621
17031700402,nh_asian__upper_middle__single_no_children__mixed,10
17031700402,nh_asian__upper_middle__family_with_children__mixed,13
17031700402,nh_asian__upper_middle__elderly__mixed,6
17031700402,hispanic__upper_middle__single_no_children__mixed,272
17031700402,hispanic__upper_middle__family_with_children__mixed,452
17031700402,hispanic__upper_middle__elderly__mixed,181
17031700402,nh_other__upper_middle__single_no_children__mixed,17
17031700402,nh_other__upper_middle__family_with_children__mixed,13
17031700402,nh_other__upper_middle__elderly__mixed,8
17031700401,nh_white__upper_middle__single_no_children__mixed,274
17031700401,nh_white__upper_middle__family_with_children__mixed,182
17031700401,nh_white__upper_middle__elderly__mixed,152
17031700401,nh_black__upper_middle__single_no_children__mixed,1306
17031700401,nh_black__upper_middle__family_with_children__mixed,1142
17031700401,nh_black__upper_middle__elderly__mixed,816
17031700401,nh_asian__upper_middle__single_no_children__mixed,8
17031700401,nh_asian__upper_middle__family_with_children__mixed,11
17031700401,nh_asian__upper_middle__elderly__mixed,5
17031700401,hispanic__upper_middle__single_no_children__mixed,592
17031700401,hispanic__upper_middle__family_with_children__mixed,986
17031700401,hispanic__upper_middle__elderly__mixed,395
17031700401,nh_other__upper_middle__single_no_children__mixed,24
17031700401,nh_other__upper_middle__family_with_children__mixed,19
17031700401,nh_other__upper_middle__elderly__mixed,11
17031830500,nh_white__low__single_no_children__hispanic_dominant,58
17031830500,nh_white__low__family_with_children__hispanic_dominant,49
17031830500,nh_white__low__elderly__hispanic_dominant,32
17031830500,nh_black__low__single_no_children__hispanic_dominant,2
17031830500,nh_black__low__family_with_children__hispanic_dominant,2
17031830500,nh_black__low__elderly__hispanic_dominant,1
17031830500,nh_asian__low__single_no_children__hispanic_dominant,1
17031830500,nh_asian__low__family_with_children__hispanic_dominant,1
17031830500,nh_asian__low__elderly__hispanic_dominant,1
17031830500,hispanic__low__single_no_children__hispanic_dominant,1217
17031830500,hispanic__low__family_with_children__hispanic_dominant,2478
17031830500,hispanic__low__elderly__hispanic_dominant,811
17031830500,nh_other__low__single_no_children__hispanic_dominant,3
17031830500,nh_other__low__family_with_children__hispanic_dominant,3
17031830500,nh_other__low__elderly__hispanic_dominant,1
17031841400,nh_white__low__single_no_children__black_dominant,11
17031841400,nh_white__low__family_with_children__black_dominant,9
17031841400,nh_white__low__elderly__black_dominant,6
17031841400,nh_black__low__single_no_children__black_dominant,535
17031841400,nh_black__low__family_with_children__black_dominant,578
17031841400,nh_black__low__elderly__black_dominant,333
17031841400,hispanic__low__single_no_children__black_dominant,21
17031841400,hispanic__low__family_with_children__black_dominant,42
17031841400,hispanic__low__elderly__black_dominant,14
17031841400,nh_other__low__single_no_children__black_dominant,5
17031841400,nh_other__low__family_with_children__black_dominant,4
17031841400,nh_other__low__elderly__black_dominant,2
17031841700,nh_white__low__single_no_children__mixed,20
17031841700,nh_white__low__family_with_children__mixed,16
17031841700,nh_white__low__elderly__mixed,11
17031841700,nh_black__low__single_no_children__mixed,306
17031841700,nh_black__low__family_with_children__mixed,331
17031841700,nh_black__low__elderly__mixed,190
17031841700,nh_asian__low__single_no_children__mixed,1
17031841700,nh_asian__low__family_with_children__mixed,2
17031841700,nh_asian__low__elderly__mixed,1
17031841700,hispanic__low__single_no_children__mixed,147
17031841700,hispanic__low__family_with_children__mixed,300
17031841700,hispanic__low__elderly__mixed,98
17031841700,nh_other__low__single_no_children__mixed,8
17031841700,nh_other__low__family_with_children__mixed,7
17031841700,nh_other__low__elderly__mixed,3
17031841600,nh_white__low__single_no_children__black_dominant,10
17031841600,nh_white__low__family_with_children__black_dominant,8
17031841600,nh_white__low__elderly__black_dominant,6
17031841600,nh_black__low__single_no_children__black_dominant,391
17031841600,nh_black__low__family_with_children__black_dominant,423
17031841600,nh_black__low__elderly__black_dominant,243
17031841600,nh_asian__low__single_no_children__black_dominant,3
17031841600,nh_asian__low__family_with_children__black_dominant,4
17031841600,nh_asian__low__elderly__black_dominant,1
17031841600,hispanic__low__single_no_children__black_dominant,17
17031841600,hispanic__low__family_with_children__black_dominant,35
17031841600,hispanic__low__elderly__black_dominant,11
17031841600,nh_other__low__single_no_children__black_dominant,5
17031841600,nh_other__low__family_with_children__black_dominant,5
17031841600,nh_other__low__elderly__black_dominant,2
17031840700,nh_white__low__single_no_children__hispanic_dominant,97
17031840700,nh_white__low__family_with_children__hispanic_dominant,81
17031840700,nh_white__low__elderly__hispanic_dominant,53
17031840700,nh_black__low__single_no_children__hispanic_dominant,97
17031840700,nh_black__low__family_with_children__hispanic_dominant,104
17031840700,nh_black__low__elderly__hispanic_dominant,60
17031840700,nh_asian__low__single_no_children__hispanic_dominant,11
17031840700,nh_asian__low__family_with_children__hispanic_dominant,18
17031840700,nh_asian__low__elderly__hispanic_dominant,6
17031840700,hispanic__low__single_no_children__hispanic_dominant,995
17031840700,hispanic__low__family_with_children__hispanic_dominant,2028
17031840700,hispanic__low__elderly__hispanic_dominant,664
17031840700,nh_other__low__single_no_children__hispanic_dominant,15
17031840700,nh_other__low__family_with_children__hispanic_dominant,14
17031840700,nh_other__low__elderly__hispanic_dominant,6
17031841300,nh_white__lower_middle__single_no_children__hispanic_dominant,253
17031841300,nh_white__lower_middle__family_with_children__hispanic_dominant,169
17031841300,nh_white__lower_middle__elderly__hispanic_dominant,140
17031841300,nh_black__lower_middle__single_no_children__hispanic_dominant,38
17031841300,nh_black__lower_middle__family_with_children__hispanic_dominant,34
17031841300,nh_black__lower_middle__elderly__hispanic_dominant,24
17031841300,nh_asian__lower_middle__single_no_children__hispanic_dominant,10
17031841300,nh_asian__lower_middle__family_with_children__hispanic_dominant,14
17031841300,nh_asian__lower_middle__elderly__hispanic_dominant,6
17031841300,hispanic__lower_middle__single_no_children__hispanic_dominant,1120
17031841300,hispanic__lower_middle__family_with_children__hispanic_dominant,1866
17031841300,hispanic__lower_middle__elderly__hispanic_dominant,746
17031841300,nh_other__lower_middle__single_no_children__hispanic_dominant,19
17031841300,nh_other__lower_middle__family_with_children__hispanic_dominant,15
17031841300,nh_other__lower_middle__elderly__hispanic_dominant,9
17031301702,nh_white__low__single_no_children__hispanic_dominant,39
17031301702,nh_white__low__family_with_children__hispanic_dominant,33
17031301702,nh_white__low__elderly__hispanic_dominant,22
17031301702,nh_black__low__single_no_children__hispanic_dominant,1
17031301702,nh_black__low__family_with_children__hispanic_dominant,2
17031301702,nh_black__low__elderly__hispanic_dominant,1
17031301702,nh_asian__low__single_no_children__hispanic_dominant,1
17031301702,nh_asian__low__family_with_children__hispanic_dominant,1
17031301702,nh_asian__low__elderly__hispanic_dominant,1
17031301702,hispanic__low__single_no_children__hispanic_dominant,1063
17031301702,hispanic__low__family_with_children__hispanic_dominant,2165
17031301702,hispanic__low__elderly__hispanic_dominant,708
17031301702,nh_other__low__single_no_children__hispanic_dominant,4
17031301702,nh_other__low__family_with_children__hispanic_dominant,4
17031301702,nh_other__low__elderly__hispanic_dominant,2
17031700301,nh_white__upper_middle__single_no_children__mixed,685
17031700301,nh_white__upper_middle__family_with_children__mixed,457
17031700301,nh_white__upper_middle__elderly__mixed,381
17031700301,nh_black__upper_middle__single_no_children__mixed,179
17031700301,nh_black__upper_middle__family_with_children__mixed,156
17031700301,nh_black__upper_middle__elderly__mixed,112
17031700301,nh_asian__upper_middle__single_no_children__mixed,30
17031700301,nh_asian__upper_middle__family_with_children__mixed,39
17031700301,nh_asian__upper_middle__elderly__mixed,17
17031700301,hispanic__upper_middle__single_no_children__mixed,1087
17031700301,hispanic__upper_middle__family_with_children__mixed,1812
17031700301,hispanic__upper_middle__elderly__mixed,725
17031700301,nh_other__upper_middle__single_no_children__mixed,22
17031700301,nh_other__upper_middle__family_with_children__mixed,17
17031700301,nh_other__upper_middle__elderly__mixed,10
17031301801,nh_white__low__single_no_children__hispanic_dominant,36
17031301801,nh_white__low__family_with_children__hispanic_dominant,30
17031301801,nh_white__low__elderly__hispanic_dominant,20
17031301801,nh_black__low__single_no_children__hispanic_dominant,9
17031301801,nh_black__low__family_with_children__hispanic_dominant,9
17031301801,nh_black__low__elderly__hispanic_dominant,5
17031301801,nh_asian__low__single_no_children__hispanic_dominant,1
17031301801,nh_asian__low__family_with_children__hispanic_dominant,2
17031301801,nh_asian__low__elderly__hispanic_dominant,1
17031301801,hispanic__low__single_no_children__hispanic_dominant,1049
17031301801,hispanic__low__family_with_children__hispanic_dominant,2138
17031301801,hispanic__low__elderly__hispanic_dominant,700
17031301801,nh_other__low__single_no_children__hispanic_dominant,3
17031301801,nh_other__low__family_with_children__hispanic_dominant,2
17031301801,nh_other__low__elderly__hispanic_dominant,1
17031490902,nh_white__lower_middle__single_no_children__black_dominant,4
17031490902,nh_white__lower_middle__family_with_children__black_dominant,3
17031490902,nh_white__lower_middle__elderly__black_dominant,2
17031490902,nh_black__lower_middle__single_no_children__black_dominant,1999
17031490902,nh_black__lower_middle__family_with_children__black_dominant,1749
17031490902,nh_black__lower_middle__elderly__black_dominant,1250
17031490902,nh_asian__lower_middle__single_no_children__black_dominant,1
17031490902,nh_asian__lower_middle__family_with_children__black_dominant,1
17031490902,nh_asian__lower_middle__elderly__black_dominant,1
17031490902,hispanic__lower_middle__single_no_children__black_dominant,11
17031490902,hispanic__lower_middle__family_with_children__black_dominant,19
17031490902,hispanic__lower_middle__elderly__black_dominant,8
17031490902,nh_other__lower_middle__single_no_children__black_dominant,17
17031490902,nh_other__lower_middle__family_with_children__black_dominant,13
17031490902,nh_other__lower_middle__elderly__black_dominant,8
17031490901,nh_white__lower_middle__single_no_children__black_dominant,5
17031490901,nh_white__lower_middle__family_with_children__black_dominant,4
17031490901,nh_white__lower_middle__elderly__black_dominant,3
17031490901,nh_black__lower_middle__single_no_children__black_dominant,1517
17031490901,nh_black__lower_middle__family_with_children__black_dominant,1327
17031490901,nh_black__lower_middle__elderly__black_dominant,948
17031490901,nh_asian__lower_middle__single_no_children__black_dominant,1
17031490901,nh_asian__lower_middle__family_with_children__black_dominant,1
17031490901,nh_asian__lower_middle__elderly__black_dominant,1
17031490901,hispanic__lower_middle__single_no_children__black_dominant,10
17031490901,hispanic__lower_middle__family_with_children__black_dominant,17
17031490901,hispanic__lower_middle__elderly__black_dominant,7
17031490901,nh_other__lower_middle__single_no_children__black_dominant,23
17031490901,nh_other__lower_middle__family_with_children__black_dominant,18
17031490901,nh_other__lower_middle__elderly__black_dominant,10
17031530502,nh_white__lower_middle__single_no_children__black_dominant,2
17031530502,nh_white__lower_middle__family_with_children__black_dominant,1
17031530502,nh_white__lower_middle__elderly__black_dominant,1
17031530502,nh_black__lower_middle__single_no_children__black_dominant,650
17031530502,nh_black__lower_middle__family_with_children__black_dominant,568
17031530502,nh_black__lower_middle__elderly__black_dominant,406
17031530502,nh_asian__lower_middle__single_no_children__black_dominant,1
17031530502,nh_asian__lower_middle__family_with_children__black_dominant,1
17031530502,nh_asian__lower_middle__elderly__black_dominant,1
17031530502,hispanic__lower_middle__single_no_children__black_dominant,6
17031530502,hispanic__lower_middle__family_with_children__black_dominant,10
17031530502,hispanic__lower_middle__elderly__black_dominant,4
17031530502,nh_other__lower_middle__single_no_children__black_dominant,9
17031530502,nh_other__lower_middle__family_with_children__black_dominant,7
17031530502,nh_other__lower_middle__elderly__black_dominant,4
17031650302,nh_white__lower_middle__single_no_children__hispanic_dominant,217
17031650302,nh_white__lower_middle__family_with_children__hispanic_dominant,145
17031650302,nh_white__lower_middle__elderly__hispanic_dominant,120
17031650302,nh_black__lower_middle__single_no_children__hispanic_dominant,51
17031650302,nh_black__lower_middle__family_with_children__hispanic_dominant,44
17031650302,nh_black__lower_middle__elderly__hispanic_dominant,32
17031650302,nh_asian__lower_middle__single_no_children__hispanic_dominant,5
17031650302,nh_asian__lower_middle__family_with_children__hispanic_dominant,6
17031650302,nh_asian__lower_middle__elderly__hispanic_dominant,3
17031650302,hispanic__lower_middle__single_no_children__hispanic_dominant,1112
17031650302,hispanic__lower_middle__family_with_children__hispanic_dominant,1854
17031650302,hispanic__lower_middle__elderly__hispanic_dominant,742
17031650302,nh_other__lower_middle__single_no_children__hispanic_dominant,6
17031650302,nh_other__lower_middle__family_with_children__hispanic_dominant,5
17031650302,nh_other__lower_middle__elderly__hispanic_dominant,3
17031071400,nh_white__high__single_no_children__white_dominant,1858
17031071400,nh_white__high__family_with_children__white_dominant,929
17031071400,nh_white__high__elderly__white_dominant,929
17031071400,nh_black__high__single_no_children__white_dominant,115
17031071400,nh_black__high__family_with_children__white_dominant,76
17031071400,nh_black__high__elderly__white_dominant,64
17031071400,nh_asian__high__single_no_children__white_dominant,112
17031071400,nh_asian__high__family_with_children__white_dominant,112
17031071400,nh_asian__high__elderly__white_dominant,56
17031071400,hispanic__high__single_no_children__white_dominant,75
17031071400,hispanic__high__family_with_children__white_dominant,96
17031071400,hispanic__high__elderly__white_dominant,43
17031071400,nh_other__high__single_no_children__white_dominant,52
17031071400,nh_other__high__family_with_children__white_dominant,31
17031071400,nh_other__high__elderly__white_dominant,21
17031071500,nh_white__high__single_no_children__white_dominant,2457
17031071500,nh_white__high__family_with_children__white_dominant,1228
17031071500,nh_white__high__elderly__white_dominant,1228
17031071500,nh_black__high__single_no_children__white_dominant,122
17031071500,nh_black__high__family_with_children__white_dominant,81
17031071500,nh_black__high__elderly__white_dominant,68
17031071500,nh_asian__high__single_no_children__white_dominant,98
17031071500,nh_asian__high__family_with_children__white_dominant,98
17031071500,nh_asian__high__elderly__white_dominant,49
17031071500,hispanic__high__single_no_children__white_dominant,83
17031071500,hispanic__high__family_with_children__white_dominant,106
17031071500,hispanic__high__elderly__white_dominant,47
17031071500,nh_other__high__single_no_children__white_dominant,52
17031071500,nh_other__high__family_with_children__white_dominant,31
17031071500,nh_other__high__elderly__white_dominant,21
17031071600,nh_white__high__single_no_children__white_dominant,744
17031071600,nh_white__high__family_with_children__white_dominant,372
17031071600,nh_white__high__elderly__white_dominant,372
17031071600,nh_black__high__single_no_children__white_dominant,44
17031071600,nh_black__high__family_with_children__white_dominant,29
17031071600,nh_black__high__elderly__white_dominant,24
17031071600,nh_asian__high__single_no_children__white_dominant,28
17031071600,nh_asian__high__family_with_children__white_dominant,28
17031071600,nh_asian__high__elderly__white_dominant,14
17031071600,hispanic__high__single_no_children__white_dominant,29
17031071600,hispanic__high__family_with_children__white_dominant,37
17031071600,hispanic__high__elderly__white_dominant,17
17031071600,nh_other__high__single_no_children__white_dominant,23
17031071600,nh_other__high__family_with_children__white_dominant,14
17031071600,nh_other__high__elderly__white_dominant,9
17031071700,nh_white__high__single_no_children__white_dominant,640
17031071700,nh_white__high__family_with_children__white_dominant,320
17031071700,nh_white__high__elderly__white_dominant,320
17031071700,nh_black__high__single_no_children__white_dominant,82
17031071700,nh_black__high__family_with_children__white_dominant,55
17031071700,nh_black__high__elderly__white_dominant,46
17031071700,nh_asian__high__single_no_children__white_dominant,26
17031071700,nh_asian__high__family_with_children__white_dominant,26
17031071700,nh_asian__high__elderly__white_dominant,13
17031071700,hispanic__high__single_no_children__white_dominant,26
17031071700,hispanic__high__family_with_children__white_dominant,34
17031071700,hispanic__high__elderly__white_dominant,15
17031071700,nh_other__high__single_no_children__white_dominant,26
17031071700,nh_other__high__family_with_children__white_dominant,15
17031071700,nh_other__high__elderly__white_dominant,10
17031071800,nh_white__high__single_no_children__white_dominant,988
17031071800,nh_white__high__family_with_children__white_dominant,494
17031071800,nh_white__high__elderly__white_dominant,494
17031071800,nh_black__high__single_no_children__white_dominant,184
17031071800,nh_black__high__family_with_children__white_dominant,123
17031071800,nh_black__high__elderly__white_dominant,102
17031071800,nh_asian__high__single_no_children__white_dominant,39
17031071800,nh_asian__high__family_with_children__white_dominant,39
17031071800,nh_asian__high__elderly__white_dominant,20
17031071800,hispanic__high__single_no_children__white_dominant,37
17031071800,hispanic__high__family_with_children__white_dominant,48
17031071800,hispanic__high__elderly__white_dominant,21
17031071800,nh_other__high__single_no_children__white_dominant,28
17031071800,nh_other__high__family_with_children__white_dominant,17
17031071800,nh_other__high__elderly__white_dominant,11
17031080100,nh_white__high__single_no_children__white_dominant,2644
17031080100,nh_white__high__family_with_children__white_dominant,1322
17031080100,nh_white__high__elderly__white_dominant,1322
17031080100,nh_black__high__single_no_children__white_dominant,64
17031080100,nh_black__high__family_with_children__white_dominant,43
17031080100,nh_black__high__elderly__white_dominant,36
17031080100,nh_asian__high__single_no_children__white_dominant,109
17031080100,nh_asian__high__family_with_children__white_dominant,109
17031080100,nh_asian__high__elderly__white_dominant,54
17031080100,hispanic__high__single_no_children__white_dominant,81
17031080100,hispanic__high__family_with_children__white_dominant,104
17031080100,hispanic__high__elderly__white_dominant,46
17031080100,nh_other__high__single_no_children__white_dominant,40
17031080100,nh_other__high__family_with_children__white_dominant,24
17031080100,nh_other__high__elderly__white_dominant,16
17031080300,nh_white__high__single_no_children__white_dominant,1726
17031080300,nh_white__high__family_with_children__white_dominant,863
17031080300,nh_white__high__elderly__white_dominant,863
17031080300,nh_black__high__single_no_children__white_dominant,119
17031080300,nh_black__high__family_with_children__white_dominant,79
17031080300,nh_black__high__elderly__white_dominant,66
17031080300,nh_asian__high__single_no_children__white_dominant,129
17031080300,nh_asian__high__family_with_children__white_dominant,129
17031080300,nh_asian__high__elderly__white_dominant,64
17031080300,hispanic__high__single_no_children__white_dominant,67
17031080300,hispanic__high__family_with_children__white_dominant,86
17031080300,hispanic__high__elderly__white_dominant,38
17031080300,nh_other__high__single_no_children__white_dominant,42
17031080300,nh_other__high__family_with_children__white_dominant,25
17031080300,nh_other__high__elderly__white_dominant,17
17031080400,nh_white__high__single_no_children__mixed,746
17031080400,nh_white__high__family_with_children__mixed,373
17031080400,nh_white__high__elderly__mixed,373
17031080400,nh_black__high__single_no_children__mixed,1144
17031080400,nh_black__high__family_with_children__mixed,763
17031080400,nh_black__high__elderly__mixed,636
17031080400,nh_asian__high__single_no_children__mixed,38
17031080400,nh_asian__high__family_with_children__mixed,38
17031080400,nh_asian__high__elderly__mixed,19
17031080400,hispanic__high__single_no_children__mixed,41
17031080400,hispanic__high__family_with_children__mixed,53
17031080400,hispanic__high__elderly__mixed,23
17031080400,nh_other__high__single_no_children__mixed,35
17031080400,nh_other__high__family_with_children__mixed,21
17031080400,nh_other__high__elderly__mixed,14
17031081000,nh_white__high__single_no_children__white_dominant,2694
17031081000,nh_white__high__family_with_children__white_dominant,1347
17031081000,nh_white__high__elderly__white_dominant,1347
17031081000,nh_black__high__single_no_children__white_dominant,409
17031081000,nh_black__high__family_with_children__white_dominant,273
17031081000,nh_black__high__elderly__white_dominant,227
17031081000,nh_asian__high__single_no_children__white_dominant,270
17031081000,nh_asian__high__family_with_children__white_dominant,270
17031081000,nh_asian__high__elderly__white_dominant,135
17031081000,hispanic__high__single_no_children__white_dominant,148
17031081000,hispanic__high__family_with_children__white_dominant,190
17031081000,hispanic__high__elderly__white_dominant,84
17031081000,nh_other__high__single_no_children__white_dominant,75
17031081000,nh_other__high__family_with_children__white_dominant,45
17031081000,nh_other__high__elderly__white_dominant,30
17031081100,nh_white__high__single_no_children__white_dominant,1288
17031081100,nh_white__high__family_with_children__white_dominant,644
17031081100,nh_white__high__elderly__white_dominant,644
17031081100,nh_black__high__single_no_children__white_dominant,206
17031081100,nh_black__high__family_with_children__white_dominant,137
17031081100,nh_black__high__elderly__white_dominant,114
17031081100,nh_asian__high__single_no_children__white_dominant,135
17031081100,nh_asian__high__family_with_children__white_dominant,135
17031081100,nh_asian__high__elderly__white_dominant,67
17031081100,hispanic__high__single_no_children__white_dominant,69
17031081100,hispanic__high__family_with_children__white_dominant,89
17031081100,hispanic__high__elderly__white_dominant,39
17031081100,nh_other__high__single_no_children__white_dominant,36
17031081100,nh_other__high__family_with_children__white_dominant,22
17031081100,nh_other__high__elderly__white_dominant,14
17031140500,nh_white__lower_middle__single_no_children__mixed,549
17031140500,nh_white__lower_middle__family_with_children__mixed,366
17031140500,nh_white__lower_middle__elderly__mixed,305
17031140500,nh_black__lower_middle__single_no_children__mixed,35
17031140500,nh_black__lower_middle__family_with_children__mixed,30
17031140500,nh_black__lower_middle__elderly__mixed,22
17031140500,nh_asian__lower_middle__single_no_children__mixed,132
17031140500,nh_asian__lower_middle__family_with_children__mixed,170
17031140500,nh_asian__lower_middle__elderly__mixed,75
17031140500,hispanic__lower_middle__single_no_children__mixed,564
17031140500,hispanic__lower_middle__family_with_children__mixed,940
17031140500,hispanic__lower_middle__elderly__mixed,376
17031140500,nh_other__lower_middle__single_no_children__mixed,53
17031140500,nh_other__lower_middle__family_with_children__mixed,41
17031140500,nh_other__lower_middle__elderly__mixed,23
17031140800,nh_white__lower_middle__single_no_children__mixed,1400
17031140800,nh_white__lower_middle__family_with_children__mixed,934
17031140800,nh_white__lower_middle__elderly__mixed,778
17031140800,nh_black__lower_middle__single_no_children__mixed,80
17031140800,nh_black__lower_middle__family_with_children__mixed,70
17031140800,nh_black__lower_middle__elderly__mixed,50
17031140800,nh_asian__lower_middle__single_no_children__mixed,206
17031140800,nh_asian__lower_middle__family_with_children__mixed,265
17031140800,nh_asian__lower_middle__elderly__mixed,118
17031140800,hispanic__lower_middle__single_no_children__mixed,834
17031140800,hispanic__lower_middle__family_with_children__mixed,1390
17031140800,hispanic__lower_middle__elderly__mixed,556
17031140800,nh_other__lower_middle__single_no_children__mixed,64
17031140800,nh_other__lower_middle__family_with_children__mixed,50
17031140800,nh_other__lower_middle__elderly__mixed,29
17031150200,nh_white__upper_middle__single_no_children__mixed,1964
17031150200,nh_white__upper_middle__family_with_children__mixed,1310
17031150200,nh_white__upper_middle__elderly__mixed,1091
17031150200,nh_black__upper_middle__single_no_children__mixed,56
17031150200,nh_black__upper_middle__family_with_children__mixed,49
17031150200,nh_black__upper_middle__elderly__mixed,35
17031150200,nh_asian__upper_middle__single_no_children__mixed,167
17031150200,nh_asian__upper_middle__family_with_children__mixed,215
17031150200,nh_asian__upper_middle__elderly__mixed,95
17031150200,hispanic__upper_middle__single_no_children__mixed,704
17031150200,hispanic__upper_middle__family_with_children__mixed,1173
17031150200,hispanic__upper_middle__elderly__mixed,469
17031150200,nh_other__upper_middle__single_no_children__mixed,95
17031150200,nh_other__upper_middle__family_with_children__mixed,74
17031150200,nh_other__upper_middle__elderly__mixed,42
17031150300,nh_white__upper_middle__single_no_children__mixed,2161
17031150300,nh_white__upper_middle__family_with_children__mixed,1441
17031150300,nh_white__upper_middle__elderly__mixed,1200
17031150300,nh_black__upper_middle__single_no_children__mixed,27
17031150300,nh_black__upper_middle__family_with_children__mixed,24
17031150300,nh_black__upper_middle__elderly__mixed,17
17031150300,nh_asian__upper_middle__single_no_children__mixed,108
17031150300,nh_asian__upper_middle__family_with_children__mixed,139
17031150300,nh_asian__upper_middle__elderly__mixed,62
17031150300,hispanic__upper_middle__single_no_children__mixed,563
17031150300,hispanic__upper_middle__family_with_children__mixed,939
17031150300,hispanic__upper_middle__elderly__mixed,376
17031150300,nh_other__upper_middle__single_no_children__mixed,64
17031150300,nh_other__upper_middle__family_with_children__mixed,50
17031150300,nh_other__upper_middle__elderly__mixed,28
17031150600,nh_white__upper_middle__single_no_children__mixed,1056
17031150600,nh_white__upper_middle__family_with_children__mixed,704
17031150600,nh_white__upper_middle__elderly__mixed,586
17031150600,nh_black__upper_middle__single_no_children__mixed,17
17031150600,nh_black__upper_middle__family_with_children__mixed,15
17031150600,nh_black__upper_middle__elderly__mixed,10
17031150600,nh_asian__upper_middle__single_no_children__mixed,54
17031150600,nh_asian__upper_middle__family_with_children__mixed,70
17031150600,nh_asian__upper_middle__elderly__mixed,31
17031150600,hispanic__upper_middle__single_no_children__mixed,464
17031150600,hispanic__upper_middle__family_with_children__mixed,773
17031150600,hispanic__upper_middle__elderly__mixed,309
17031150600,nh_other__upper_middle__single_no_children__mixed,33
17031150600,nh_other__upper_middle__family_with_children__mixed,26
17031150600,nh_other__upper_middle__elderly__mixed,15
17031150700,nh_white__upper_middle__single_no_children__mixed,1048
17031150700,nh_white__upper_middle__family_with_children__mixed,699
17031150700,nh_white__upper_middle__elderly__mixed,582
17031150700,nh_black__upper_middle__single_no_children__mixed,25
17031150700,nh_black__upper_middle__family_with_children__mixed,22
17031150700,nh_black__upper_middle__elderly__mixed,16
17031150700,nh_asian__upper_middle__single_no_children__mixed,59
17031150700,nh_asian__upper_middle__family_with_children__mixed,76
17031150700,nh_asian__upper_middle__elderly__mixed,34
17031150700,hispanic__upper_middle__single_no_children__mixed,591
17031150700,hispanic__upper_middle__family_with_children__mixed,985
17031150700,hispanic__upper_middle__elderly__mixed,394
17031150700,nh_other__upper_middle__single_no_children__mixed,35
17031150700,nh_other__upper_middle__family_with_children__mixed,27
17031150700,nh_other__upper_middle__elderly__mixed,16
17031300800,nh_white__low__single_no_children__hispanic_dominant,23
17031300800,nh_white__low__family_with_children__hispanic_dominant,19
17031300800,nh_white__low__elderly__hispanic_dominant,13
17031300800,nh_black__low__single_no_children__hispanic_dominant,37
17031300800,nh_black__low__family_with_children__hispanic_dominant,40
17031300800,nh_black__low__elderly__hispanic_dominant,23
17031300800,nh_asian__low__single_no_children__hispanic_dominant,1
17031300800,nh_asian__low__family_with_children__hispanic_dominant,2
17031300800,nh_asian__low__elderly__hispanic_dominant,1
17031300800,hispanic__low__single_no_children__hispanic_dominant,1192
17031300800,hispanic__low__family_with_children__hispanic_dominant,2429
17031300800,hispanic__low__elderly__hispanic_dominant,795
17031300800,nh_other__low__single_no_children__hispanic_dominant,15
17031300800,nh_other__low__family_with_children__hispanic_dominant,14
17031300800,nh_other__low__elderly__hispanic_dominant,6
17031300900,nh_white__low__single_no_children__hispanic_dominant,34
17031300900,nh_white__low__family_with_children__hispanic_dominant,28
17031300900,nh_white__low__elderly__hispanic_dominant,19
17031300900,nh_black__low__single_no_children__hispanic_dominant,31
17031300900,nh_black__low__family_with_children__hispanic_dominant,33
17031300900,nh_black__low__elderly__hispanic_dominant,19
17031300900,nh_asian__low__single_no_children__hispanic_dominant,1
17031300900,nh_asian__low__family_with_children__hispanic_dominant,1
17031300900,nh_asian__low__elderly__hispanic_dominant,1
17031300900,hispanic__low__single_no_children__hispanic_dominant,1317
17031300900,hispanic__low__family_with_children__hispanic_dominant,2682
17031300900,hispanic__low__elderly__hispanic_dominant,878
17031300900,nh_other__low__single_no_children__hispanic_dominant,3
17031300900,nh_other__low__family_with_children__hispanic_dominant,3
17031300900,nh_other__low__elderly__hispanic_dominant,1
17031301100,nh_white__low__single_no_children__hispanic_dominant,49
17031301100,nh_white__low__family_with_children__hispanic_dominant,41
17031301100,nh_white__low__elderly__hispanic_dominant,27
17031301100,nh_black__low__single_no_children__hispanic_dominant,44
17031301100,nh_black__low__family_with_children__hispanic_dominant,48
17031301100,nh_black__low__elderly__hispanic_dominant,28
17031301100,nh_asian__low__single_no_children__hispanic_dominant,1
17031301100,nh_asian__low__family_with_children__hispanic_dominant,2
17031301100,nh_asian__low__elderly__hispanic_dominant,1
17031301100,hispanic__low__single_no_children__hispanic_dominant,640
17031301100,hispanic__low__family_with_children__hispanic_dominant,1303
17031301100,hispanic__low__elderly__hispanic_dominant,426
17031301100,nh_other__low__single_no_children__hispanic_dominant,3
17031301100,nh_other__low__family_with_children__hispanic_dominant,3
17031301100,nh_other__low__elderly__hispanic_dominant,1
17031301200,nh_white__low__single_no_children__hispanic_dominant,51
17031301200,nh_white__low__family_with_children__hispanic_dominant,43
17031301200,nh_white__low__elderly__hispanic_dominant,28
17031301200,nh_black__low__single_no_children__hispanic_dominant,80
17031301200,nh_black__low__family_with_children__hispanic_dominant,86
17031301200,nh_black__low__elderly__hispanic_dominant,49
17031301200,nh_asian__low__single_no_children__hispanic_dominant,1
17031301200,nh_asian__low__family_with_children__hispanic_dominant,2
17031301200,nh_asian__low__elderly__hispanic_dominant,1
17031301200,hispanic__low__single_no_children__hispanic_dominant,983
17031301200,hispanic__low__family_with_children__hispanic_dominant,2003
17031301200,hispanic__low__elderly__hispanic_dominant,656
17031301200,nh_other__low__single_no_children__hispanic_dominant,12
17031301200,nh_other__low__family_with_children__hispanic_dominant,12
17031301200,nh_other__low__elderly__hispanic_dominant,5
17031301600,nh_white__low__single_no_children__hispanic_dominant,30
17031301600,nh_white__low__family_with_children__hispanic_dominant,25
17031301600,nh_white__low__elderly__hispanic_dominant,16
17031301600,nh_black__low__single_no_children__hispanic_dominant,4
17031301600,nh_black__low__family_with_children__hispanic_dominant,4
17031301600,nh_black__low__elderly__hispanic_dominant,3
17031301600,hispanic__low__single_no_children__hispanic_dominant,1230
17031301600,hispanic__low__family_with_children__hispanic_dominant,2506
17031301600,hispanic__low__elderly__hispanic_dominant,820
17031301600,nh_other__low__single_no_children__hispanic_dominant,6
17031301600,nh_other__low__family_with_children__hispanic_dominant,6
17031301600,nh_other__low__elderly__hispanic_dominant,3
17031310200,nh_white__lower_middle__single_no_children__mixed,180
17031310200,nh_white__lower_middle__family_with_children__mixed,120
17031310200,nh_white__lower_middle__elderly__mixed,100
17031310200,nh_black__lower_middle__single_no_children__mixed,30
17031310200,nh_black__lower_middle__family_with_children__mixed,27
17031310200,nh_black__lower_middle__elderly__mixed,19
17031310200,nh_asian__lower_middle__single_no_children__mixed,13
17031310200,nh_asian__lower_middle__family_with_children__mixed,17
17031310200,nh_asian__lower_middle__elderly__mixed,8
17031310200,hispanic__lower_middle__single_no_children__mixed,238
17031310200,hispanic__lower_middle__family_with_children__mixed,397
17031310200,hispanic__lower_middle__elderly__mixed,159
17031310200,nh_other__lower_middle__single_no_children__mixed,13
17031310200,nh_other__lower_middle__family_with_children__mixed,10
17031310200,nh_other__lower_middle__elderly__mixed,6
17031310300,nh_white__lower_middle__single_no_children__mixed,187
17031310300,nh_white__lower_middle__family_with_children__mixed,124
17031310300,nh_white__lower_middle__elderly__mixed,104
17031310300,nh_black__lower_middle__single_no_children__mixed,27
17031310300,nh_black__lower_middle__family_with_children__mixed,23
17031310300,nh_black__lower_middle__elderly__mixed,17
17031310300,nh_asian__lower_middle__single_no_children__mixed,15
17031310300,nh_asian__lower_middle__family_with_children__mixed,19
17031310300,nh_asian__lower_middle__elderly__mixed,8
17031310300,hispanic__lower_middle__single_no_children__mixed,344
17031310300,hispanic__lower_middle__family_with_children__mixed,574
17031310300,hispanic__lower_middle__elderly__mixed,229
17031310300,nh_other__lower_middle__single_no_children__mixed,12
17031310300,nh_other__lower_middle__family_with_children__mixed,9
17031310300,nh_other__lower_middle__elderly__mixed,5
17031310400,nh_white__lower_middle__single_no_children__hispanic_dominant,104
17031310400,nh_white__lower_middle__family_with_children__hispanic_dominant,69
17031310400,nh_white__lower_middle__elderly__hispanic_dominant,58
17031310400,nh_black__lower_middle__single_no_children__hispanic_dominant,26
17031310400,nh_black__lower_middle__family_with_children__hispanic_dominant,23
17031310400,nh_black__lower_middle__elderly__hispanic_dominant,16
17031310400,nh_asian__lower_middle__single_no_children__hispanic_dominant,10
17031310400,nh_asian__lower_middle__family_with_children__hispanic_dominant,14
17031310400,nh_asian__lower_middle__elderly__hispanic_dominant,6
17031310400,hispanic__lower_middle__single_no_children__hispanic_dominant,297
17031310400,hispanic__lower_middle__family_with_children__hispanic_dominant,496
17031310400,hispanic__lower_middle__elderly__hispanic_dominant,198
17031310400,nh_other__lower_middle__single_no_children__hispanic_dominant,7
17031310400,nh_other__lower_middle__family_with_children__hispanic_dominant,6
17031310400,nh_other__lower_middle__elderly__hispanic_dominant,3
17031310500,nh_white__lower_middle__single_no_children__hispanic_dominant,67
17031310500,nh_white__lower_middle__family_with_children__hispanic_dominant,44
17031310500,nh_white__lower_middle__elderly__hispanic_dominant,37
17031310500,nh_black__lower_middle__single_no_children__hispanic_dominant,15
17031310500,nh_black__lower_middle__family_with_children__hispanic_dominant,13
17031310500,nh_black__lower_middle__elderly__hispanic_dominant,9
17031310500,nh_asian__lower_middle__single_no_children__hispanic_dominant,2
17031310500,nh_asian__lower_middle__family_with_children__hispanic_dominant,3
17031310500,nh_asian__lower_middle__elderly__hispanic_dominant,1
17031310500,hispanic__lower_middle__single_no_children__hispanic_dominant,449
17031310500,hispanic__lower_middle__family_with_children__hispanic_dominant,749
17031310500,hispanic__lower_middle__elderly__hispanic_dominant,300
17031310500,nh_other__lower_middle__single_no_children__hispanic_dominant,4
17031310500,nh_other__lower_middle__family_with_children__hispanic_dominant,4
17031310500,nh_other__lower_middle__elderly__hispanic_dominant,2
17031510300,nh_white__low__single_no_children__black_dominant,11
17031510300,nh_white__low__family_with_children__black_dominant,9
17031510300,nh_white__low__elderly__black_dominant,6
17031510300,nh_black__low__single_no_children__black_dominant,1921
17031510300,nh_black__low__family_with_children__black_dominant,2077
17031510300,nh_black__low__elderly__black_dominant,1194
17031510300,nh_asian__low__single_no_children__black_dominant,1
17031510300,nh_asian__low__family_with_children__black_dominant,2
17031510300,nh_asian__low__elderly__black_dominant,1
17031510300,hispanic__low__single_no_children__black_dominant,15
17031510300,hispanic__low__family_with_children__black_dominant,30
17031510300,hispanic__low__elderly__black_dominant,10
17031510300,nh_other__low__single_no_children__black_dominant,34
17031510300,nh_other__low__family_with_children__black_dominant,33
17031510300,nh_other__low__elderly__black_dominant,15
17031491400,nh_white__lower_middle__single_no_children__black_dominant,7
17031491400,nh_white__lower_middle__family_with_children__black_dominant,4
17031491400,nh_white__lower_middle__elderly__black_dominant,4
17031491400,nh_black__lower_middle__single_no_children__black_dominant,1136
17031491400,nh_black__lower_middle__family_with_children__black_dominant,994
17031491400,nh_black__lower_middle__elderly__black_dominant,710
17031491400,hispanic__lower_middle__single_no_children__black_dominant,12
17031491400,hispanic__lower_middle__family_with_children__black_dominant,20
17031491400,hispanic__lower_middle__elderly__black_dominant,8
17031491400,nh_other__lower_middle__single_no_children__black_dominant,16
17031491400,nh_other__lower_middle__family_with_children__black_dominant,12
17031491400,nh_other__lower_middle__elderly__black_dominant,7
17031530100,nh_white__lower_middle__single_no_children__mixed,22
17031530100,nh_white__lower_middle__family_with_children__mixed,15
17031530100,nh_white__lower_middle__elderly__mixed,12
17031530100,nh_black__lower_middle__single_no_children__mixed,463
17031530100,nh_black__lower_middle__family_with_children__mixed,405
17031530100,nh_black__lower_middle__elderly__mixed,289
17031530100,nh_asian__lower_middle__single_no_children__mixed,1
17031530100,nh_asian__lower_middle__family_with_children__mixed,1
17031530100,nh_asian__lower_middle__elderly__mixed,1
17031530100,hispanic__lower_middle__single_no_children__mixed,341
17031530100,hispanic__lower_middle__family_with_children__mixed,568
17031530100,hispanic__lower_middle__elderly__mixed,227
17031530100,nh_other__lower_middle__single_no_children__mixed,11
17031530100,nh_other__lower_middle__family_with_children__mixed,9
17031530100,nh_other__lower_middle__elderly__mixed,5
17031500200,nh_white__lower_middle__single_no_children__black_dominant,5
17031500200,nh_white__lower_middle__family_with_children__black_dominant,4
17031500200,nh_white__lower_middle__elderly__black_dominant,3
17031500200,nh_black__lower_middle__single_no_children__black_dominant,772
17031500200,nh_black__lower_middle__family_with_children__black_dominant,676
17031500200,nh_black__lower_middle__elderly__black_dominant,482
17031500200,nh_asian__lower_middle__single_no_children__black_dominant,1
17031500200,nh_asian__lower_middle__family_with_children__black_dominant,1
17031500200,nh_asian__lower_middle__elderly__black_dominant,1
17031500200,hispanic__lower_middle__single_no_children__black_dominant,11
17031500200,hispanic__lower_middle__family_with_children__black_dominant,19
17031500200,hispanic__lower_middle__elderly__black_dominant,8
17031500200,nh_other__lower_middle__single_no_children__black_dominant,15
17031500200,nh_other__lower_middle__family_with_children__black_dominant,12
17031500200,nh_other__lower_middle__elderly__black_dominant,7
17031530200,nh_white__lower_middle__single_no_children__black_dominant,8
17031530200,nh_white__lower_middle__family_with_children__black_dominant,5
17031530200,nh_white__lower_middle__elderly__black_dominant,4
17031530200,nh_black__lower_middle__single_no_children__black_dominant,1999
17031530200,nh_black__lower_middle__family_with_children__black_dominant,1749
17031530200,nh_black__lower_middle__elderly__black_dominant,1249
17031530200,hispanic__lower_middle__single_no_children__black_dominant,20
17031530200,hispanic__lower_middle__family_with_children__black_dominant,34
17031530200,hispanic__lower_middle__elderly__black_dominant,13
17031530200,nh_other__lower_middle__single_no_children__black_dominant,32
17031530200,nh_other__lower_middle__family_with_children__black_dominant,25
17031530200,nh_other__lower_middle__elderly__black_dominant,14
17031740100,nh_white__upper_middle__single_no_children__white_dominant,1211
17031740100,nh_white__upper_middle__family_with_children__white_dominant,808
17031740100,nh_white__upper_middle__elderly__white_dominant,673
17031740100,nh_black__upper_middle__single_no_children__white_dominant,17
17031740100,nh_black__upper_middle__family_with_children__white_dominant,15
17031740100,nh_black__upper_middle__elderly__white_dominant,10
17031740100,nh_asian__upper_middle__single_no_children__white_dominant,5
17031740100,nh_asian__upper_middle__family_with_children__white_dominant,6
17031740100,nh_asian__upper_middle__elderly__white_dominant,3
17031740100,hispanic__upper_middle__single_no_children__white_dominant,82
17031740100,hispanic__upper_middle__family_with_children__white_dominant,138
17031740100,hispanic__upper_middle__elderly__white_dominant,55
17031740100,nh_other__upper_middle__single_no_children__white_dominant,11
17031740100,nh_other__upper_middle__family_with_children__white_dominant,9
17031740100,nh_other__upper_middle__elderly__white_dominant,5
17031740400,nh_white__upper_middle__single_no_children__white_dominant,1721
17031740400,nh_white__upper_middle__family_with_children__white_dominant,1147
17031740400,nh_white__upper_middle__elderly__white_dominant,956
17031740400,nh_black__upper_middle__single_no_children__white_dominant,228
17031740400,nh_black__upper_middle__family_with_children__white_dominant,199
17031740400,nh_black__upper_middle__elderly__white_dominant,142
17031740400,nh_asian__upper_middle__single_no_children__white_dominant,14
17031740400,nh_asian__upper_middle__family_with_children__white_dominant,18
17031740400,nh_asian__upper_middle__elderly__white_dominant,8
17031740400,hispanic__upper_middle__single_no_children__white_dominant,86
17031740400,hispanic__upper_middle__family_with_children__white_dominant,144
17031740400,hispanic__upper_middle__elderly__white_dominant,58
17031740400,nh_other__upper_middle__single_no_children__white_dominant,29
17031740400,nh_other__upper_middle__family_with_children__white_dominant,22
17031740400,nh_other__upper_middle__elderly__white_dominant,13
17031640100,nh_white__upper_middle__single_no_children__mixed,171
17031640100,nh_white__upper_middle__family_with_children__mixed,114
17031640100,nh_white__upper_middle__elderly__mixed,95
17031640100,nh_black__upper_middle__single_no_children__mixed,18
17031640100,nh_black__upper_middle__family_with_children__mixed,15
17031640100,nh_black__upper_middle__elderly__mixed,11
17031640100,nh_asian__upper_middle__single_no_children__mixed,4
17031640100,nh_asian__upper_middle__family_with_children__mixed,4
17031640100,nh_asian__upper_middle__elderly__mixed,2
17031640100,hispanic__upper_middle__single_no_children__mixed,226
17031640100,hispanic__upper_middle__family_with_children__mixed,376
17031640100,hispanic__upper_middle__elderly__mixed,151
17031640100,nh_other__upper_middle__single_no_children__mixed,10
17031640100,nh_other__upper_middle__family_with_children__mixed,8
17031640100,nh_other__upper_middle__elderly__mixed,5
17031640300,nh_white__upper_middle__single_no_children__mixed,1529
17031640300,nh_white__upper_middle__family_with_children__mixed,1019
17031640300,nh_white__upper_middle__elderly__mixed,850
17031640300,nh_black__upper_middle__single_no_children__mixed,22
17031640300,nh_black__upper_middle__family_with_children__mixed,20
17031640300,nh_black__upper_middle__elderly__mixed,14
17031640300,nh_asian__upper_middle__single_no_children__mixed,14
17031640300,nh_asian__upper_middle__family_with_children__mixed,18
17031640300,nh_asian__upper_middle__elderly__mixed,8
17031640300,hispanic__upper_middle__single_no_children__mixed,872
17031640300,hispanic__upper_middle__family_with_children__mixed,1454
17031640300,hispanic__upper_middle__elderly__mixed,581
17031640300,nh_other__upper_middle__single_no_children__mixed,28
17031640300,nh_other__upper_middle__family_with_children__mixed,22
17031640300,nh_other__upper_middle__elderly__mixed,13
17031640400,nh_white__upper_middle__single_no_children__mixed,951
17031640400,nh_white__upper_middle__family_with_children__mixed,634
17031640400,nh_white__upper_middle__elderly__mixed,528
17031640400,nh_black__upper_middle__single_no_children__mixed,5
17031640400,nh_black__upper_middle__family_with_children__mixed,4
17031640400,nh_black__upper_middle__elderly__mixed,3
17031640400,nh_asian__upper_middle__single_no_children__mixed,7
17031640400,nh_asian__upper_middle__family_with_children__mixed,9
17031640400,nh_asian__upper_middle__elderly__mixed,4
17031640400,hispanic__upper_middle__single_no_children__mixed,303
17031640400,hispanic__upper_middle__family_with_children__mixed,506
17031640400,hispanic__upper_middle__elderly__mixed,202
17031640400,nh_other__upper_middle__single_no_children__mixed,15
17031640400,nh_other__upper_middle__family_with_children__mixed,12
17031640400,nh_other__upper_middle__elderly__mixed,7
17031640500,nh_white__upper_middle__single_no_children__mixed,989
17031640500,nh_white__upper_middle__family_with_children__mixed,659
17031640500,nh_white__upper_middle__elderly__mixed,550
17031640500,nh_black__upper_middle__single_no_children__mixed,16
17031640500,nh_black__upper_middle__family_with_children__mixed,14
17031640500,nh_black__upper_middle__elderly__mixed,10
17031640500,nh_asian__upper_middle__single_no_children__mixed,19
17031640500,nh_asian__upper_middle__family_with_children__mixed,24
17031640500,nh_asian__upper_middle__elderly__mixed,11
17031640500,hispanic__upper_middle__single_no_children__mixed,351
17031640500,hispanic__upper_middle__family_with_children__mixed,585
17031640500,hispanic__upper_middle__elderly__mixed,234
17031640500,nh_other__upper_middle__single_no_children__mixed,14
17031640500,nh_other__upper_middle__family_with_children__mixed,10
17031640500,nh_other__upper_middle__elderly__mixed,6
17031640600,nh_white__upper_middle__single_no_children__mixed,980
17031640600,nh_white__upper_middle__family_with_children__mixed,653
17031640600,nh_white__upper_middle__elderly__mixed,544
17031640600,nh_black__upper_middle__single_no_children__mixed,19
17031640600,nh_black__upper_middle__family_with_children__mixed,16
17031640600,nh_black__upper_middle__elderly__mixed,12
17031640600,nh_asian__upper_middle__single_no_children__mixed,15
17031640600,nh_asian__upper_middle__family_with_children__mixed,20
17031640600,nh_asian__upper_middle__elderly__mixed,9
17031640600,hispanic__upper_middle__single_no_children__mixed,480
17031640600,hispanic__upper_middle__family_with_children__mixed,800
17031640600,hispanic__upper_middle__elderly__mixed,320
17031640600,nh_other__upper_middle__single_no_children__mixed,20
17031640600,nh_other__upper_middle__family_with_children__mixed,15
17031640600,nh_other__upper_middle__elderly__mixed,9
17031640700,nh_white__upper_middle__single_no_children__mixed,592
17031640700,nh_white__upper_middle__family_with_children__mixed,394
17031640700,nh_white__upper_middle__elderly__mixed,329
17031640700,nh_black__upper_middle__single_no_children__mixed,12
17031640700,nh_black__upper_middle__family_with_children__mixed,11
17031640700,nh_black__upper_middle__elderly__mixed,8
17031640700,nh_asian__upper_middle__single_no_children__mixed,8
17031640700,nh_asian__upper_middle__family_with_children__mixed,10
17031640700,nh_asian__upper_middle__elderly__mixed,4
17031640700,hispanic__upper_middle__single_no_children__mixed,528
17031640700,hispanic__upper_middle__family_with_children__mixed,880
17031640700,hispanic__upper_middle__elderly__mixed,352
17031640700,nh_other__upper_middle__single_no_children__mixed,13
17031640700,nh_other__upper_middle__family_with_children__mixed,10
17031640700,nh_other__upper_middle__elderly__mixed,6
17031640800,nh_white__upper_middle__single_no_children__hispanic_dominant,153
17031640800,nh_white__upper_middle__family_with_children__hispanic_dominant,102
17031640800,nh_white__upper_middle__elderly__hispanic_dominant,85
17031640800,nh_black__upper_middle__single_no_children__hispanic_dominant,21
17031640800,nh_black__upper_middle__family_with_children__hispanic_dominant,19
17031640800,nh_black__upper_middle__elderly__hispanic_dominant,13
17031640800,nh_asian__upper_middle__single_no_children__hispanic_dominant,8
17031640800,nh_asian__upper_middle__family_with_children__hispanic_dominant,10
17031640800,nh_asian__upper_middle__elderly__hispanic_dominant,4
17031640800,hispanic__upper_middle__single_no_children__hispanic_dominant,385
17031640800,hispanic__upper_middle__family_with_children__hispanic_dominant,642
17031640800,hispanic__upper_middle__elderly__hispanic_dominant,257
17031640800,nh_other__upper_middle__single_no_children__hispanic_dominant,9
17031640800,nh_other__upper_middle__family_with_children__hispanic_dominant,7
17031640800,nh_other__upper_middle__elderly__hispanic_dominant,4
17031650100,nh_white__lower_middle__single_no_children__hispanic_dominant,238
17031650100,nh_white__lower_middle__family_with_children__hispanic_dominant,159
17031650100,nh_white__lower_middle__elderly__hispanic_dominant,132
17031650100,nh_black__lower_middle__single_no_children__hispanic_dominant,61
17031650100,nh_black__lower_middle__family_with_children__hispanic_dominant,54
17031650100,nh_black__lower_middle__elderly__hispanic_dominant,38
17031650100,nh_asian__lower_middle__single_no_children__hispanic_dominant,11
17031650100,nh_asian__lower_middle__family_with_children__hispanic_dominant,14
17031650100,nh_asian__lower_middle__elderly__hispanic_dominant,6
17031650100,hispanic__lower_middle__single_no_children__hispanic_dominant,1222
17031650100,hispanic__lower_middle__family_with_children__hispanic_dominant,2038
17031650100,hispanic__lower_middle__elderly__hispanic_dominant,815
17031650100,nh_other__lower_middle__single_no_children__hispanic_dominant,12
17031650100,nh_other__lower_middle__family_with_children__hispanic_dominant,9
17031650100,nh_other__lower_middle__elderly__hispanic_dominant,5
17031081300,nh_white__high__single_no_children__white_dominant,1984
17031081300,nh_white__high__family_with_children__white_dominant,992
17031081300,nh_white__high__elderly__white_dominant,992
17031081300,nh_black__high__single_no_children__white_dominant,78
17031081300,nh_black__high__family_with_children__white_dominant,52
17031081300,nh_black__high__elderly__white_dominant,43
17031081300,nh_asian__high__single_no_children__white_dominant,192
17031081300,nh_asian__high__family_with_children__white_dominant,192
17031081300,nh_asian__high__elderly__white_dominant,96
17031081300,hispanic__high__single_no_children__white_dominant,65
17031081300,hispanic__high__family_with_children__white_dominant,84
17031081300,hispanic__high__elderly__white_dominant,37
17031081300,nh_other__high__single_no_children__white_dominant,38
17031081300,nh_other__high__family_with_children__white_dominant,23
17031081300,nh_other__high__elderly__white_dominant,15
17031010100,nh_white__upper_middle__single_no_children__mixed,675
17031010100,nh_white__upper_middle__family_with_children__mixed,450
17031010100,nh_white__upper_middle__elderly__mixed,375
17031010100,nh_black__upper_middle__single_no_children__mixed,956
17031010100,nh_black__upper_middle__family_with_children__mixed,836
17031010100,nh_black__upper_middle__elderly__mixed,598
17031010100,nh_asian__upper_middle__single_no_children__mixed,52
17031010100,nh_asian__upper_middle__family_with_children__mixed,68
17031010100,nh_asian__upper_middle__elderly__mixed,30
17031010100,hispanic__upper_middle__single_no_children__mixed,185
17031010100,hispanic__upper_middle__family_with_children__mixed,308
17031010100,hispanic__upper_middle__elderly__mixed,123
17031010100,nh_other__upper_middle__single_no_children__mixed,89
17031010100,nh_other__upper_middle__family_with_children__mixed,69
17031010100,nh_other__upper_middle__elderly__mixed,39
17031010300,nh_white__upper_middle__single_no_children__mixed,1276
17031010300,nh_white__upper_middle__family_with_children__mixed,851
17031010300,nh_white__upper_middle__elderly__mixed,709
17031010300,nh_black__upper_middle__single_no_children__mixed,676
17031010300,nh_black__upper_middle__family_with_children__mixed,592
17031010300,nh_black__upper_middle__elderly__mixed,423
17031010300,nh_asian__upper_middle__single_no_children__mixed,116
17031010300,nh_asian__upper_middle__family_with_children__mixed,149
17031010300,nh_asian__upper_middle__elderly__mixed,66
17031010300,hispanic__upper_middle__single_no_children__mixed,351
17031010300,hispanic__upper_middle__family_with_children__mixed,584
17031010300,hispanic__upper_middle__elderly__mixed,234
17031010300,nh_other__upper_middle__single_no_children__mixed,94
17031010300,nh_other__upper_middle__family_with_children__mixed,73
17031010300,nh_other__upper_middle__elderly__mixed,42
17031010600,nh_white__upper_middle__single_no_children__mixed,1326
17031010600,nh_white__upper_middle__family_with_children__mixed,884
17031010600,nh_white__upper_middle__elderly__mixed,737
17031010600,nh_black__upper_middle__single_no_children__mixed,597
17031010600,nh_black__upper_middle__family_with_children__mixed,523
17031010600,nh_black__upper_middle__elderly__mixed,373
17031010600,nh_asian__upper_middle__single_no_children__mixed,114
17031010600,nh_asian__upper_middle__family_with_children__mixed,147
17031010600,nh_asian__upper_middle__elderly__mixed,65
17031010600,hispanic__upper_middle__single_no_children__mixed,346
17031010600,hispanic__upper_middle__family_with_children__mixed,576
17031010600,hispanic__upper_middle__elderly__mixed,231
17031010600,nh_other__upper_middle__single_no_children__mixed,80
17031010600,nh_other__upper_middle__family_with_children__mixed,62
17031010600,nh_other__upper_middle__elderly__mixed,35
17031020100,nh_white__upper_middle__single_no_children__mixed,506
17031020100,nh_white__upper_middle__family_with_children__mixed,337
17031020100,nh_white__upper_middle__elderly__mixed,281
17031020100,nh_black__upper_middle__single_no_children__mixed,463
17031020100,nh_black__upper_middle__family_with_children__mixed,405
17031020100,nh_black__upper_middle__elderly__mixed,290
17031020100,nh_asian__upper_middle__single_no_children__mixed,210
17031020100,nh_asian__upper_middle__family_with_children__mixed,270
17031020100,nh_asian__upper_middle__elderly__mixed,120
17031020100,hispanic__upper_middle__single_no_children__mixed,286
17031020100,hispanic__upper_middle__family_with_children__mixed,476
17031020100,hispanic__upper_middle__elderly__mixed,190
17031020100,nh_other__upper_middle__single_no_children__mixed,58
17031020100,nh_other__upper_middle__family_with_children__mixed,46
17031020100,nh_other__upper_middle__elderly__mixed,26
17031020200,nh_white__upper_middle__single_no_children__mixed,1621
17031020200,nh_white__upper_middle__family_with_children__mixed,1081
17031020200,nh_white__upper_middle__elderly__mixed,900
17031020200,nh_black__upper_middle__single_no_children__mixed,237
17031020200,nh_black__upper_middle__family_with_children__mixed,208
17031020200,nh_black__upper_middle__elderly__mixed,148
17031020200,nh_asian__upper_middle__single_no_children__mixed,486
17031020200,nh_asian__upper_middle__family_with_children__mixed,625
17031020200,nh_asian__upper_middle__elderly__mixed,278
17031020200,hispanic__upper_middle__single_no_children__mixed,283
17031020200,hispanic__upper_middle__family_with_children__mixed,472
17031020200,hispanic__upper_middle__elderly__mixed,189
17031020200,nh_other__upper_middle__single_no_children__mixed,67
17031020200,nh_other__upper_middle__family_with_children__mixed,52
17031020200,nh_other__upper_middle__elderly__mixed,30
17031020400,nh_white__upper_middle__single_no_children__mixed,828
17031020400,nh_white__upper_middle__family_with_children__mixed,552
17031020400,nh_white__upper_middle__elderly__mixed,460
17031020400,nh_black__upper_middle__single_no_children__mixed,282
17031020400,nh_black__upper_middle__family_with_children__mixed,247
17031020400,nh_black__upper_middle__elderly__mixed,176
17031020400,nh_asian__upper_middle__single_no_children__mixed,183
17031020400,nh_asian__upper_middle__family_with_children__mixed,235
17031020400,nh_asian__upper_middle__elderly__mixed,104
17031020400,hispanic__upper_middle__single_no_children__mixed,296
17031020400,hispanic__upper_middle__family_with_children__mixed,494
17031020400,hispanic__upper_middle__elderly__mixed,197
17031020400,nh_other__upper_middle__single_no_children__mixed,51
17031020400,nh_other__upper_middle__family_with_children__mixed,40
17031020400,nh_other__upper_middle__elderly__mixed,23
17031150800,nh_white__upper_middle__single_no_children__mixed,908
17031150800,nh_white__upper_middle__family_with_children__mixed,605
17031150800,nh_white__upper_middle__elderly__mixed,504
17031150800,nh_black__upper_middle__single_no_children__mixed,44
17031150800,nh_black__upper_middle__family_with_children__mixed,38
17031150800,nh_black__upper_middle__elderly__mixed,27
17031150800,nh_asian__upper_middle__single_no_children__mixed,76
17031150800,nh_asian__upper_middle__family_with_children__mixed,97
17031150800,nh_asian__upper_middle__elderly__mixed,43
17031150800,hispanic__upper_middle__single_no_children__mixed,853
17031150800,hispanic__upper_middle__family_with_children__mixed,1421
17031150800,hispanic__upper_middle__elderly__mixed,568
17031150800,nh_other__upper_middle__single_no_children__mixed,43
17031150800,nh_other__upper_middle__family_with_children__mixed,33
17031150800,nh_other__upper_middle__elderly__mixed,19
17031151100,nh_white__upper_middle__single_no_children__mixed,1151
17031151100,nh_white__upper_middle__family_with_children__mixed,767
17031151100,nh_white__upper_middle__elderly__mixed,640
17031151100,nh_black__upper_middle__single_no_children__mixed,22
17031151100,nh_black__upper_middle__family_with_children__mixed,19
17031151100,nh_black__upper_middle__elderly__mixed,14
17031151100,nh_asian__upper_middle__single_no_children__mixed,75
17031151100,nh_asian__upper_middle__family_with_children__mixed,97
17031151100,nh_asian__upper_middle__elderly__mixed,43
17031151100,hispanic__upper_middle__single_no_children__mixed,770
17031151100,hispanic__upper_middle__family_with_children__mixed,1283
17031151100,hispanic__upper_middle__elderly__mixed,513
17031151100,nh_other__upper_middle__single_no_children__mixed,29
17031151100,nh_other__upper_middle__family_with_children__mixed,22
17031151100,nh_other__upper_middle__elderly__mixed,13
17031151200,nh_white__upper_middle__single_no_children__mixed,940
17031151200,nh_white__upper_middle__family_with_children__mixed,626
17031151200,nh_white__upper_middle__elderly__mixed,522
17031151200,nh_black__upper_middle__single_no_children__mixed,14
17031151200,nh_black__upper_middle__family_with_children__mixed,13
17031151200,nh_black__upper_middle__elderly__mixed,9
17031151200,nh_asian__upper_middle__single_no_children__mixed,69
17031151200,nh_asian__upper_middle__family_with_children__mixed,89
17031151200,nh_asian__upper_middle__elderly__mixed,40
17031151200,hispanic__upper_middle__single_no_children__mixed,456
17031151200,hispanic__upper_middle__family_with_children__mixed,760
17031151200,hispanic__upper_middle__elderly__mixed,304
17031151200,nh_other__upper_middle__single_no_children__mixed,19
17031151200,nh_other__upper_middle__family_with_children__mixed,15
17031151200,nh_other__upper_middle__elderly__mixed,9
17031160100,nh_white__upper_middle__single_no_children__mixed,619
17031160100,nh_white__upper_middle__family_with_children__mixed,412
17031160100,nh_white__upper_middle__elderly__mixed,344
17031160100,nh_black__upper_middle__single_no_children__mixed,16
17031160100,nh_black__upper_middle__family_with_children__mixed,14
17031160100,nh_black__upper_middle__elderly__mixed,10
17031160100,nh_asian__upper_middle__single_no_children__mixed,89
17031160100,nh_asian__upper_middle__family_with_children__mixed,114
17031160100,nh_asian__upper_middle__elderly__mixed,51
17031160100,hispanic__upper_middle__single_no_children__mixed,215
17031160100,hispanic__upper_middle__family_with_children__mixed,358
17031160100,hispanic__upper_middle__elderly__mixed,143
17031160100,nh_other__upper_middle__single_no_children__mixed,45
17031160100,nh_other__upper_middle__family_with_children__mixed,35
17031160100,nh_other__upper_middle__elderly__mixed,20
17031160200,nh_white__upper_middle__single_no_children__mixed,959
17031160200,nh_white__upper_middle__family_with_children__mixed,640
17031160200,nh_white__upper_middle__elderly__mixed,533
17031160200,nh_black__upper_middle__single_no_children__mixed,35
17031160200,nh_black__upper_middle__family_with_children__mixed,31
17031160200,nh_black__upper_middle__elderly__mixed,22
17031160200,nh_asian__upper_middle__single_no_children__mixed,95
17031160200,nh_asian__upper_middle__family_with_children__mixed,122
17031160200,nh_asian__upper_middle__elderly__mixed,54
17031160200,hispanic__upper_middle__single_no_children__mixed,262
17031160200,hispanic__upper_middle__family_with_children__mixed,436
17031160200,hispanic__upper_middle__elderly__mixed,175
17031160200,nh_other__upper_middle__single_no_children__mixed,36
17031160200,nh_other__upper_middle__family_with_children__mixed,28
17031160200,nh_other__upper_middle__elderly__mixed,16
17031160300,nh_white__upper_middle__single_no_children__mixed,981
17031160300,nh_white__upper_middle__family_with_children__mixed,654
17031160300,nh_white__upper_middle__elderly__mixed,545
17031160300,nh_black__upper_middle__single_no_children__mixed,120
17031160300,nh_black__upper_middle__family_with_children__mixed,105
17031160300,nh_black__upper_middle__elderly__mixed,75
17031160300,nh_asian__upper_middle__single_no_children__mixed,127
17031160300,nh_asian__upper_middle__family_with_children__mixed,163
17031160300,nh_asian__upper_middle__elderly__mixed,73
17031160300,hispanic__upper_middle__single_no_children__mixed,244
17031160300,hispanic__upper_middle__family_with_children__mixed,407
17031160300,hispanic__upper_middle__elderly__mixed,163
17031160300,nh_other__upper_middle__single_no_children__mixed,57
17031160300,nh_other__upper_middle__family_with_children__mixed,44
17031160300,nh_other__upper_middle__elderly__mixed,25
17031160400,nh_white__upper_middle__single_no_children__mixed,936
17031160400,nh_white__upper_middle__family_with_children__mixed,624
17031160400,nh_white__upper_middle__elderly__mixed,520
17031160400,nh_black__upper_middle__single_no_children__mixed,66
17031160400,nh_black__upper_middle__family_with_children__mixed,58
17031160400,nh_black__upper_middle__elderly__mixed,42
17031160400,nh_asian__upper_middle__single_no_children__mixed,96
17031160400,nh_asian__upper_middle__family_with_children__mixed,123
17031160400,nh_asian__upper_middle__elderly__mixed,55
17031160400,hispanic__upper_middle__single_no_children__mixed,638
17031160400,hispanic__upper_middle__family_with_children__mixed,1063
17031160400,hispanic__upper_middle__elderly__mixed,425
17031160400,nh_other__upper_middle__single_no_children__mixed,55
17031160400,nh_other__upper_middle__family_with_children__mixed,43
17031160400,nh_other__upper_middle__elderly__mixed,24
17031310600,nh_white__lower_middle__single_no_children__hispanic_dominant,354
17031310600,nh_white__lower_middle__family_with_children__hispanic_dominant,236
17031310600,nh_white__lower_middle__elderly__hispanic_dominant,197
17031310600,nh_black__lower_middle__single_no_children__hispanic_dominant,134
17031310600,nh_black__lower_middle__family_with_children__hispanic_dominant,118
17031310600,nh_black__lower_middle__elderly__hispanic_dominant,84
17031310600,nh_asian__lower_middle__single_no_children__hispanic_dominant,27
17031310600,nh_asian__lower_middle__family_with_children__hispanic_dominant,35
17031310600,nh_asian__lower_middle__elderly__hispanic_dominant,16
17031310600,hispanic__lower_middle__single_no_children__hispanic_dominant,1377
17031310600,hispanic__lower_middle__family_with_children__hispanic_dominant,2295
17031310600,hispanic__lower_middle__elderly__hispanic_dominant,918
17031310600,nh_other__lower_middle__single_no_children__hispanic_dominant,35
17031310600,nh_other__lower_middle__family_with_children__hispanic_dominant,27
17031310600,nh_other__lower_middle__elderly__hispanic_dominant,15
17031310700,nh_white__lower_middle__single_no_children__hispanic_dominant,93
17031310700,nh_white__lower_middle__family_with_children__hispanic_dominant,62
17031310700,nh_white__lower_middle__elderly__hispanic_dominant,52
17031310700,nh_black__lower_middle__single_no_children__hispanic_dominant,8
17031310700,nh_black__lower_middle__family_with_children__hispanic_dominant,7
17031310700,nh_black__lower_middle__elderly__hispanic_dominant,5
17031310700,nh_asian__lower_middle__single_no_children__hispanic_dominant,6
17031310700,nh_asian__lower_middle__family_with_children__hispanic_dominant,7
17031310700,nh_asian__lower_middle__elderly__hispanic_dominant,3
17031310700,hispanic__lower_middle__single_no_children__hispanic_dominant,430
17031310700,hispanic__lower_middle__family_with_children__hispanic_dominant,718
17031310700,hispanic__lower_middle__elderly__hispanic_dominant,287
17031310700,nh_other__lower_middle__single_no_children__hispanic_dominant,6
17031310700,nh_other__lower_middle__family_with_children__hispanic_dominant,5
17031310700,nh_other__lower_middle__elderly__hispanic_dominant,3
17031310800,nh_white__lower_middle__single_no_children__hispanic_dominant,181
17031310800,nh_white__lower_middle__family_with_children__hispanic_dominant,121
17031310800,nh_white__lower_middle__elderly__hispanic_dominant,100
17031310800,nh_black__lower_middle__single_no_children__hispanic_dominant,29
17031310800,nh_black__lower_middle__family_with_children__hispanic_dominant,25
17031310800,nh_black__lower_middle__elderly__hispanic_dominant,18
17031310800,nh_asian__lower_middle__single_no_children__hispanic_dominant,8
17031310800,nh_asian__lower_middle__family_with_children__hispanic_dominant,11
17031310800,nh_asian__lower_middle__elderly__hispanic_dominant,5
17031310800,hispanic__lower_middle__single_no_children__hispanic_dominant,1193
17031310800,hispanic__lower_middle__family_with_children__hispanic_dominant,1989
17031310800,hispanic__lower_middle__elderly__hispanic_dominant,796
17031310800,nh_other__lower_middle__single_no_children__hispanic_dominant,18
17031310800,nh_other__lower_middle__family_with_children__hispanic_dominant,14
17031310800,nh_other__lower_middle__elderly__hispanic_dominant,8
17031310900,nh_white__lower_middle__single_no_children__hispanic_dominant,222
17031310900,nh_white__lower_middle__family_with_children__hispanic_dominant,148
17031310900,nh_white__lower_middle__elderly__hispanic_dominant,124
17031310900,nh_black__lower_middle__single_no_children__hispanic_dominant,32
17031310900,nh_black__lower_middle__family_with_children__hispanic_dominant,28
17031310900,nh_black__lower_middle__elderly__hispanic_dominant,20
17031310900,nh_asian__lower_middle__single_no_children__hispanic_dominant,14
17031310900,nh_asian__lower_middle__family_with_children__hispanic_dominant,18
17031310900,nh_asian__lower_middle__elderly__hispanic_dominant,8
17031310900,hispanic__lower_middle__single_no_children__hispanic_dominant,1340
17031310900,hispanic__lower_middle__family_with_children__hispanic_dominant,2234
17031310900,hispanic__lower_middle__elderly__hispanic_dominant,894
17031310900,nh_other__lower_middle__single_no_children__hispanic_dominant,18
17031310900,nh_other__lower_middle__family_with_children__hispanic_dominant,14
17031310900,nh_other__lower_middle__elderly__hispanic_dominant,8
17031320400,nh_white__high__single_no_children__mixed,834
17031320400,nh_white__high__family_with_children__mixed,417
17031320400,nh_white__high__elderly__mixed,417
17031320400,nh_black__high__single_no_children__mixed,194
17031320400,nh_black__high__family_with_children__mixed,129
17031320400,nh_black__high__elderly__mixed,108
17031320400,nh_asian__high__single_no_children__mixed,58
17031320400,nh_asian__high__family_with_children__mixed,58
17031320400,nh_asian__high__elderly__mixed,29
17031320400,hispanic__high__single_no_children__mixed,71
17031320400,hispanic__high__family_with_children__mixed,91
17031320400,hispanic__high__elderly__mixed,40
17031320400,nh_other__high__single_no_children__mixed,36
17031320400,nh_other__high__family_with_children__mixed,22
17031320400,nh_other__high__elderly__mixed,15
17031320600,nh_white__high__single_no_children__mixed,1246
17031320600,nh_white__high__family_with_children__mixed,623
17031320600,nh_white__high__elderly__mixed,623
17031320600,nh_black__high__single_no_children__mixed,307
17031320600,nh_black__high__family_with_children__mixed,205
17031320600,nh_black__high__elderly__mixed,170
17031320600,nh_asian__high__single_no_children__mixed,277
17031320600,nh_asian__high__family_with_children__mixed,277
17031320600,nh_asian__high__elderly__mixed,139
17031320600,hispanic__high__single_no_children__mixed,88
17031320600,hispanic__high__family_with_children__mixed,113
17031320600,hispanic__high__elderly__mixed,50
17031320600,nh_other__high__single_no_children__mixed,68
17031320600,nh_other__high__family_with_children__mixed,41
17031320600,nh_other__high__elderly__mixed,27
17031750300,nh_white__upper_middle__single_no_children__white_dominant,986
17031750300,nh_white__upper_middle__family_with_children__white_dominant,658
17031750300,nh_white__upper_middle__elderly__white_dominant,548
17031750300,nh_black__upper_middle__single_no_children__white_dominant,83
17031750300,nh_black__upper_middle__family_with_children__white_dominant,72
17031750300,nh_black__upper_middle__elderly__white_dominant,52
17031750300,nh_asian__upper_middle__single_no_children__white_dominant,4
17031750300,nh_asian__upper_middle__family_with_children__white_dominant,5
17031750300,nh_asian__upper_middle__elderly__white_dominant,2
17031750300,hispanic__upper_middle__single_no_children__white_dominant,30
17031750300,hispanic__upper_middle__family_with_children__white_dominant,50
17031750300,hispanic__upper_middle__elderly__white_dominant,20
17031750300,nh_other__upper_middle__single_no_children__white_dominant,9
17031750300,nh_other__upper_middle__family_with_children__white_dominant,7
17031750300,nh_other__upper_middle__elderly__white_dominant,4
17031750100,nh_white__upper_middle__single_no_children__black_dominant,14
17031750100,nh_white__upper_middle__family_with_children__black_dominant,9
17031750100,nh_white__upper_middle__elderly__black_dominant,8
17031750100,nh_black__upper_middle__single_no_children__black_dominant,1608
17031750100,nh_black__upper_middle__family_with_children__black_dominant,1407
17031750100,nh_black__upper_middle__elderly__black_dominant,1005
17031750100,nh_asian__upper_middle__single_no_children__black_dominant,4
17031750100,nh_asian__upper_middle__family_with_children__black_dominant,4
17031750100,nh_asian__upper_middle__elderly__black_dominant,2
17031750100,hispanic__upper_middle__single_no_children__black_dominant,12
17031750100,hispanic__upper_middle__family_with_children__black_dominant,20
17031750100,hispanic__upper_middle__elderly__black_dominant,8
17031750100,nh_other__upper_middle__single_no_children__black_dominant,21
17031750100,nh_other__upper_middle__family_with_children__black_dominant,16
17031750100,nh_other__upper_middle__elderly__black_dominant,9
17031740300,nh_white__upper_middle__single_no_children__white_dominant,1935
17031740300,nh_white__upper_middle__family_with_children__white_dominant,1290
17031740300,nh_white__upper_middle__elderly__white_dominant,1075
17031740300,nh_black__upper_middle__single_no_children__white_dominant,21
17031740300,nh_black__upper_middle__family_with_children__white_dominant,19
17031740300,nh_black__upper_middle__elderly__white_dominant,13
17031740300,nh_asian__upper_middle__single_no_children__white_dominant,8
17031740300,nh_asian__upper_middle__family_with_children__white_dominant,10
17031740300,nh_asian__upper_middle__elderly__white_dominant,4
17031740300,hispanic__upper_middle__single_no_children__white_dominant,92
17031740300,hispanic__upper_middle__family_with_children__white_dominant,153
17031740300,hispanic__upper_middle__elderly__white_dominant,61
17031740300,nh_other__upper_middle__single_no_children__white_dominant,14
17031740300,nh_other__upper_middle__family_with_children__white_dominant,11
17031740300,nh_other__upper_middle__elderly__white_dominant,6
17031740200,nh_white__upper_middle__single_no_children__white_dominant,2518
17031740200,nh_white__upper_middle__family_with_children__white_dominant,1679
17031740200,nh_white__upper_middle__elderly__white_dominant,1399
17031740200,nh_black__upper_middle__single_no_children__white_dominant,129
17031740200,nh_black__upper_middle__family_with_children__white_dominant,113
17031740200,nh_black__upper_middle__elderly__white_dominant,81
17031740200,nh_asian__upper_middle__single_no_children__white_dominant,18
17031740200,nh_asian__upper_middle__family_with_children__white_dominant,22
17031740200,nh_asian__upper_middle__elderly__white_dominant,10
17031740200,hispanic__upper_middle__single_no_children__white_dominant,154
17031740200,hispanic__upper_middle__family_with_children__white_dominant,256
17031740200,hispanic__upper_middle__elderly__white_dominant,103
17031740200,nh_other__upper_middle__single_no_children__white_dominant,29
17031740200,nh_other__upper_middle__family_with_children__white_dominant,23
17031740200,nh_other__upper_middle__elderly__white_dominant,13
17031650200,nh_white__lower_middle__single_no_children__hispanic_dominant,673
17031650200,nh_white__lower_middle__family_with_children__hispanic_dominant,448
17031650200,nh_white__lower_middle__elderly__hispanic_dominant,374
17031650200,nh_black__lower_middle__single_no_children__hispanic_dominant,46
17031650200,nh_black__lower_middle__family_with_children__hispanic_dominant,40
17031650200,nh_black__lower_middle__elderly__hispanic_dominant,28
17031650200,nh_asian__lower_middle__single_no_children__hispanic_dominant,13
17031650200,nh_asian__lower_middle__family_with_children__hispanic_dominant,17
17031650200,nh_asian__lower_middle__elderly__hispanic_dominant,8
17031650200,hispanic__lower_middle__single_no_children__hispanic_dominant,1692
17031650200,hispanic__lower_middle__family_with_children__hispanic_dominant,2820
17031650200,hispanic__lower_middle__elderly__hispanic_dominant,1128
17031650200,nh_other__lower_middle__single_no_children__hispanic_dominant,14
17031650200,nh_other__lower_middle__family_with_children__hispanic_dominant,11
17031650200,nh_other__lower_middle__elderly__hispanic_dominant,6
17031650400,nh_white__lower_middle__single_no_children__hispanic_dominant,276
17031650400,nh_white__lower_middle__family_with_children__hispanic_dominant,184
17031650400,nh_white__lower_middle__elderly__hispanic_dominant,154
17031650400,nh_black__lower_middle__single_no_children__hispanic_dominant,142
17031650400,nh_black__lower_middle__family_with_children__hispanic_dominant,124
17031650400,nh_black__lower_middle__elderly__hispanic_dominant,89
17031650400,nh_asian__lower_middle__single_no_children__hispanic_dominant,22
17031650400,nh_asian__lower_middle__family_with_children__hispanic_dominant,28
17031650400,nh_asian__lower_middle__elderly__hispanic_dominant,13
17031650400,hispanic__lower_middle__single_no_children__hispanic_dominant,1708
17031650400,hispanic__lower_middle__family_with_children__hispanic_dominant,2846
17031650400,hispanic__lower_middle__elderly__hispanic_dominant,1138
17031650400,nh_other__lower_middle__single_no_children__hispanic_dominant,9
17031650400,nh_other__lower_middle__family_with_children__hispanic_dominant,7
17031650400,nh_other__lower_middle__elderly__hispanic_dominant,4
17031650500,nh_white__lower_middle__single_no_children__mixed,316
17031650500,nh_white__lower_middle__family_with_children__mixed,211
17031650500,nh_white__lower_middle__elderly__mixed,176
17031650500,nh_black__lower_middle__single_no_children__mixed,235
17031650500,nh_black__lower_middle__family_with_children__mixed,205
17031650500,nh_black__lower_middle__elderly__mixed,147
17031650500,nh_asian__lower_middle__single_no_children__mixed,13
17031650500,nh_asian__lower_middle__family_with_children__mixed,17
17031650500,nh_asian__lower_middle__elderly__mixed,8
17031650500,hispanic__lower_middle__single_no_children__mixed,915
17031650500,hispanic__lower_middle__family_with_children__mixed,1524
17031650500,hispanic__lower_middle__elderly__mixed,610
17031650500,nh_other__lower_middle__single_no_children__mixed,20
17031650500,nh_other__lower_middle__family_with_children__mixed,15
17031650500,nh_other__lower_middle__elderly__mixed,9
17031660400,nh_white__low__single_no_children__hispanic_dominant,162
17031660400,nh_white__low__family_with_children__hispanic_dominant,135
17031660400,nh_white__low__elderly__hispanic_dominant,89
17031660400,nh_black__low__single_no_children__hispanic_dominant,111
17031660400,nh_black__low__family_with_children__hispanic_dominant,120
17031660400,nh_black__low__elderly__hispanic_dominant,69
17031660400,nh_asian__low__single_no_children__hispanic_dominant,3
17031660400,nh_asian__low__family_with_children__hispanic_dominant,4
17031660400,nh_asian__low__elderly__hispanic_dominant,2
17031660400,hispanic__low__single_no_children__hispanic_dominant,1415
17031660400,hispanic__low__family_with_children__hispanic_dominant,2881
17031660400,hispanic__low__elderly__hispanic_dominant,943
17031660400,nh_other__low__single_no_children__hispanic_dominant,11
17031660400,nh_other__low__family_with_children__hispanic_dominant,10
17031660400,nh_other__low__elderly__hispanic_dominant,5
17031660500,nh_white__low__single_no_children__hispanic_dominant,194
17031660500,nh_white__low__family_with_children__hispanic_dominant,162
17031660500,nh_white__low__elderly__hispanic_dominant,106
17031660500,nh_black__low__single_no_children__hispanic_dominant,233
17031660500,nh_black__low__family_with_children__hispanic_dominant,252
17031660500,nh_black__low__elderly__hispanic_dominant,145
17031660500,nh_asian__low__single_no_children__hispanic_dominant,7
17031660500,nh_asian__low__family_with_children__hispanic_dominant,11
17031660500,nh_asian__low__elderly__hispanic_dominant,4
17031660500,hispanic__low__single_no_children__hispanic_dominant,1187
17031660500,hispanic__low__family_with_children__hispanic_dominant,2418
17031660500,hispanic__low__elderly__hispanic_dominant,791
17031660500,nh_other__low__single_no_children__hispanic_dominant,10
17031660500,nh_other__low__family_with_children__hispanic_dominant,9
17031660500,nh_other__low__elderly__hispanic_dominant,4
17031660600,nh_white__low__single_no_children__mixed,72
17031660600,nh_white__low__family_with_children__mixed,60
17031660600,nh_white__low__elderly__mixed,39
17031660600,nh_black__low__single_no_children__mixed,1373
17031660600,nh_black__low__family_with_children__mixed,1485
17031660600,nh_black__low__elderly__mixed,854
17031660600,nh_asian__low__single_no_children__mixed,4
17031660600,nh_asian__low__family_with_children__mixed,6
17031660600,nh_asian__low__elderly__mixed,2
17031660600,hispanic__low__single_no_children__mixed,641
17031660600,hispanic__low__family_with_children__mixed,1306
17031660600,hispanic__low__elderly__mixed,428
17031660600,nh_other__low__single_no_children__mixed,27
17031660600,nh_other__low__family_with_children__mixed,26
17031660600,nh_other__low__elderly__mixed,12
17031660700,nh_white__low__single_no_children__black_dominant,8
17031660700,nh_white__low__family_with_children__black_dominant,6
17031660700,nh_white__low__elderly__black_dominant,4
17031660700,nh_black__low__single_no_children__black_dominant,827
17031660700,nh_black__low__family_with_children__black_dominant,894
17031660700,nh_black__low__elderly__black_dominant,514
17031660700,nh_asian__low__single_no_children__black_dominant,4
17031660700,nh_asian__low__family_with_children__black_dominant,6
17031660700,nh_asian__low__elderly__black_dominant,2
17031660700,hispanic__low__single_no_children__black_dominant,21
17031660700,hispanic__low__family_with_children__black_dominant,42
17031660700,hispanic__low__elderly__black_dominant,14
17031660700,nh_other__low__single_no_children__black_dominant,10
17031660700,nh_other__low__family_with_children__black_dominant,10
17031660700,nh_other__low__elderly__black_dominant,4
17031020500,nh_white__upper_middle__single_no_children__mixed,715
17031020500,nh_white__upper_middle__family_with_children__mixed,477
17031020500,nh_white__upper_middle__elderly__mixed,397
17031020500,nh_black__upper_middle__single_no_children__mixed,476
17031020500,nh_black__upper_middle__family_with_children__mixed,416
17031020500,nh_black__upper_middle__elderly__mixed,298
17031020500,nh_asian__upper_middle__single_no_children__mixed,586
17031020500,nh_asian__upper_middle__family_with_children__mixed,754
17031020500,nh_asian__upper_middle__elderly__mixed,335
17031020500,hispanic__upper_middle__single_no_children__mixed,458
17031020500,hispanic__upper_middle__family_with_children__mixed,764
17031020500,hispanic__upper_middle__elderly__mixed,306
17031020500,nh_other__upper_middle__single_no_children__mixed,104
17031020500,nh_other__upper_middle__family_with_children__mixed,81
17031020500,nh_other__upper_middle__elderly__mixed,46
17031221100,nh_white__upper_middle__single_no_children__mixed,702
17031221100,nh_white__upper_middle__family_with_children__mixed,468
17031221100,nh_white__upper_middle__elderly__mixed,390
17031221100,nh_black__upper_middle__single_no_children__mixed,185
17031221100,nh_black__upper_middle__family_with_children__mixed,162
17031221100,nh_black__upper_middle__elderly__mixed,116
17031221100,nh_asian__upper_middle__single_no_children__mixed,23
17031221100,nh_asian__upper_middle__family_with_children__mixed,30
17031221100,nh_asian__upper_middle__elderly__mixed,13
17031221100,hispanic__upper_middle__single_no_children__mixed,811
17031221100,hispanic__upper_middle__family_with_children__mixed,1352
17031221100,hispanic__upper_middle__elderly__mixed,541
17031221100,nh_other__upper_middle__single_no_children__mixed,36
17031221100,nh_other__upper_middle__family_with_children__mixed,28
17031221100,nh_other__upper_middle__elderly__mixed,16
17031221200,nh_white__upper_middle__single_no_children__mixed,583
17031221200,nh_white__upper_middle__family_with_children__mixed,389
17031221200,nh_white__upper_middle__elderly__mixed,324
17031221200,nh_black__upper_middle__single_no_children__mixed,72
17031221200,nh_black__upper_middle__family_with_children__mixed,63
17031221200,nh_black__upper_middle__elderly__mixed,45
17031221200,nh_asian__upper_middle__single_no_children__mixed,30
17031221200,nh_asian__upper_middle__family_with_children__mixed,38
17031221200,nh_asian__upper_middle__elderly__mixed,17
17031221200,hispanic__upper_middle__single_no_children__mixed,374
17031221200,hispanic__upper_middle__family_with_children__mixed,624
17031221200,hispanic__upper_middle__elderly__mixed,250
17031221200,nh_other__upper_middle__single_no_children__mixed,22
17031221200,nh_other__upper_middle__family_with_children__mixed,18
17031221200,nh_other__upper_middle__elderly__mixed,10
17031221300,nh_white__upper_middle__single_no_children__mixed,574
17031221300,nh_white__upper_middle__family_with_children__mixed,383
17031221300,nh_white__upper_middle__elderly__mixed,319
17031221300,nh_black__upper_middle__single_no_children__mixed,56
17031221300,nh_black__upper_middle__family_with_children__mixed,49
17031221300,nh_black__upper_middle__elderly__mixed,35
17031221300,nh_asian__upper_middle__single_no_children__mixed,31
17031221300,nh_asian__upper_middle__family_with_children__mixed,40
17031221300,nh_asian__upper_middle__elderly__mixed,18
17031221300,hispanic__upper_middle__single_no_children__mixed,497
17031221300,hispanic__upper_middle__family_with_children__mixed,828
17031221300,hispanic__upper_middle__elderly__mixed,331
17031221300,nh_other__upper_middle__single_no_children__mixed,27
17031221300,nh_other__upper_middle__family_with_children__mixed,21
17031221300,nh_other__upper_middle__elderly__mixed,12
17031221400,nh_white__upper_middle__single_no_children__mixed,471
17031221400,nh_white__upper_middle__family_with_children__mixed,314
17031221400,nh_white__upper_middle__elderly__mixed,262
17031221400,nh_black__upper_middle__single_no_children__mixed,24
17031221400,nh_black__upper_middle__family_with_children__mixed,21
17031221400,nh_black__upper_middle__elderly__mixed,15
17031221400,nh_asian__upper_middle__single_no_children__mixed,28
17031221400,nh_asian__upper_middle__family_with_children__mixed,36
17031221400,nh_asian__upper_middle__elderly__mixed,16
17031221400,hispanic__upper_middle__single_no_children__mixed,534
17031221400,hispanic__upper_middle__family_with_children__mixed,890
17031221400,hispanic__upper_middle__elderly__mixed,356
17031221400,nh_other__upper_middle__single_no_children__mixed,25
17031221400,nh_other__upper_middle__family_with_children__mixed,19
17031221400,nh_other__upper_middle__elderly__mixed,11
17031221500,nh_white__upper_middle__single_no_children__mixed,520
17031221500,nh_white__upper_middle__family_with_children__mixed,347
17031221500,nh_white__upper_middle__elderly__mixed,289
17031221500,nh_black__upper_middle__single_no_children__mixed,70
17031221500,nh_black__upper_middle__family_with_children__mixed,61
17031221500,nh_black__upper_middle__elderly__mixed,44
17031221500,nh_asian__upper_middle__single_no_children__mixed,30
17031221500,nh_asian__upper_middle__family_with_children__mixed,39
17031221500,nh_asian__upper_middle__elderly__mixed,17
17031221500,hispanic__upper_middle__single_no_children__mixed,410
17031221500,hispanic__upper_middle__family_with_children__mixed,682
17031221500,hispanic__upper_middle__elderly__mixed,273
17031221500,nh_other__upper_middle__single_no_children__mixed,22
17031221500,nh_other__upper_middle__family_with_children__mixed,17
17031221500,nh_other__upper_middle__elderly__mixed,10
17031221600,nh_white__upper_middle__single_no_children__white_dominant,978
17031221600,nh_white__upper_middle__family_with_children__white_dominant,652
17031221600,nh_white__upper_middle__elderly__white_dominant,543
17031221600,nh_black__upper_middle__single_no_children__white_dominant,27
17031221600,nh_black__upper_middle__family_with_children__white_dominant,23
17031221600,nh_black__upper_middle__elderly__white_dominant,17
17031221600,nh_asian__upper_middle__single_no_children__white_dominant,41
17031221600,nh_asian__upper_middle__family_with_children__white_dominant,53
17031221600,nh_asian__upper_middle__elderly__white_dominant,24
17031221600,hispanic__upper_middle__single_no_children__white_dominant,165
17031221600,hispanic__upper_middle__family_with_children__white_dominant,274
17031221600,hispanic__upper_middle__elderly__white_dominant,110
17031221600,nh_other__upper_middle__single_no_children__white_dominant,28
17031221600,nh_other__upper_middle__family_with_children__white_dominant,22
17031221600,nh_other__upper_middle__elderly__white_dominant,12
17031160700,nh_white__upper_middle__single_no_children__mixed,948
17031160700,nh_white__upper_middle__family_with_children__mixed,632
17031160700,nh_white__upper_middle__elderly__mixed,527
17031160700,nh_black__upper_middle__single_no_children__mixed,59
17031160700,nh_black__upper_middle__family_with_children__mixed,51
17031160700,nh_black__upper_middle__elderly__mixed,37
17031160700,nh_asian__upper_middle__single_no_children__mixed,193
17031160700,nh_asian__upper_middle__family_with_children__mixed,248
17031160700,nh_asian__upper_middle__elderly__mixed,110
17031160700,hispanic__upper_middle__single_no_children__mixed,880
17031160700,hispanic__upper_middle__family_with_children__mixed,1467
17031160700,hispanic__upper_middle__elderly__mixed,587
17031160700,nh_other__upper_middle__single_no_children__mixed,69
17031160700,nh_other__upper_middle__family_with_children__mixed,54
17031160700,nh_other__upper_middle__elderly__mixed,31
17031160800,nh_white__upper_middle__single_no_children__mixed,723
17031160800,nh_white__upper_middle__family_with_children__mixed,482
17031160800,nh_white__upper_middle__elderly__mixed,402
17031160800,nh_black__upper_middle__single_no_children__mixed,47
17031160800,nh_black__upper_middle__family_with_children__mixed,41
17031160800,nh_black__upper_middle__elderly__mixed,30
17031160800,nh_asian__upper_middle__single_no_children__mixed,117
17031160800,nh_asian__upper_middle__family_with_children__mixed,150
17031160800,nh_asian__upper_middle__elderly__mixed,67
17031160800,hispanic__upper_middle__single_no_children__mixed,892
17031160800,hispanic__upper_middle__family_with_children__mixed,1486
17031160800,hispanic__upper_middle__elderly__mixed,595
17031160800,nh_other__upper_middle__single_no_children__mixed,53
17031160800,nh_other__upper_middle__family_with_children__mixed,41
17031160800,nh_other__upper_middle__elderly__mixed,23
17031160900,nh_white__upper_middle__single_no_children__mixed,627
17031160900,nh_white__upper_middle__family_with_children__mixed,418
17031160900,nh_white__upper_middle__elderly__mixed,348
17031160900,nh_black__upper_middle__single_no_children__mixed,29
17031160900,nh_black__upper_middle__family_with_children__mixed,26
17031160900,nh_black__upper_middle__elderly__mixed,18
17031160900,nh_asian__upper_middle__single_no_children__mixed,46
17031160900,nh_asian__upper_middle__family_with_children__mixed,59
17031160900,nh_asian__upper_middle__elderly__mixed,26
17031160900,hispanic__upper_middle__single_no_children__mixed,226
17031160900,hispanic__upper_middle__family_with_children__mixed,378
17031160900,hispanic__upper_middle__elderly__mixed,151
17031160900,nh_other__upper_middle__single_no_children__mixed,23
17031160900,nh_other__upper_middle__family_with_children__mixed,18
17031160900,nh_other__upper_middle__elderly__mixed,10
17031161000,nh_white__upper_middle__single_no_children__mixed,522
17031161000,nh_white__upper_middle__family_with_children__mixed,348
17031161000,nh_white__upper_middle__elderly__mixed,290
17031161000,nh_black__upper_middle__single_no_children__mixed,21
17031161000,nh_black__upper_middle__family_with_children__mixed,18
17031161000,nh_black__upper_middle__elderly__mixed,13
17031161000,nh_asian__upper_middle__single_no_children__mixed,16
17031161000,nh_asian__upper_middle__family_with_children__mixed,21
17031161000,nh_asian__upper_middle__elderly__mixed,9
17031161000,hispanic__upper_middle__single_no_children__mixed,124
17031161000,hispanic__upper_middle__family_with_children__mixed,207
17031161000,hispanic__upper_middle__elderly__mixed,83
17031161000,nh_other__upper_middle__single_no_children__mixed,16
17031161000,nh_other__upper_middle__family_with_children__mixed,12
17031161000,nh_other__upper_middle__elderly__mixed,7
17031161100,nh_white__upper_middle__single_no_children__white_dominant,596
17031161100,nh_white__upper_middle__family_with_children__white_dominant,398
17031161100,nh_white__upper_middle__elderly__white_dominant,331
17031161100,nh_black__upper_middle__single_no_children__white_dominant,31
17031161100,nh_black__upper_middle__family_with_children__white_dominant,27
17031161100,nh_black__upper_middle__elderly__white_dominant,20
17031161100,nh_asian__upper_middle__single_no_children__white_dominant,37
17031161100,nh_asian__upper_middle__family_with_children__white_dominant,48
17031161100,nh_asian__upper_middle__elderly__white_dominant,21
17031161100,hispanic__upper_middle__single_no_children__white_dominant,90
17031161100,hispanic__upper_middle__family_with_children__white_dominant,150
17031161100,hispanic__upper_middle__elderly__white_dominant,60
17031161100,nh_other__upper_middle__single_no_children__white_dominant,23
17031161100,nh_other__upper_middle__family_with_children__white_dominant,18
17031161100,nh_other__upper_middle__elderly__white_dominant,10
17031161200,nh_white__upper_middle__single_no_children__mixed,349
17031161200,nh_white__upper_middle__family_with_children__mixed,233
17031161200,nh_white__upper_middle__elderly__mixed,194
17031161200,nh_black__upper_middle__single_no_children__mixed,12
17031161200,nh_black__upper_middle__family_with_children__mixed,10
17031161200,nh_black__upper_middle__elderly__mixed,8
17031161200,nh_asian__upper_middle__single_no_children__mixed,69
17031161200,nh_asian__upper_middle__family_with_children__mixed,89
17031161200,nh_asian__upper_middle__elderly__mixed,39
17031161200,hispanic__upper_middle__single_no_children__mixed,563
17031161200,hispanic__upper_middle__family_with_children__mixed,939
17031161200,hispanic__upper_middle__elderly__mixed,376
17031161200,nh_other__upper_middle__single_no_children__mixed,22
17031161200,nh_other__upper_middle__family_with_children__mixed,17
17031161200,nh_other__upper_middle__elderly__mixed,10
17031161300,nh_white__upper_middle__single_no_children__mixed,648
17031161300,nh_white__upper_middle__family_with_children__mixed,432
17031161300,nh_white__upper_middle__elderly__mixed,360
17031161300,nh_black__upper_middle__single_no_children__mixed,45
17031161300,nh_black__upper_middle__family_with_children__mixed,39
17031161300,nh_black__upper_middle__elderly__mixed,28
17031161300,nh_asian__upper_middle__single_no_children__mixed,44
17031161300,nh_asian__upper_middle__family_with_children__mixed,57
17031161300,nh_asian__upper_middle__elderly__mixed,25
17031161300,hispanic__upper_middle__single_no_children__mixed,712
17031161300,hispanic__upper_middle__family_with_children__mixed,1186
17031161300,hispanic__upper_middle__elderly__mixed,474
17031161300,nh_other__upper_middle__single_no_children__mixed,30
17031161300,nh_other__upper_middle__family_with_children__mixed,23
17031161300,nh_other__upper_middle__elderly__mixed,13
17031330100,nh_white__high__single_no_children__mixed,4260
17031330100,nh_white__high__family_with_children__mixed,2130
17031330100,nh_white__high__elderly__mixed,2130
17031330100,nh_black__high__single_no_children__mixed,1953
17031330100,nh_black__high__family_with_children__mixed,1302
17031330100,nh_black__high__elderly__mixed,1085
17031330100,nh_asian__high__single_no_children__mixed,962
17031330100,nh_asian__high__family_with_children__mixed,962
17031330100,nh_asian__high__elderly__mixed,481
17031330100,hispanic__high__single_no_children__mixed,355
17031330100,hispanic__high__family_with_children__mixed,457
17031330100,hispanic__high__elderly__mixed,203
17031330100,nh_other__high__single_no_children__mixed,228
17031330100,nh_other__high__family_with_children__mixed,137
17031330100,nh_other__high__elderly__mixed,91
17031330200,nh_white__high__single_no_children__mixed,785
17031330200,nh_white__high__family_with_children__mixed,392
17031330200,nh_white__high__elderly__mixed,392
17031330200,nh_black__high__single_no_children__mixed,561
17031330200,nh_black__high__family_with_children__mixed,374
17031330200,nh_black__high__elderly__mixed,312
17031330200,nh_asian__high__single_no_children__mixed,298
17031330200,nh_asian__high__family_with_children__mixed,298
17031330200,nh_asian__high__elderly__mixed,149
17031330200,hispanic__high__single_no_children__mixed,52
17031330200,hispanic__high__family_with_children__mixed,67
17031330200,hispanic__high__elderly__mixed,30
17031330200,nh_other__high__single_no_children__mixed,49
17031330200,nh_other__high__family_with_children__mixed,29
17031330200,nh_other__high__elderly__mixed,20
17031340300,nh_white__lower_middle__single_no_children__asian_enclave,152
17031340300,nh_white__lower_middle__family_with_children__asian_enclave,101
17031340300,nh_white__lower_middle__elderly__asian_enclave,84
17031340300,nh_black__lower_middle__single_no_children__asian_enclave,7
17031340300,nh_black__lower_middle__family_with_children__asian_enclave,6
17031340300,nh_black__lower_middle__elderly__asian_enclave,4
17031340300,nh_asian__lower_middle__single_no_children__asian_enclave,467
17031340300,nh_asian__lower_middle__family_with_children__asian_enclave,600
17031340300,nh_asian__lower_middle__elderly__asian_enclave,267
17031340300,hispanic__lower_middle__single_no_children__asian_enclave,26
17031340300,hispanic__lower_middle__family_with_children__asian_enclave,43
17031340300,hispanic__lower_middle__elderly__asian_enclave,17
17031340300,nh_other__lower_middle__single_no_children__asian_enclave,5
17031340300,nh_other__lower_middle__family_with_children__asian_enclave,4
17031340300,nh_other__lower_middle__elderly__asian_enclave,2
17031340400,nh_white__lower_middle__single_no_children__asian_enclave,128
17031340400,nh_white__lower_middle__family_with_children__asian_enclave,85
17031340400,nh_white__lower_middle__elderly__asian_enclave,71
17031340400,nh_black__lower_middle__single_no_children__asian_enclave,13
17031340400,nh_black__lower_middle__family_with_children__asian_enclave,12
17031340400,nh_black__lower_middle__elderly__asian_enclave,8
17031340400,nh_asian__lower_middle__single_no_children__asian_enclave,513
17031340400,nh_asian__lower_middle__family_with_children__asian_enclave,660
17031340400,nh_asian__lower_middle__elderly__asian_enclave,293
17031340400,hispanic__lower_middle__single_no_children__asian_enclave,28
17031340400,hispanic__lower_middle__family_with_children__asian_enclave,46
17031340400,hispanic__lower_middle__elderly__asian_enclave,19
17031340400,nh_other__lower_middle__single_no_children__asian_enclave,11
17031340400,nh_other__lower_middle__family_with_children__asian_enclave,8
17031340400,nh_other__lower_middle__elderly__asian_enclave,5
17031340500,nh_white__lower_middle__single_no_children__asian_enclave,308
17031340500,nh_white__lower_middle__family_with_children__asian_enclave,206
17031340500,nh_white__lower_middle__elderly__asian_enclave,171
17031340500,nh_black__lower_middle__single_no_children__asian_enclave,84
17031340500,nh_black__lower_middle__family_with_children__asian_enclave,74
17031340500,nh_black__lower_middle__elderly__asian_enclave,53
17031340500,nh_asian__lower_middle__single_no_children__asian_enclave,169
17031340500,nh_asian__lower_middle__family_with_children__asian_enclave,218
17031340500,nh_asian__lower_middle__elderly__asian_enclave,97
17031340500,hispanic__lower_middle__single_no_children__asian_enclave,44
17031340500,hispanic__lower_middle__family_with_children__asian_enclave,73
17031340500,hispanic__lower_middle__elderly__asian_enclave,29
17031340500,nh_other__lower_middle__single_no_children__asian_enclave,8
17031340500,nh_other__lower_middle__family_with_children__asian_enclave,6
17031340500,nh_other__lower_middle__elderly__asian_enclave,4
17031340600,nh_white__lower_middle__single_no_children__black_dominant,1
17031340600,nh_white__lower_middle__family_with_children__black_dominant,1
17031340600,nh_white__lower_middle__elderly__black_dominant,1
17031340600,nh_black__lower_middle__single_no_children__black_dominant,360
17031340600,nh_black__lower_middle__family_with_children__black_dominant,315
17031340600,nh_black__lower_middle__elderly__black_dominant,225
17031340600,hispanic__lower_middle__single_no_children__black_dominant,1
17031340600,hispanic__lower_middle__family_with_children__black_dominant,1
17031340600,hispanic__lower_middle__elderly__black_dominant,1
17031340600,nh_other__lower_middle__single_no_children__black_dominant,3
17031340600,nh_other__lower_middle__family_with_children__black_dominant,2
17031340600,nh_other__lower_middle__elderly__black_dominant,1
17031350400,nh_black__upper_middle__single_no_children__black_dominant,149
17031350400,nh_black__upper_middle__family_with_children__black_dominant,131
17031350400,nh_black__upper_middle__elderly__black_dominant,93
17031350400,hispanic__upper_middle__single_no_children__black_dominant,4
17031350400,hispanic__upper_middle__family_with_children__black_dominant,6
17031350400,hispanic__upper_middle__elderly__black_dominant,2
17031350400,nh_other__upper_middle__single_no_children__black_dominant,2
17031350400,nh_other__upper_middle__family_with_children__black_dominant,1
17031350400,nh_other__upper_middle__elderly__black_dominant,1
17031750500,nh_white__upper_middle__single_no_children__black_dominant,493
17031750500,nh_white__upper_middle__family_with_children__black_dominant,329
17031750500,nh_white__upper_middle__elderly__black_dominant,274
17031750500,nh_black__upper_middle__single_no_children__black_dominant,1828
17031750500,nh_black__upper_middle__family_with_children__black_dominant,1599
17031750500,nh_black__upper_middle__elderly__black_dominant,1142
17031750500,nh_asian__upper_middle__single_no_children__black_dominant,6
17031750500,nh_asian__upper_middle__family_with_children__black_dominant,8
17031750500,nh_asian__upper_middle__elderly__black_dominant,4
17031750500,hispanic__upper_middle__single_no_children__black_dominant,47
17031750500,hispanic__upper_middle__family_with_children__black_dominant,78
17031750500,hispanic__upper_middle__elderly__black_dominant,31
17031750500,nh_other__upper_middle__single_no_children__black_dominant,43
17031750500,nh_other__upper_middle__family_with_children__black_dominant,34
17031750500,nh_other__upper_middle__elderly__black_dominant,19
17031750400,nh_white__upper_middle__single_no_children__mixed,865
17031750400,nh_white__upper_middle__family_with_children__mixed,577
17031750400,nh_white__upper_middle__elderly__mixed,480
17031750400,nh_black__upper_middle__single_no_children__mixed,347
17031750400,nh_black__upper_middle__family_with_children__mixed,304
17031750400,nh_black__upper_middle__elderly__mixed,217
17031750400,nh_asian__upper_middle__single_no_children__mixed,5
17031750400,nh_asian__upper_middle__family_with_children__mixed,7
17031750400,nh_asian__upper_middle__elderly__mixed,3
17031750400,hispanic__upper_middle__single_no_children__mixed,46
17031750400,hispanic__upper_middle__family_with_children__mixed,76
17031750400,hispanic__upper_middle__elderly__mixed,30
17031750400,nh_other__upper_middle__single_no_children__mixed,23
17031750400,nh_other__upper_middle__family_with_children__mixed,18
17031750400,nh_other__upper_middle__elderly__mixed,10
17031750200,nh_white__upper_middle__single_no_children__mixed,543
17031750200,nh_white__upper_middle__family_with_children__mixed,362
17031750200,nh_white__upper_middle__elderly__mixed,302
17031750200,nh_black__upper_middle__single_no_children__mixed,724
17031750200,nh_black__upper_middle__family_with_children__mixed,633
17031750200,nh_black__upper_middle__elderly__mixed,452
17031750200,nh_asian__upper_middle__single_no_children__mixed,12
17031750200,nh_asian__upper_middle__family_with_children__mixed,15
17031750200,nh_asian__upper_middle__elderly__mixed,7
17031750200,hispanic__upper_middle__single_no_children__mixed,35
17031750200,hispanic__upper_middle__family_with_children__mixed,58
17031750200,hispanic__upper_middle__elderly__mixed,23
17031750200,nh_other__upper_middle__single_no_children__mixed,27
17031750200,nh_other__upper_middle__family_with_children__mixed,21
17031750200,nh_other__upper_middle__elderly__mixed,12
17031420600,nh_white__lower_middle__single_no_children__black_dominant,10
17031420600,nh_white__lower_middle__family_with_children__black_dominant,7
17031420600,nh_white__lower_middle__elderly__black_dominant,6
17031420600,nh_black__lower_middle__single_no_children__black_dominant,856
17031420600,nh_black__lower_middle__family_with_children__black_dominant,749
17031420600,nh_black__lower_middle__elderly__black_dominant,535
17031420600,nh_asian__lower_middle__single_no_children__black_dominant,1
17031420600,nh_asian__lower_middle__family_with_children__black_dominant,2
17031420600,nh_asian__lower_middle__elderly__black_dominant,1
17031420600,hispanic__lower_middle__single_no_children__black_dominant,6
17031420600,hispanic__lower_middle__family_with_children__black_dominant,10
17031420600,hispanic__lower_middle__elderly__black_dominant,4
17031420600,nh_other__lower_middle__single_no_children__black_dominant,15
17031420600,nh_other__lower_middle__family_with_children__black_dominant,12
17031420600,nh_other__lower_middle__elderly__black_dominant,7
17031420700,nh_white__lower_middle__single_no_children__black_dominant,5
17031420700,nh_white__lower_middle__family_with_children__black_dominant,4
17031420700,nh_white__lower_middle__elderly__black_dominant,3
17031420700,nh_black__lower_middle__single_no_children__black_dominant,1274
17031420700,nh_black__lower_middle__family_with_children__black_dominant,1115
17031420700,nh_black__lower_middle__elderly__black_dominant,796
17031420700,nh_asian__lower_middle__single_no_children__black_dominant,1
17031420700,nh_asian__lower_middle__family_with_children__black_dominant,1
17031420700,nh_asian__lower_middle__elderly__black_dominant,1
17031420700,hispanic__lower_middle__single_no_children__black_dominant,11
17031420700,hispanic__lower_middle__family_with_children__black_dominant,19
17031420700,hispanic__lower_middle__elderly__black_dominant,8
17031420700,nh_other__lower_middle__single_no_children__black_dominant,11
17031420700,nh_other__lower_middle__family_with_children__black_dominant,8
17031420700,nh_other__lower_middle__elderly__black_dominant,5
17031420800,nh_white__lower_middle__single_no_children__black_dominant,18
17031420800,nh_white__lower_middle__family_with_children__black_dominant,12
17031420800,nh_white__lower_middle__elderly__black_dominant,10
17031420800,nh_black__lower_middle__single_no_children__black_dominant,846
17031420800,nh_black__lower_middle__family_with_children__black_dominant,740
17031420800,nh_black__lower_middle__elderly__black_dominant,529
17031420800,nh_asian__lower_middle__single_no_children__black_dominant,1
17031420800,nh_asian__lower_middle__family_with_children__black_dominant,2
17031420800,nh_asian__lower_middle__elderly__black_dominant,1
17031420800,hispanic__lower_middle__single_no_children__black_dominant,8
17031420800,hispanic__lower_middle__family_with_children__black_dominant,13
17031420800,hispanic__lower_middle__elderly__black_dominant,5
17031420800,nh_other__lower_middle__single_no_children__black_dominant,13
17031420800,nh_other__lower_middle__family_with_children__black_dominant,10
17031420800,nh_other__lower_middle__elderly__black_dominant,6
17031421200,nh_white__lower_middle__single_no_children__black_dominant,1
17031421200,nh_white__lower_middle__family_with_children__black_dominant,1
17031421200,nh_white__lower_middle__elderly__black_dominant,1
17031421200,nh_black__lower_middle__single_no_children__black_dominant,540
17031421200,nh_black__lower_middle__family_with_children__black_dominant,473
17031421200,nh_black__lower_middle__elderly__black_dominant,338
17031421200,hispanic__lower_middle__single_no_children__black_dominant,4
17031421200,hispanic__lower_middle__family_with_children__black_dominant,8
17031421200,hispanic__lower_middle__elderly__black_dominant,3
17031421200,nh_other__lower_middle__single_no_children__black_dominant,5
17031421200,nh_other__lower_middle__family_with_children__black_dominant,4
17031421200,nh_other__lower_middle__elderly__black_dominant,2
17031430200,nh_white__lower_middle__single_no_children__black_dominant,41
17031430200,nh_white__lower_middle__family_with_children__black_dominant,28
17031430200,nh_white__lower_middle__elderly__black_dominant,23
17031430200,nh_black__lower_middle__single_no_children__black_dominant,1754
17031430200,nh_black__lower_middle__family_with_children__black_dominant,1534
17031430200,nh_black__lower_middle__elderly__black_dominant,1096
17031430200,nh_asian__lower_middle__single_no_children__black_dominant,2
17031430200,nh_asian__lower_middle__family_with_children__black_dominant,2
17031430200,nh_asian__lower_middle__elderly__black_dominant,1
17031430200,hispanic__lower_middle__single_no_children__black_dominant,29
17031430200,hispanic__lower_middle__family_with_children__black_dominant,48
17031430200,hispanic__lower_middle__elderly__black_dominant,19
17031430200,nh_other__lower_middle__single_no_children__black_dominant,46
17031430200,nh_other__lower_middle__family_with_children__black_dominant,36
17031430200,nh_other__lower_middle__elderly__black_dominant,21
17031660800,nh_white__low__single_no_children__mixed,113
17031660800,nh_white__low__family_with_children__mixed,94
17031660800,nh_white__low__elderly__mixed,62
17031660800,nh_black__low__single_no_children__mixed,1324
17031660800,nh_black__low__family_with_children__mixed,1432
17031660800,nh_black__low__elderly__mixed,823
17031660800,nh_asian__low__single_no_children__mixed,4
17031660800,nh_asian__low__family_with_children__mixed,7
17031660800,nh_asian__low__elderly__mixed,3
17031660800,hispanic__low__single_no_children__mixed,517
17031660800,hispanic__low__family_with_children__mixed,1053
17031660800,hispanic__low__elderly__mixed,345
17031660800,nh_other__low__single_no_children__mixed,37
17031660800,nh_other__low__family_with_children__mixed,36
17031660800,nh_other__low__elderly__mixed,16
17031660900,nh_white__low__single_no_children__black_dominant,84
17031660900,nh_white__low__family_with_children__black_dominant,70
17031660900,nh_white__low__elderly__black_dominant,46
17031660900,nh_black__low__single_no_children__black_dominant,1305
17031660900,nh_black__low__family_with_children__black_dominant,1411
17031660900,nh_black__low__elderly__black_dominant,811
17031660900,nh_asian__low__single_no_children__black_dominant,8
17031660900,nh_asian__low__family_with_children__black_dominant,12
17031660900,nh_asian__low__elderly__black_dominant,4
17031660900,hispanic__low__single_no_children__black_dominant,116
17031660900,hispanic__low__family_with_children__black_dominant,237
17031660900,hispanic__low__elderly__black_dominant,77
17031660900,nh_other__low__single_no_children__black_dominant,21
17031660900,nh_other__low__family_with_children__black_dominant,20
17031660900,nh_other__low__elderly__black_dominant,9
17031661000,nh_white__low__single_no_children__black_dominant,49
17031661000,nh_white__low__family_with_children__black_dominant,41
17031661000,nh_white__low__elderly__black_dominant,27
17031661000,nh_black__low__single_no_children__black_dominant,1880
17031661000,nh_black__low__family_with_children__black_dominant,2032
17031661000,nh_black__low__elderly__black_dominant,1168
17031661000,nh_asian__low__single_no_children__black_dominant,8
17031661000,nh_asian__low__family_with_children__black_dominant,12
17031661000,nh_asian__low__elderly__black_dominant,4
17031661000,hispanic__low__single_no_children__black_dominant,114
17031661000,hispanic__low__family_with_children__black_dominant,233
17031661000,hispanic__low__elderly__black_dominant,76
17031661000,nh_other__low__single_no_children__black_dominant,26
17031661000,nh_other__low__family_with_children__black_dominant,24
17031661000,nh_other__low__elderly__black_dominant,11
17031661100,nh_white__low__single_no_children__mixed,198
17031661100,nh_white__low__family_with_children__mixed,165
17031661100,nh_white__low__elderly__mixed,108
17031661100,nh_black__low__single_no_children__mixed,1077
17031661100,nh_black__low__family_with_children__mixed,1164
17031661100,nh_black__low__elderly__mixed,669
17031661100,nh_asian__low__single_no_children__mixed,11
17031661100,nh_asian__low__family_with_children__mixed,18
17031661100,nh_asian__low__elderly__mixed,6
17031661100,hispanic__low__single_no_children__mixed,832
17031661100,hispanic__low__family_with_children__mixed,1695
17031661100,hispanic__low__elderly__mixed,555
17031661100,nh_other__low__single_no_children__mixed,19
17031661100,nh_other__low__family_with_children__mixed,18
17031661100,nh_other__low__elderly__mixed,8
17031670100,nh_white__low__single_no_children__black_dominant,4
17031670100,nh_white__low__family_with_children__black_dominant,3
17031670100,nh_white__low__elderly__black_dominant,2
17031670100,nh_black__low__single_no_children__black_dominant,538
17031670100,nh_black__low__family_with_children__black_dominant,581
17031670100,nh_black__low__elderly__black_dominant,334
17031670100,nh_asian__low__single_no_children__black_dominant,1
17031670100,nh_asian__low__family_with_children__black_dominant,2
17031670100,nh_asian__low__elderly__black_dominant,1
17031670100,hispanic__low__single_no_children__black_dominant,9
17031670100,hispanic__low__family_with_children__black_dominant,18
17031670100,hispanic__low__elderly__black_dominant,6
17031670100,nh_other__low__single_no_children__black_dominant,8
17031670100,nh_other__low__family_with_children__black_dominant,8
17031670100,nh_other__low__elderly__black_dominant,3
17031670200,nh_black__low__single_no_children__black_dominant,491
17031670200,nh_black__low__family_with_children__black_dominant,531
17031670200,nh_black__low__elderly__black_dominant,305
17031670200,nh_asian__low__single_no_children__black_dominant,1
17031670200,nh_asian__low__family_with_children__black_dominant,1
17031670200,nh_asian__low__elderly__black_dominant,1
17031670200,hispanic__low__single_no_children__black_dominant,9
17031670200,hispanic__low__family_with_children__black_dominant,19
17031670200,hispanic__low__elderly__black_dominant,6
17031670200,nh_other__low__single_no_children__black_dominant,7
17031670200,nh_other__low__family_with_children__black_dominant,7
17031670200,nh_other__low__elderly__black_dominant,3
17031670300,nh_white__low__single_no_children__black_dominant,6
17031670300,nh_white__low__family_with_children__black_dominant,5
17031670300,nh_white__low__elderly__black_dominant,3
17031670300,nh_black__low__single_no_children__black_dominant,487
17031670300,nh_black__low__family_with_children__black_dominant,527
17031670300,nh_black__low__elderly__black_dominant,303
17031670300,nh_asian__low__single_no_children__black_dominant,2
17031670300,nh_asian__low__family_with_children__black_dominant,2
17031670300,nh_asian__low__elderly__black_dominant,1
17031670300,hispanic__low__single_no_children__black_dominant,14
17031670300,hispanic__low__family_with_children__black_dominant,28
17031670300,hispanic__low__elderly__black_dominant,9
17031670300,nh_other__low__single_no_children__black_dominant,10
17031670300,nh_other__low__family_with_children__black_dominant,10
17031670300,nh_other__low__elderly__black_dominant,4
17031670400,nh_white__low__single_no_children__black_dominant,3
17031670400,nh_white__low__family_with_children__black_dominant,2
17031670400,nh_white__low__elderly__black_dominant,1
17031670400,nh_black__low__single_no_children__black_dominant,669
17031670400,nh_black__low__family_with_children__black_dominant,724
17031670400,nh_black__low__elderly__black_dominant,416
17031670400,nh_asian__low__single_no_children__black_dominant,1
17031670400,nh_asian__low__family_with_children__black_dominant,1
17031670400,nh_asian__low__elderly__black_dominant,1
17031670400,hispanic__low__single_no_children__black_dominant,35
17031670400,hispanic__low__family_with_children__black_dominant,72
17031670400,hispanic__low__elderly__black_dominant,23
17031670400,nh_other__low__single_no_children__black_dominant,4
17031670400,nh_other__low__family_with_children__black_dominant,4
17031670400,nh_other__low__elderly__black_dominant,2
17031222200,nh_white__upper_middle__single_no_children__white_dominant,650
17031222200,nh_white__upper_middle__family_with_children__white_dominant,434
17031222200,nh_white__upper_middle__elderly__white_dominant,361
17031222200,nh_black__upper_middle__single_no_children__white_dominant,17
17031222200,nh_black__upper_middle__family_with_children__white_dominant,15
17031222200,nh_black__upper_middle__elderly__white_dominant,10
17031222200,nh_asian__upper_middle__single_no_children__white_dominant,38
17031222200,nh_asian__upper_middle__family_with_children__white_dominant,49
17031222200,nh_asian__upper_middle__elderly__white_dominant,22
17031222200,hispanic__upper_middle__single_no_children__white_dominant,83
17031222200,hispanic__upper_middle__family_with_children__white_dominant,139
17031222200,hispanic__upper_middle__elderly__white_dominant,56
17031222200,nh_other__upper_middle__single_no_children__white_dominant,17
17031222200,nh_other__upper_middle__family_with_children__white_dominant,13
17031222200,nh_other__upper_middle__elderly__white_dominant,8
17031222500,nh_white__upper_middle__single_no_children__mixed,168
17031222500,nh_white__upper_middle__family_with_children__mixed,112
17031222500,nh_white__upper_middle__elderly__mixed,93
17031222500,nh_black__upper_middle__single_no_children__mixed,45
17031222500,nh_black__upper_middle__family_with_children__mixed,39
17031222500,nh_black__upper_middle__elderly__mixed,28
17031222500,nh_asian__upper_middle__single_no_children__mixed,6
17031222500,nh_asian__upper_middle__family_with_children__mixed,8
17031222500,nh_asian__upper_middle__elderly__mixed,4
17031222500,hispanic__upper_middle__single_no_children__mixed,268
17031222500,hispanic__upper_middle__family_with_children__mixed,448
17031222500,hispanic__upper_middle__elderly__mixed,179
17031222500,nh_other__upper_middle__single_no_children__mixed,5
17031222500,nh_other__upper_middle__family_with_children__mixed,4
17031222500,nh_other__upper_middle__elderly__mixed,2
17031222600,nh_white__upper_middle__single_no_children__mixed,251
17031222600,nh_white__upper_middle__family_with_children__mixed,167
17031222600,nh_white__upper_middle__elderly__mixed,140
17031222600,nh_black__upper_middle__single_no_children__mixed,71
17031222600,nh_black__upper_middle__family_with_children__mixed,62
17031222600,nh_black__upper_middle__elderly__mixed,44
17031222600,nh_asian__upper_middle__single_no_children__mixed,8
17031222600,nh_asian__upper_middle__family_with_children__mixed,10
17031222600,nh_asian__upper_middle__elderly__mixed,4
17031222600,hispanic__upper_middle__single_no_children__mixed,241
17031222600,hispanic__upper_middle__family_with_children__mixed,402
17031222600,hispanic__upper_middle__elderly__mixed,161
17031222600,nh_other__upper_middle__single_no_children__mixed,19
17031222600,nh_other__upper_middle__family_with_children__mixed,15
17031222600,nh_other__upper_middle__elderly__mixed,8
17031222700,nh_white__upper_middle__single_no_children__mixed,188
17031222700,nh_white__upper_middle__family_with_children__mixed,125
17031222700,nh_white__upper_middle__elderly__mixed,104
17031222700,nh_black__upper_middle__single_no_children__mixed,118
17031222700,nh_black__upper_middle__family_with_children__mixed,104
17031222700,nh_black__upper_middle__elderly__mixed,74
17031222700,nh_asian__upper_middle__single_no_children__mixed,4
17031222700,nh_asian__upper_middle__family_with_children__mixed,5
17031222700,nh_asian__upper_middle__elderly__mixed,2
17031222700,hispanic__upper_middle__single_no_children__mixed,446
17031222700,hispanic__upper_middle__family_with_children__mixed,744
17031222700,hispanic__upper_middle__elderly__mixed,298
17031222700,nh_other__upper_middle__single_no_children__mixed,9
17031222700,nh_other__upper_middle__family_with_children__mixed,7
17031222700,nh_other__upper_middle__elderly__mixed,4
17031222800,nh_white__upper_middle__single_no_children__hispanic_dominant,40
17031222800,nh_white__upper_middle__family_with_children__hispanic_dominant,27
17031222800,nh_white__upper_middle__elderly__hispanic_dominant,22
17031222800,nh_black__upper_middle__single_no_children__hispanic_dominant,51
17031222800,nh_black__upper_middle__family_with_children__hispanic_dominant,45
17031222800,nh_black__upper_middle__elderly__hispanic_dominant,32
17031222800,nh_asian__upper_middle__single_no_children__hispanic_dominant,1
17031222800,nh_asian__upper_middle__family_with_children__hispanic_dominant,1
17031222800,nh_asian__upper_middle__elderly__hispanic_dominant,1
17031222800,hispanic__upper_middle__single_no_children__hispanic_dominant,249
17031222800,hispanic__upper_middle__family_with_children__hispanic_dominant,414
17031222800,hispanic__upper_middle__elderly__hispanic_dominant,166
17031222800,nh_other__upper_middle__single_no_children__hispanic_dominant,11
17031222800,nh_other__upper_middle__family_with_children__hispanic_dominant,9
17031222800,nh_other__upper_middle__elderly__hispanic_dominant,5
17031222900,nh_white__upper_middle__single_no_children__hispanic_dominant,35
17031222900,nh_white__upper_middle__family_with_children__hispanic_dominant,23
17031222900,nh_white__upper_middle__elderly__hispanic_dominant,20
17031222900,nh_black__upper_middle__single_no_children__hispanic_dominant,32
17031222900,nh_black__upper_middle__family_with_children__hispanic_dominant,28
17031222900,nh_black__upper_middle__elderly__hispanic_dominant,20
17031222900,nh_asian__upper_middle__single_no_children__hispanic_dominant,5
17031222900,nh_asian__upper_middle__family_with_children__hispanic_dominant,7
17031222900,nh_asian__upper_middle__elderly__hispanic_dominant,3
17031222900,hispanic__upper_middle__single_no_children__hispanic_dominant,320
17031222900,hispanic__upper_middle__family_with_children__hispanic_dominant,534
17031222900,hispanic__upper_middle__elderly__hispanic_dominant,214
17031222900,nh_other__upper_middle__single_no_children__hispanic_dominant,2
17031222900,nh_other__upper_middle__family_with_children__hispanic_dominant,1
17031222900,nh_other__upper_middle__elderly__hispanic_dominant,1
17031230100,nh_white__low__single_no_children__mixed,116
17031230100,nh_white__low__family_with_children__mixed,97
17031230100,nh_white__low__elderly__mixed,63
17031230100,nh_black__low__single_no_children__mixed,98
17031230100,nh_black__low__family_with_children__mixed,106
17031230100,nh_black__low__elderly__mixed,61
17031230100,nh_asian__low__single_no_children__mixed,7
17031230100,nh_asian__low__family_with_children__mixed,10
17031230100,nh_asian__low__elderly__mixed,4
17031230100,hispanic__low__single_no_children__mixed,280
17031230100,hispanic__low__family_with_children__mixed,571
17031230100,hispanic__low__elderly__mixed,187
17031230100,nh_other__low__single_no_children__mixed,10
17031230100,nh_other__low__family_with_children__mixed,9
17031230100,nh_other__low__elderly__mixed,4
17031230200,nh_white__low__single_no_children__hispanic_dominant,66
17031230200,nh_white__low__family_with_children__hispanic_dominant,55
17031230200,nh_white__low__elderly__hispanic_dominant,36
17031230200,nh_black__low__single_no_children__hispanic_dominant,88
17031230200,nh_black__low__family_with_children__hispanic_dominant,95
17031230200,nh_black__low__elderly__hispanic_dominant,55
17031230200,nh_asian__low__single_no_children__hispanic_dominant,4
17031230200,nh_asian__low__family_with_children__hispanic_dominant,6
17031230200,nh_asian__low__elderly__hispanic_dominant,2
17031230200,hispanic__low__single_no_children__hispanic_dominant,455
17031230200,hispanic__low__family_with_children__hispanic_dominant,926
17031230200,hispanic__low__elderly__hispanic_dominant,303
17031230200,nh_other__low__single_no_children__hispanic_dominant,8
17031230200,nh_other__low__family_with_children__hispanic_dominant,7
17031230200,nh_other__low__elderly__hispanic_dominant,3
17031230300,nh_white__low__single_no_children__hispanic_dominant,18
17031230300,nh_white__low__family_with_children__hispanic_dominant,15
17031230300,nh_white__low__elderly__hispanic_dominant,10
17031230300,nh_black__low__single_no_children__hispanic_dominant,23
17031230300,nh_black__low__family_with_children__hispanic_dominant,25
17031230300,nh_black__low__elderly__hispanic_dominant,14
17031230300,nh_asian__low__single_no_children__hispanic_dominant,1
17031230300,nh_asian__low__family_with_children__hispanic_dominant,2
17031230300,nh_asian__low__elderly__hispanic_dominant,1
17031230300,hispanic__low__single_no_children__hispanic_dominant,245
17031230300,hispanic__low__family_with_children__hispanic_dominant,498
17031230300,hispanic__low__elderly__hispanic_dominant,163
17031230300,nh_other__low__single_no_children__hispanic_dominant,4
17031230300,nh_other__low__family_with_children__hispanic_dominant,4
17031230300,nh_other__low__elderly__hispanic_dominant,2
17031230400,nh_white__low__single_no_children__hispanic_dominant,57
17031230400,nh_white__low__family_with_children__hispanic_dominant,47
17031230400,nh_white__low__elderly__hispanic_dominant,31
17031230400,nh_black__low__single_no_children__hispanic_dominant,38
17031230400,nh_black__low__family_with_children__hispanic_dominant,42
17031230400,nh_black__low__elderly__hispanic_dominant,24
17031230400,nh_asian__low__single_no_children__hispanic_dominant,5
17031230400,nh_asian__low__family_with_children__hispanic_dominant,8
17031230400,nh_asian__low__elderly__hispanic_dominant,3
17031230400,hispanic__low__single_no_children__hispanic_dominant,629
17031230400,hispanic__low__family_with_children__hispanic_dominant,1281
17031230400,hispanic__low__elderly__hispanic_dominant,419
17031230400,nh_other__low__single_no_children__hispanic_dominant,11
17031230400,nh_other__low__family_with_children__hispanic_dominant,10
17031230400,nh_other__low__elderly__hispanic_dominant,5
17031170100,nh_white__upper_middle__single_no_children__white_dominant,643
17031170100,nh_white__upper_middle__family_with_children__white_dominant,429
17031170100,nh_white__upper_middle__elderly__white_dominant,357
17031170100,nh_black__upper_middle__single_no_children__white_dominant,24
17031170100,nh_black__upper_middle__family_with_children__white_dominant,21
17031170100,nh_black__upper_middle__elderly__white_dominant,15
17031170100,nh_asian__upper_middle__single_no_children__white_dominant,27
17031170100,nh_asian__upper_middle__family_with_children__white_dominant,35
17031170100,nh_asian__upper_middle__elderly__white_dominant,16
17031170100,hispanic__upper_middle__single_no_children__white_dominant,53
17031170100,hispanic__upper_middle__family_with_children__white_dominant,88
17031170100,hispanic__upper_middle__elderly__white_dominant,35
17031170100,nh_other__upper_middle__single_no_children__white_dominant,4
17031170100,nh_other__upper_middle__family_with_children__white_dominant,4
17031170100,nh_other__upper_middle__elderly__white_dominant,2
17031170200,nh_white__upper_middle__single_no_children__mixed,1059
17031170200,nh_white__upper_middle__family_with_children__mixed,706
17031170200,nh_white__upper_middle__elderly__mixed,588
17031170200,nh_black__upper_middle__single_no_children__mixed,7
17031170200,nh_black__upper_middle__family_with_children__mixed,6
17031170200,nh_black__upper_middle__elderly__mixed,4
17031170200,nh_asian__upper_middle__single_no_children__mixed,54
17031170200,nh_asian__upper_middle__family_with_children__mixed,70
17031170200,nh_asian__upper_middle__elderly__mixed,31
17031170200,hispanic__upper_middle__single_no_children__mixed,387
17031170200,hispanic__upper_middle__family_with_children__mixed,644
17031170200,hispanic__upper_middle__elderly__mixed,258
17031170200,nh_other__upper_middle__single_no_children__mixed,34
17031170200,nh_other__upper_middle__family_with_children__mixed,27
17031170200,nh_other__upper_middle__elderly__mixed,15
17031170300,nh_white__upper_middle__single_no_children__mixed,1571
17031170300,nh_white__upper_middle__family_with_children__mixed,1048
17031170300,nh_white__upper_middle__elderly__mixed,873
17031170300,nh_black__upper_middle__single_no_children__mixed,14
17031170300,nh_black__upper_middle__family_with_children__mixed,13
17031170300,nh_black__upper_middle__elderly__mixed,9
17031170300,nh_asian__upper_middle__single_no_children__mixed,73
17031170300,nh_asian__upper_middle__family_with_children__mixed,94
17031170300,nh_asian__upper_middle__elderly__mixed,42
17031170300,hispanic__upper_middle__single_no_children__mixed,403
17031170300,hispanic__upper_middle__family_with_children__mixed,672
17031170300,hispanic__upper_middle__elderly__mixed,269
17031170300,nh_other__upper_middle__single_no_children__mixed,22
17031170300,nh_other__upper_middle__family_with_children__mixed,17
17031170300,nh_other__upper_middle__elderly__mixed,10
17031170400,nh_white__upper_middle__single_no_children__white_dominant,1319
17031170400,nh_white__upper_middle__family_with_children__white_dominant,879
17031170400,nh_white__upper_middle__elderly__white_dominant,733
17031170400,nh_black__upper_middle__single_no_children__white_dominant,11
17031170400,nh_black__upper_middle__family_with_children__white_dominant,10
17031170400,nh_black__upper_middle__elderly__white_dominant,7
17031170400,nh_asian__upper_middle__single_no_children__white_dominant,48
17031170400,nh_asian__upper_middle__family_with_children__white_dominant,62
17031170400,nh_asian__upper_middle__elderly__white_dominant,27
17031170400,hispanic__upper_middle__single_no_children__white_dominant,222
17031170400,hispanic__upper_middle__family_with_children__white_dominant,370
17031170400,hispanic__upper_middle__elderly__white_dominant,148
17031170400,nh_other__upper_middle__single_no_children__white_dominant,15
17031170400,nh_other__upper_middle__family_with_children__white_dominant,12
17031170400,nh_other__upper_middle__elderly__white_dominant,7
17031170500,nh_white__upper_middle__single_no_children__white_dominant,1719
17031170500,nh_white__upper_middle__family_with_children__white_dominant,1146
17031170500,nh_white__upper_middle__elderly__white_dominant,955
17031170500,nh_black__upper_middle__single_no_children__white_dominant,10
17031170500,nh_black__upper_middle__family_with_children__white_dominant,9
17031170500,nh_black__upper_middle__elderly__white_dominant,6
17031170500,nh_asian__upper_middle__single_no_children__white_dominant,38
17031170500,nh_asian__upper_middle__family_with_children__white_dominant,49
17031170500,nh_asian__upper_middle__elderly__white_dominant,22
17031170500,hispanic__upper_middle__single_no_children__white_dominant,287
17031170500,hispanic__upper_middle__family_with_children__white_dominant,479
17031170500,hispanic__upper_middle__elderly__white_dominant,192
17031170500,nh_other__upper_middle__single_no_children__white_dominant,30
17031170500,nh_other__upper_middle__family_with_children__white_dominant,23
17031170500,nh_other__upper_middle__elderly__white_dominant,13
17031170600,nh_white__upper_middle__single_no_children__white_dominant,906
17031170600,nh_white__upper_middle__family_with_children__white_dominant,604
17031170600,nh_white__upper_middle__elderly__white_dominant,503
17031170600,nh_black__upper_middle__single_no_children__white_dominant,2
17031170600,nh_black__upper_middle__family_with_children__white_dominant,1
17031170600,nh_black__upper_middle__elderly__white_dominant,1
17031170600,nh_asian__upper_middle__single_no_children__white_dominant,35
17031170600,nh_asian__upper_middle__family_with_children__white_dominant,45
17031170600,nh_asian__upper_middle__elderly__white_dominant,20
17031170600,hispanic__upper_middle__single_no_children__white_dominant,108
17031170600,hispanic__upper_middle__family_with_children__white_dominant,180
17031170600,hispanic__upper_middle__elderly__white_dominant,72
17031170600,nh_other__upper_middle__single_no_children__white_dominant,10
17031170600,nh_other__upper_middle__family_with_children__white_dominant,8
17031170600,nh_other__upper_middle__elderly__white_dominant,4
17031351400,nh_white__upper_middle__single_no_children__black_dominant,13
17031351400,nh_white__upper_middle__family_with_children__black_dominant,9
17031351400,nh_white__upper_middle__elderly__black_dominant,7
17031351400,nh_black__upper_middle__single_no_children__black_dominant,542
17031351400,nh_black__upper_middle__family_with_children__black_dominant,475
17031351400,nh_black__upper_middle__elderly__black_dominant,339
17031351400,nh_asian__upper_middle__single_no_children__black_dominant,1
17031351400,nh_asian__upper_middle__family_with_children__black_dominant,1
17031351400,nh_asian__upper_middle__elderly__black_dominant,1
17031351400,hispanic__upper_middle__single_no_children__black_dominant,6
17031351400,hispanic__upper_middle__family_with_children__black_dominant,10
17031351400,hispanic__upper_middle__elderly__black_dominant,4
17031351400,nh_other__upper_middle__single_no_children__black_dominant,13
17031351400,nh_other__upper_middle__family_with_children__black_dominant,10
17031351400,nh_other__upper_middle__elderly__black_dominant,6
17031351500,nh_white__upper_middle__single_no_children__black_dominant,15
17031351500,nh_white__upper_middle__family_with_children__black_dominant,10
17031351500,nh_white__upper_middle__elderly__black_dominant,8
17031351500,nh_black__upper_middle__single_no_children__black_dominant,79
17031351500,nh_black__upper_middle__family_with_children__black_dominant,69
17031351500,nh_black__upper_middle__elderly__black_dominant,49
17031351500,nh_asian__upper_middle__single_no_children__black_dominant,7
17031351500,nh_asian__upper_middle__family_with_children__black_dominant,9
17031351500,nh_asian__upper_middle__elderly__black_dominant,4
17031351500,hispanic__upper_middle__single_no_children__black_dominant,1
17031351500,hispanic__upper_middle__family_with_children__black_dominant,2
17031351500,hispanic__upper_middle__elderly__black_dominant,1
17031351500,nh_other__upper_middle__single_no_children__black_dominant,1
17031351500,nh_other__upper_middle__family_with_children__black_dominant,1
17031351500,nh_other__upper_middle__elderly__black_dominant,1
17031380500,nh_black__upper_middle__single_no_children__black_dominant,289
17031380500,nh_black__upper_middle__family_with_children__black_dominant,253
17031380500,nh_black__upper_middle__elderly__black_dominant,181
17031380500,hispanic__upper_middle__single_no_children__black_dominant,4
17031380500,hispanic__upper_middle__family_with_children__black_dominant,6
17031380500,hispanic__upper_middle__elderly__black_dominant,3
17031380500,nh_other__upper_middle__single_no_children__black_dominant,7
17031380500,nh_other__upper_middle__family_with_children__black_dominant,6
17031380500,nh_other__upper_middle__elderly__black_dominant,3
17031380700,nh_white__upper_middle__single_no_children__black_dominant,10
17031380700,nh_white__upper_middle__family_with_children__black_dominant,7
17031380700,nh_white__upper_middle__elderly__black_dominant,6
17031380700,nh_black__upper_middle__single_no_children__black_dominant,466
17031380700,nh_black__upper_middle__family_with_children__black_dominant,408
17031380700,nh_black__upper_middle__elderly__black_dominant,291
17031380700,nh_asian__upper_middle__single_no_children__black_dominant,1
17031380700,nh_asian__upper_middle__family_with_children__black_dominant,1
17031380700,nh_asian__upper_middle__elderly__black_dominant,1
17031380700,hispanic__upper_middle__single_no_children__black_dominant,8
17031380700,hispanic__upper_middle__family_with_children__black_dominant,14
17031380700,hispanic__upper_middle__elderly__black_dominant,6
17031380700,nh_other__upper_middle__single_no_children__black_dominant,11
17031380700,nh_other__upper_middle__family_with_children__black_dominant,9
17031380700,nh_other__upper_middle__elderly__black_dominant,5
17031381200,nh_white__upper_middle__single_no_children__black_dominant,8
17031381200,nh_white__upper_middle__family_with_children__black_dominant,5
17031381200,nh_white__upper_middle__elderly__black_dominant,4
17031381200,nh_black__upper_middle__single_no_children__black_dominant,821
17031381200,nh_black__upper_middle__family_with_children__black_dominant,719
17031381200,nh_black__upper_middle__elderly__black_dominant,513
17031381200,nh_asian__upper_middle__single_no_children__black_dominant,2
17031381200,nh_asian__upper_middle__family_with_children__black_dominant,3
17031381200,nh_asian__upper_middle__elderly__black_dominant,1
17031381200,hispanic__upper_middle__single_no_children__black_dominant,11
17031381200,hispanic__upper_middle__family_with_children__black_dominant,18
17031381200,hispanic__upper_middle__elderly__black_dominant,7
17031381200,nh_other__upper_middle__single_no_children__black_dominant,24
17031381200,nh_other__upper_middle__family_with_children__black_dominant,19
17031381200,nh_other__upper_middle__elderly__black_dominant,11
17031381400,nh_white__upper_middle__single_no_children__black_dominant,4
17031381400,nh_white__upper_middle__family_with_children__black_dominant,3
17031381400,nh_white__upper_middle__elderly__black_dominant,2
17031381400,nh_black__upper_middle__single_no_children__black_dominant,630
17031381400,nh_black__upper_middle__family_with_children__black_dominant,551
17031381400,nh_black__upper_middle__elderly__black_dominant,394
17031381400,hispanic__upper_middle__single_no_children__black_dominant,2
17031381400,hispanic__upper_middle__family_with_children__black_dominant,4
17031381400,hispanic__upper_middle__elderly__black_dominant,2
17031381400,nh_other__upper_middle__single_no_children__black_dominant,9
17031381400,nh_other__upper_middle__family_with_children__black_dominant,7
17031381400,nh_other__upper_middle__elderly__black_dominant,4
17031381500,nh_white__upper_middle__single_no_children__black_dominant,1
17031381500,nh_white__upper_middle__family_with_children__black_dominant,1
17031381500,nh_white__upper_middle__elderly__black_dominant,1
17031381500,nh_black__upper_middle__single_no_children__black_dominant,87
17031381500,nh_black__upper_middle__family_with_children__black_dominant,76
17031381500,nh_black__upper_middle__elderly__black_dominant,54
17031381500,hispanic__upper_middle__single_no_children__black_dominant,4
17031381500,hispanic__upper_middle__family_with_children__black_dominant,7
17031381500,hispanic__upper_middle__elderly__black_dominant,3
17031381500,nh_other__upper_middle__single_no_children__black_dominant,2
17031381500,nh_other__upper_middle__family_with_children__black_dominant,1
17031381500,nh_other__upper_middle__elderly__black_dominant,1
17031381800,nh_white__upper_middle__single_no_children__black_dominant,12
17031381800,nh_white__upper_middle__family_with_children__black_dominant,8
17031381800,nh_white__upper_middle__elderly__black_dominant,6
17031381800,nh_black__upper_middle__single_no_children__black_dominant,439
17031381800,nh_black__upper_middle__family_with_children__black_dominant,384
17031381800,nh_black__upper_middle__elderly__black_dominant,274
17031381800,nh_asian__upper_middle__single_no_children__black_dominant,1
17031381800,nh_asian__upper_middle__family_with_children__black_dominant,1
17031381800,nh_asian__upper_middle__elderly__black_dominant,1
17031381800,hispanic__upper_middle__single_no_children__black_dominant,11
17031381800,hispanic__upper_middle__family_with_children__black_dominant,18
17031381800,hispanic__upper_middle__elderly__black_dominant,7
17031381800,nh_other__upper_middle__single_no_children__black_dominant,12
17031381800,nh_other__upper_middle__family_with_children__black_dominant,9
17031381800,nh_other__upper_middle__elderly__black_dominant,5
17031381900,nh_white__upper_middle__single_no_children__black_dominant,25
17031381900,nh_white__upper_middle__family_with_children__black_dominant,16
17031381900,nh_white__upper_middle__elderly__black_dominant,14
17031381900,nh_black__upper_middle__single_no_children__black_dominant,476
17031381900,nh_black__upper_middle__family_with_children__black_dominant,417
17031381900,nh_black__upper_middle__elderly__black_dominant,298
17031381900,nh_asian__upper_middle__single_no_children__black_dominant,2
17031381900,nh_asian__upper_middle__family_with_children__black_dominant,3
17031381900,nh_asian__upper_middle__elderly__black_dominant,1
17031381900,hispanic__upper_middle__single_no_children__black_dominant,8
17031381900,hispanic__upper_middle__family_with_children__black_dominant,13
17031381900,hispanic__upper_middle__elderly__black_dominant,5
17031381900,nh_other__upper_middle__single_no_children__black_dominant,7
17031381900,nh_other__upper_middle__family_with_children__black_dominant,6
17031381900,nh_other__upper_middle__elderly__black_dominant,3
17031390100,nh_white__high__single_no_children__black_dominant,22
17031390100,nh_white__high__family_with_children__black_dominant,11
17031390100,nh_white__high__elderly__black_dominant,11
17031390100,nh_black__high__single_no_children__black_dominant,518
17031390100,nh_black__high__family_with_children__black_dominant,345
17031390100,nh_black__high__elderly__black_dominant,288
17031390100,nh_asian__high__single_no_children__black_dominant,5
17031390100,nh_asian__high__family_with_children__black_dominant,5
17031390100,nh_asian__high__elderly__black_dominant,2
17031390100,hispanic__high__single_no_children__black_dominant,10
17031390100,hispanic__high__family_with_children__black_dominant,13
17031390100,hispanic__high__elderly__black_dominant,6
17031390100,nh_other__high__single_no_children__black_dominant,16
17031390100,nh_other__high__family_with_children__black_dominant,10
17031390100,nh_other__high__elderly__black_dominant,6
17031390200,nh_white__high__single_no_children__black_dominant,65
17031390200,nh_white__high__family_with_children__black_dominant,32
17031390200,nh_white__high__elderly__black_dominant,32
17031390200,nh_black__high__single_no_children__black_dominant,690
17031390200,nh_black__high__family_with_children__black_dominant,460
17031390200,nh_black__high__elderly__black_dominant,384
17031390200,nh_asian__high__single_no_children__black_dominant,23
17031390200,nh_asian__high__family_with_children__black_dominant,23
17031390200,nh_asian__high__elderly__black_dominant,11
17031390200,hispanic__high__single_no_children__black_dominant,24
17031390200,hispanic__high__family_with_children__black_dominant,31
17031390200,hispanic__high__elderly__black_dominant,14
17031390200,nh_other__high__single_no_children__black_dominant,25
17031390200,nh_other__high__family_with_children__black_dominant,15
17031390200,nh_other__high__elderly__black_dominant,10
17031430300,nh_white__lower_middle__single_no_children__black_dominant,6
17031430300,nh_white__lower_middle__family_with_children__black_dominant,4
17031430300,nh_white__lower_middle__elderly__black_dominant,4
17031430300,nh_black__lower_middle__single_no_children__black_dominant,877
17031430300,nh_black__lower_middle__family_with_children__black_dominant,767
17031430300,nh_black__lower_middle__elderly__black_dominant,548
17031430300,nh_asian__lower_middle__single_no_children__black_dominant,4
17031430300,nh_asian__lower_middle__family_with_children__black_dominant,4
17031430300,nh_asian__lower_middle__elderly__black_dominant,2
17031430300,hispanic__lower_middle__single_no_children__black_dominant,14
17031430300,hispanic__lower_middle__family_with_children__black_dominant,23
17031430300,hispanic__lower_middle__elderly__black_dominant,9
17031430300,nh_other__lower_middle__single_no_children__black_dominant,33
17031430300,nh_other__lower_middle__family_with_children__black_dominant,26
17031430300,nh_other__lower_middle__elderly__black_dominant,15
17031430400,nh_white__lower_middle__single_no_children__black_dominant,9
17031430400,nh_white__lower_middle__family_with_children__black_dominant,6
17031430400,nh_white__lower_middle__elderly__black_dominant,5
17031430400,nh_black__lower_middle__single_no_children__black_dominant,1111
17031430400,nh_black__lower_middle__family_with_children__black_dominant,972
17031430400,nh_black__lower_middle__elderly__black_dominant,694
17031430400,nh_asian__lower_middle__single_no_children__black_dominant,1
17031430400,nh_asian__lower_middle__family_with_children__black_dominant,1
17031430400,nh_asian__lower_middle__elderly__black_dominant,1
17031430400,hispanic__lower_middle__single_no_children__black_dominant,13
17031430400,hispanic__lower_middle__family_with_children__black_dominant,21
17031430400,hispanic__lower_middle__elderly__black_dominant,8
17031430400,nh_other__lower_middle__single_no_children__black_dominant,22
17031430400,nh_other__lower_middle__family_with_children__black_dominant,18
17031430400,nh_other__lower_middle__elderly__black_dominant,10
17031430500,nh_white__lower_middle__single_no_children__black_dominant,9
17031430500,nh_white__lower_middle__family_with_children__black_dominant,6
17031430500,nh_white__lower_middle__elderly__black_dominant,5
17031430500,nh_black__lower_middle__single_no_children__black_dominant,1393
17031430500,nh_black__lower_middle__family_with_children__black_dominant,1219
17031430500,nh_black__lower_middle__elderly__black_dominant,871
17031430500,nh_asian__lower_middle__single_no_children__black_dominant,1
17031430500,nh_asian__lower_middle__family_with_children__black_dominant,1
17031430500,nh_asian__lower_middle__elderly__black_dominant,1
17031430500,hispanic__lower_middle__single_no_children__black_dominant,15
17031430500,hispanic__lower_middle__family_with_children__black_dominant,25
17031430500,hispanic__lower_middle__elderly__black_dominant,10
17031430500,nh_other__lower_middle__single_no_children__black_dominant,22
17031430500,nh_other__lower_middle__family_with_children__black_dominant,17
17031430500,nh_other__lower_middle__elderly__black_dominant,10
17031430600,nh_white__lower_middle__single_no_children__black_dominant,17
17031430600,nh_white__lower_middle__family_with_children__black_dominant,11
17031430600,nh_white__lower_middle__elderly__black_dominant,10
17031430600,nh_black__lower_middle__single_no_children__black_dominant,629
17031430600,nh_black__lower_middle__family_with_children__black_dominant,551
17031430600,nh_black__lower_middle__elderly__black_dominant,393
17031430600,nh_asian__lower_middle__single_no_children__black_dominant,1
17031430600,nh_asian__lower_middle__family_with_children__black_dominant,1
17031430600,nh_asian__lower_middle__elderly__black_dominant,1
17031430600,hispanic__lower_middle__single_no_children__black_dominant,8
17031430600,hispanic__lower_middle__family_with_children__black_dominant,13
17031430600,hispanic__lower_middle__elderly__black_dominant,5
17031430600,nh_other__lower_middle__single_no_children__black_dominant,11
17031430600,nh_other__lower_middle__family_with_children__black_dominant,9
17031430600,nh_other__lower_middle__elderly__black_dominant,5
17031430800,nh_white__lower_middle__single_no_children__black_dominant,8
17031430800,nh_white__lower_middle__family_with_children__black_dominant,5
17031430800,nh_white__lower_middle__elderly__black_dominant,4
17031430800,nh_black__lower_middle__single_no_children__black_dominant,677
17031430800,nh_black__lower_middle__family_with_children__black_dominant,593
17031430800,nh_black__lower_middle__elderly__black_dominant,423
17031430800,nh_asian__lower_middle__single_no_children__black_dominant,1
17031430800,nh_asian__lower_middle__family_with_children__black_dominant,1
17031430800,nh_asian__lower_middle__elderly__black_dominant,1
17031430800,hispanic__lower_middle__single_no_children__black_dominant,9
17031430800,hispanic__lower_middle__family_with_children__black_dominant,16
17031430800,hispanic__lower_middle__elderly__black_dominant,6
17031430800,nh_other__lower_middle__single_no_children__black_dominant,9
17031430800,nh_other__lower_middle__family_with_children__black_dominant,7
17031430800,nh_other__lower_middle__elderly__black_dominant,4
17031430900,nh_white__lower_middle__single_no_children__black_dominant,2
17031430900,nh_white__lower_middle__family_with_children__black_dominant,1
17031430900,nh_white__lower_middle__elderly__black_dominant,1
17031430900,nh_black__lower_middle__single_no_children__black_dominant,694
17031430900,nh_black__lower_middle__family_with_children__black_dominant,607
17031430900,nh_black__lower_middle__elderly__black_dominant,434
17031430900,hispanic__lower_middle__single_no_children__black_dominant,10
17031430900,hispanic__lower_middle__family_with_children__black_dominant,16
17031430900,hispanic__lower_middle__elderly__black_dominant,7
17031430900,nh_other__lower_middle__single_no_children__black_dominant,19
17031430900,nh_other__lower_middle__family_with_children__black_dominant,15
17031430900,nh_other__lower_middle__elderly__black_dominant,9
17031431200,nh_white__lower_middle__single_no_children__black_dominant,13
17031431200,nh_white__lower_middle__family_with_children__black_dominant,8
17031431200,nh_white__lower_middle__elderly__black_dominant,7
17031431200,nh_black__lower_middle__single_no_children__black_dominant,1173
17031431200,nh_black__lower_middle__family_with_children__black_dominant,1026
17031431200,nh_black__lower_middle__elderly__black_dominant,733
17031431200,nh_asian__lower_middle__single_no_children__black_dominant,1
17031431200,nh_asian__lower_middle__family_with_children__black_dominant,1
17031431200,nh_asian__lower_middle__elderly__black_dominant,1
17031431200,hispanic__lower_middle__single_no_children__black_dominant,18
17031431200,hispanic__lower_middle__family_with_children__black_dominant,30
17031431200,hispanic__lower_middle__elderly__black_dominant,12
17031431200,nh_other__lower_middle__single_no_children__black_dominant,25
17031431200,nh_other__lower_middle__family_with_children__black_dominant,19
17031431200,nh_other__lower_middle__elderly__black_dominant,11
17031670500,nh_white__low__single_no_children__black_dominant,2
17031670500,nh_white__low__family_with_children__black_dominant,2
17031670500,nh_white__low__elderly__black_dominant,1
17031670500,nh_black__low__single_no_children__black_dominant,457
17031670500,nh_black__low__family_with_children__black_dominant,494
17031670500,nh_black__low__elderly__black_dominant,284
17031670500,hispanic__low__single_no_children__black_dominant,15
17031670500,hispanic__low__family_with_children__black_dominant,30
17031670500,hispanic__low__elderly__black_dominant,10
17031670500,nh_other__low__single_no_children__black_dominant,11
17031670500,nh_other__low__family_with_children__black_dominant,10
17031670500,nh_other__low__elderly__black_dominant,5
17031670600,nh_black__low__single_no_children__black_dominant,593
17031670600,nh_black__low__family_with_children__black_dominant,641
17031670600,nh_black__low__elderly__black_dominant,369
17031670600,nh_asian__low__single_no_children__black_dominant,1
17031670600,nh_asian__low__family_with_children__black_dominant,1
17031670600,nh_asian__low__elderly__black_dominant,1
17031670600,hispanic__low__single_no_children__black_dominant,9
17031670600,hispanic__low__family_with_children__black_dominant,19
17031670600,hispanic__low__elderly__black_dominant,6
17031670600,nh_other__low__single_no_children__black_dominant,5
17031670600,nh_other__low__family_with_children__black_dominant,4
17031670600,nh_other__low__elderly__black_dominant,2
17031670700,nh_white__low__single_no_children__black_dominant,3
17031670700,nh_white__low__family_with_children__black_dominant,2
17031670700,nh_white__low__elderly__black_dominant,2
17031670700,nh_black__low__single_no_children__black_dominant,526
17031670700,nh_black__low__family_with_children__black_dominant,569
17031670700,nh_black__low__elderly__black_dominant,327
17031670700,hispanic__low__single_no_children__black_dominant,11
17031670700,hispanic__low__family_with_children__black_dominant,23
17031670700,hispanic__low__elderly__black_dominant,8
17031670700,nh_other__low__single_no_children__black_dominant,8
17031670700,nh_other__low__family_with_children__black_dominant,8
17031670700,nh_other__low__elderly__black_dominant,4
17031670800,nh_white__low__single_no_children__black_dominant,1
17031670800,nh_white__low__family_with_children__black_dominant,1
17031670800,nh_white__low__elderly__black_dominant,1
17031670800,nh_black__low__single_no_children__black_dominant,589
17031670800,nh_black__low__family_with_children__black_dominant,637
17031670800,nh_black__low__elderly__black_dominant,366
17031670800,hispanic__low__single_no_children__black_dominant,6
17031670800,hispanic__low__family_with_children__black_dominant,12
17031670800,hispanic__low__elderly__black_dominant,4
17031670800,nh_other__low__single_no_children__black_dominant,8
17031670800,nh_other__low__family_with_children__black_dominant,8
17031670800,nh_other__low__elderly__black_dominant,4
17031670900,nh_white__low__single_no_children__black_dominant,1
17031670900,nh_white__low__family_with_children__black_dominant,1
17031670900,nh_white__low__elderly__black_dominant,1
17031670900,nh_black__low__single_no_children__black_dominant,487
17031670900,nh_black__low__family_with_children__black_dominant,526
17031670900,nh_black__low__elderly__black_dominant,303
17031670900,nh_asian__low__single_no_children__black_dominant,1
17031670900,nh_asian__low__family_with_children__black_dominant,2
17031670900,nh_asian__low__elderly__black_dominant,1
17031670900,hispanic__low__single_no_children__black_dominant,5
17031670900,hispanic__low__family_with_children__black_dominant,10
17031670900,hispanic__low__elderly__black_dominant,3
17031670900,nh_other__low__single_no_children__black_dominant,4
17031670900,nh_other__low__family_with_children__black_dominant,4
17031670900,nh_other__low__elderly__black_dominant,2
17031671100,nh_white__low__single_no_children__black_dominant,3
17031671100,nh_white__low__family_with_children__black_dominant,2
17031671100,nh_white__low__elderly__black_dominant,1
17031671100,nh_black__low__single_no_children__black_dominant,452
17031671100,nh_black__low__family_with_children__black_dominant,488
17031671100,nh_black__low__elderly__black_dominant,281
17031671100,hispanic__low__single_no_children__black_dominant,6
17031671100,hispanic__low__family_with_children__black_dominant,12
17031671100,hispanic__low__elderly__black_dominant,4
17031671100,nh_other__low__single_no_children__black_dominant,4
17031671100,nh_other__low__family_with_children__black_dominant,4
17031671100,nh_other__low__elderly__black_dominant,2
17031671200,nh_white__low__single_no_children__black_dominant,3
17031671200,nh_white__low__family_with_children__black_dominant,2
17031671200,nh_white__low__elderly__black_dominant,1
17031671200,nh_black__low__single_no_children__black_dominant,453
17031671200,nh_black__low__family_with_children__black_dominant,490
17031671200,nh_black__low__elderly__black_dominant,282
17031671200,hispanic__low__single_no_children__black_dominant,3
17031671200,hispanic__low__family_with_children__black_dominant,6
17031671200,hispanic__low__elderly__black_dominant,2
17031671200,nh_other__low__single_no_children__black_dominant,5
17031671200,nh_other__low__family_with_children__black_dominant,4
17031671200,nh_other__low__elderly__black_dominant,2
17031671300,nh_white__low__single_no_children__black_dominant,4
17031671300,nh_white__low__family_with_children__black_dominant,4
17031671300,nh_white__low__elderly__black_dominant,2
17031671300,nh_black__low__single_no_children__black_dominant,965
17031671300,nh_black__low__family_with_children__black_dominant,1043
17031671300,nh_black__low__elderly__black_dominant,600
17031671300,hispanic__low__single_no_children__black_dominant,11
17031671300,hispanic__low__family_with_children__black_dominant,21
17031671300,hispanic__low__elderly__black_dominant,7
17031671300,nh_other__low__single_no_children__black_dominant,13
17031671300,nh_other__low__family_with_children__black_dominant,13
17031671300,nh_other__low__elderly__black_dominant,6
17031671400,nh_white__low__single_no_children__black_dominant,2
17031671400,nh_white__low__family_with_children__black_dominant,1
17031671400,nh_white__low__elderly__black_dominant,1
17031671400,nh_black__low__single_no_children__black_dominant,734
17031671400,nh_black__low__family_with_children__black_dominant,794
17031671400,nh_black__low__elderly__black_dominant,457
17031671400,hispanic__low__single_no_children__black_dominant,18
17031671400,hispanic__low__family_with_children__black_dominant,37
17031671400,hispanic__low__elderly__black_dominant,12
17031671400,nh_other__low__single_no_children__black_dominant,7
17031671400,nh_other__low__family_with_children__black_dominant,6
17031671400,nh_other__low__elderly__black_dominant,3
17031671500,nh_white__low__single_no_children__black_dominant,7
17031671500,nh_white__low__family_with_children__black_dominant,6
17031671500,nh_white__low__elderly__black_dominant,4
17031671500,nh_black__low__single_no_children__black_dominant,1153
17031671500,nh_black__low__family_with_children__black_dominant,1246
17031671500,nh_black__low__elderly__black_dominant,717
17031671500,nh_asian__low__single_no_children__black_dominant,1
17031671500,nh_asian__low__family_with_children__black_dominant,1
17031671500,nh_asian__low__elderly__black_dominant,1
17031671500,hispanic__low__single_no_children__black_dominant,11
17031671500,hispanic__low__family_with_children__black_dominant,23
17031671500,hispanic__low__elderly__black_dominant,8
17031671500,nh_other__low__single_no_children__black_dominant,19
17031671500,nh_other__low__family_with_children__black_dominant,18
17031671500,nh_other__low__elderly__black_dominant,8
17031671600,nh_white__low__single_no_children__black_dominant,5
17031671600,nh_white__low__family_with_children__black_dominant,4
17031671600,nh_white__low__elderly__black_dominant,3
17031671600,nh_black__low__single_no_children__black_dominant,899
17031671600,nh_black__low__family_with_children__black_dominant,972
17031671600,nh_black__low__elderly__black_dominant,559
17031671600,hispanic__low__single_no_children__black_dominant,6
17031671600,hispanic__low__family_with_children__black_dominant,12
17031671600,hispanic__low__elderly__black_dominant,4
17031671600,nh_other__low__single_no_children__black_dominant,13
17031671600,nh_other__low__family_with_children__black_dominant,13
17031671600,nh_other__low__elderly__black_dominant,6
17031230500,nh_white__low__single_no_children__hispanic_dominant,34
17031230500,nh_white__low__family_with_children__hispanic_dominant,28
17031230500,nh_white__low__elderly__hispanic_dominant,19
17031230500,nh_black__low__single_no_children__hispanic_dominant,118
17031230500,nh_black__low__family_with_children__hispanic_dominant,128
17031230500,nh_black__low__elderly__hispanic_dominant,73
17031230500,nh_asian__low__single_no_children__hispanic_dominant,7
17031230500,nh_asian__low__family_with_children__hispanic_dominant,12
17031230500,nh_asian__low__elderly__hispanic_dominant,4
17031230500,hispanic__low__single_no_children__hispanic_dominant,845
17031230500,hispanic__low__family_with_children__hispanic_dominant,1722
17031230500,hispanic__low__elderly__hispanic_dominant,563
17031230500,nh_other__low__single_no_children__hispanic_dominant,7
17031230500,nh_other__low__family_with_children__hispanic_dominant,7
17031230500,nh_other__low__elderly__hispanic_dominant,3
17031230600,nh_white__low__single_no_children__mixed,82
17031230600,nh_white__low__family_with_children__mixed,69
17031230600,nh_white__low__elderly__mixed,45
17031230600,nh_black__low__single_no_children__mixed,834
17031230600,nh_black__low__family_with_children__mixed,902
17031230600,nh_black__low__elderly__mixed,519
17031230600,nh_asian__low__single_no_children__mixed,3
17031230600,nh_asian__low__family_with_children__mixed,4
17031230600,nh_asian__low__elderly__mixed,2
17031230600,hispanic__low__single_no_children__mixed,1160
17031230600,hispanic__low__family_with_children__mixed,2363
17031230600,hispanic__low__elderly__mixed,773
17031230600,nh_other__low__single_no_children__mixed,26
17031230600,nh_other__low__family_with_children__mixed,24
17031230600,nh_other__low__elderly__mixed,11
17031230700,nh_white__low__single_no_children__hispanic_dominant,92
17031230700,nh_white__low__family_with_children__hispanic_dominant,76
17031230700,nh_white__low__elderly__hispanic_dominant,50
17031230700,nh_black__low__single_no_children__hispanic_dominant,316
17031230700,nh_black__low__family_with_children__hispanic_dominant,342
17031230700,nh_black__low__elderly__hispanic_dominant,197
17031230700,nh_asian__low__single_no_children__hispanic_dominant,11
17031230700,nh_asian__low__family_with_children__hispanic_dominant,17
17031230700,nh_asian__low__elderly__hispanic_dominant,6
17031230700,hispanic__low__single_no_children__hispanic_dominant,1404
17031230700,hispanic__low__family_with_children__hispanic_dominant,2859
17031230700,hispanic__low__elderly__hispanic_dominant,936
17031230700,nh_other__low__single_no_children__hispanic_dominant,24
17031230700,nh_other__low__family_with_children__hispanic_dominant,23
17031230700,nh_other__low__elderly__hispanic_dominant,10
17031230800,nh_white__low__single_no_children__hispanic_dominant,36
17031230800,nh_white__low__family_with_children__hispanic_dominant,30
17031230800,nh_white__low__elderly__hispanic_dominant,20
17031230800,nh_black__low__single_no_children__hispanic_dominant,24
17031230800,nh_black__low__family_with_children__hispanic_dominant,26
17031230800,nh_black__low__elderly__hispanic_dominant,15
17031230800,nh_asian__low__single_no_children__hispanic_dominant,3
17031230800,nh_asian__low__family_with_children__hispanic_dominant,5
17031230800,nh_asian__low__elderly__hispanic_dominant,2
17031230800,hispanic__low__single_no_children__hispanic_dominant,310
17031230800,hispanic__low__family_with_children__hispanic_dominant,631
17031230800,hispanic__low__elderly__hispanic_dominant,207
17031230800,nh_other__low__single_no_children__hispanic_dominant,3
17031230800,nh_other__low__family_with_children__hispanic_dominant,3
17031230800,nh_other__low__elderly__hispanic_dominant,1
17031230900,nh_white__low__single_no_children__mixed,261
17031230900,nh_white__low__family_with_children__mixed,218
17031230900,nh_white__low__elderly__mixed,143
17031230900,nh_black__low__single_no_children__mixed,379
17031230900,nh_black__low__family_with_children__mixed,410
17031230900,nh_black__low__elderly__mixed,236
17031230900,nh_asian__low__single_no_children__mixed,11
17031230900,nh_asian__low__family_with_children__mixed,16
17031230900,nh_asian__low__elderly__mixed,6
17031230900,hispanic__low__single_no_children__mixed,983
17031230900,hispanic__low__family_with_children__mixed,2002
17031230900,hispanic__low__elderly__mixed,655
17031230900,nh_other__low__single_no_children__mixed,33
17031230900,nh_other__low__family_with_children__mixed,32
17031230900,nh_other__low__elderly__mixed,14
17031231100,nh_white__low__single_no_children__black_dominant,8
17031231100,nh_white__low__family_with_children__black_dominant,6
17031231100,nh_white__low__elderly__black_dominant,4
17031231100,nh_black__low__single_no_children__black_dominant,328
17031231100,nh_black__low__family_with_children__black_dominant,355
17031231100,nh_black__low__elderly__black_dominant,204
17031231100,nh_asian__low__single_no_children__black_dominant,1
17031231100,nh_asian__low__family_with_children__black_dominant,1
17031231100,nh_asian__low__elderly__black_dominant,1
17031231100,hispanic__low__single_no_children__black_dominant,87
17031231100,hispanic__low__family_with_children__black_dominant,177
17031231100,hispanic__low__elderly__black_dominant,58
17031231100,nh_other__low__single_no_children__black_dominant,3
17031231100,nh_other__low__family_with_children__black_dominant,3
17031231100,nh_other__low__elderly__black_dominant,1
17031231200,nh_white__low__single_no_children__black_dominant,40
17031231200,nh_white__low__family_with_children__black_dominant,34
17031231200,nh_white__low__elderly__black_dominant,22
17031231200,nh_black__low__single_no_children__black_dominant,1587
17031231200,nh_black__low__family_with_children__black_dominant,1716
17031231200,nh_black__low__elderly__black_dominant,987
17031231200,hispanic__low__single_no_children__black_dominant,450
17031231200,hispanic__low__family_with_children__black_dominant,916
17031231200,hispanic__low__elderly__black_dominant,300
17031231200,nh_other__low__single_no_children__black_dominant,18
17031231200,nh_other__low__family_with_children__black_dominant,18
17031231200,nh_other__low__elderly__black_dominant,8
17031170700,nh_white__upper_middle__single_no_children__white_dominant,1051
17031170700,nh_white__upper_middle__family_with_children__white_dominant,700
17031170700,nh_white__upper_middle__elderly__white_dominant,584
17031170700,nh_black__upper_middle__single_no_children__white_dominant,2
17031170700,nh_black__upper_middle__family_with_children__white_dominant,2
17031170700,nh_black__upper_middle__elderly__white_dominant,2
17031170700,nh_asian__upper_middle__single_no_children__white_dominant,27
17031170700,nh_asian__upper_middle__family_with_children__white_dominant,34
17031170700,nh_asian__upper_middle__elderly__white_dominant,15
17031170700,hispanic__upper_middle__single_no_children__white_dominant,157
17031170700,hispanic__upper_middle__family_with_children__white_dominant,262
17031170700,hispanic__upper_middle__elderly__white_dominant,105
17031170700,nh_other__upper_middle__single_no_children__white_dominant,18
17031170700,nh_other__upper_middle__family_with_children__white_dominant,14
17031170700,nh_other__upper_middle__elderly__white_dominant,8
17031170800,nh_white__upper_middle__single_no_children__white_dominant,1224
17031170800,nh_white__upper_middle__family_with_children__white_dominant,816
17031170800,nh_white__upper_middle__elderly__white_dominant,680
17031170800,nh_black__upper_middle__single_no_children__white_dominant,10
17031170800,nh_black__upper_middle__family_with_children__white_dominant,9
17031170800,nh_black__upper_middle__elderly__white_dominant,6
17031170800,nh_asian__upper_middle__single_no_children__white_dominant,48
17031170800,nh_asian__upper_middle__family_with_children__white_dominant,62
17031170800,nh_asian__upper_middle__elderly__white_dominant,27
17031170800,hispanic__upper_middle__single_no_children__white_dominant,240
17031170800,hispanic__upper_middle__family_with_children__white_dominant,400
17031170800,hispanic__upper_middle__elderly__white_dominant,160
17031170800,nh_other__upper_middle__single_no_children__white_dominant,17
17031170800,nh_other__upper_middle__family_with_children__white_dominant,13
17031170800,nh_other__upper_middle__elderly__white_dominant,8
17031170900,nh_white__upper_middle__single_no_children__mixed,494
17031170900,nh_white__upper_middle__family_with_children__mixed,329
17031170900,nh_white__upper_middle__elderly__mixed,274
17031170900,nh_black__upper_middle__single_no_children__mixed,7
17031170900,nh_black__upper_middle__family_with_children__mixed,6
17031170900,nh_black__upper_middle__elderly__mixed,4
17031170900,nh_asian__upper_middle__single_no_children__mixed,24
17031170900,nh_asian__upper_middle__family_with_children__mixed,32
17031170900,nh_asian__upper_middle__elderly__mixed,14
17031170900,hispanic__upper_middle__single_no_children__mixed,148
17031170900,hispanic__upper_middle__family_with_children__mixed,247
17031170900,hispanic__upper_middle__elderly__mixed,99
17031170900,nh_other__upper_middle__single_no_children__mixed,15
17031170900,nh_other__upper_middle__family_with_children__mixed,12
17031170900,nh_other__upper_middle__elderly__mixed,7
17031171000,nh_white__upper_middle__single_no_children__mixed,2265
17031171000,nh_white__upper_middle__family_with_children__mixed,1510
17031171000,nh_white__upper_middle__elderly__mixed,1258
17031171000,nh_black__upper_middle__single_no_children__mixed,26
17031171000,nh_black__upper_middle__family_with_children__mixed,23
17031171000,nh_black__upper_middle__elderly__mixed,16
17031171000,nh_asian__upper_middle__single_no_children__mixed,108
17031171000,nh_asian__upper_middle__family_with_children__mixed,140
17031171000,nh_asian__upper_middle__elderly__mixed,62
17031171000,hispanic__upper_middle__single_no_children__mixed,532
17031171000,hispanic__upper_middle__family_with_children__mixed,886
17031171000,hispanic__upper_middle__elderly__mixed,354
17031171000,nh_other__upper_middle__single_no_children__mixed,47
17031171000,nh_other__upper_middle__family_with_children__mixed,37
17031171000,nh_other__upper_middle__elderly__mixed,21
17031171100,nh_white__upper_middle__single_no_children__mixed,1029
17031171100,nh_white__upper_middle__family_with_children__mixed,686
17031171100,nh_white__upper_middle__elderly__mixed,572
17031171100,nh_black__upper_middle__single_no_children__mixed,9
17031171100,nh_black__upper_middle__family_with_children__mixed,8
17031171100,nh_black__upper_middle__elderly__mixed,6
17031171100,nh_asian__upper_middle__single_no_children__mixed,72
17031171100,nh_asian__upper_middle__family_with_children__mixed,93
17031171100,nh_asian__upper_middle__elderly__mixed,41
17031171100,hispanic__upper_middle__single_no_children__mixed,462
17031171100,hispanic__upper_middle__family_with_children__mixed,770
17031171100,hispanic__upper_middle__elderly__mixed,308
17031171100,nh_other__upper_middle__single_no_children__mixed,24
17031171100,nh_other__upper_middle__family_with_children__mixed,19
17031171100,nh_other__upper_middle__elderly__mixed,11
17031180100,nh_white__lower_middle__single_no_children__mixed,1398
17031180100,nh_white__lower_middle__family_with_children__mixed,932
17031180100,nh_white__lower_middle__elderly__mixed,776
17031180100,nh_black__lower_middle__single_no_children__mixed,38
17031180100,nh_black__lower_middle__family_with_children__mixed,33
17031180100,nh_black__lower_middle__elderly__mixed,24
17031180100,nh_asian__lower_middle__single_no_children__mixed,77
17031180100,nh_asian__lower_middle__family_with_children__mixed,99
17031180100,nh_asian__lower_middle__elderly__mixed,44
17031180100,hispanic__lower_middle__single_no_children__mixed,801
17031180100,hispanic__lower_middle__family_with_children__mixed,1335
17031180100,hispanic__lower_middle__elderly__mixed,534
17031180100,nh_other__lower_middle__single_no_children__mixed,29
17031180100,nh_other__lower_middle__family_with_children__mixed,23
17031180100,nh_other__lower_middle__elderly__mixed,13
17031190100,nh_white__low__single_no_children__hispanic_dominant,167
17031190100,nh_white__low__family_with_children__hispanic_dominant,139
17031190100,nh_white__low__elderly__hispanic_dominant,91
17031190100,nh_black__low__single_no_children__hispanic_dominant,16
17031190100,nh_black__low__family_with_children__hispanic_dominant,18
17031190100,nh_black__low__elderly__hispanic_dominant,10
17031190100,nh_asian__low__single_no_children__hispanic_dominant,17
17031190100,nh_asian__low__family_with_children__hispanic_dominant,26
17031190100,nh_asian__low__elderly__hispanic_dominant,10
17031190100,hispanic__low__single_no_children__hispanic_dominant,530
17031190100,hispanic__low__family_with_children__hispanic_dominant,1080
17031190100,hispanic__low__elderly__hispanic_dominant,354
17031190100,nh_other__low__single_no_children__hispanic_dominant,13
17031190100,nh_other__low__family_with_children__hispanic_dominant,12
17031190100,nh_other__low__elderly__hispanic_dominant,5
17031190200,nh_white__low__single_no_children__hispanic_dominant,417
17031190200,nh_white__low__family_with_children__hispanic_dominant,347
17031190200,nh_white__low__elderly__hispanic_dominant,228
17031190200,nh_black__low__single_no_children__hispanic_dominant,30
17031190200,nh_black__low__family_with_children__hispanic_dominant,32
17031190200,nh_black__low__elderly__hispanic_dominant,18
17031190200,nh_asian__low__single_no_children__hispanic_dominant,46
17031190200,nh_asian__low__family_with_children__hispanic_dominant,72
17031190200,nh_asian__low__elderly__hispanic_dominant,26
17031190200,hispanic__low__single_no_children__hispanic_dominant,1241
17031190200,hispanic__low__family_with_children__hispanic_dominant,2528
17031190200,hispanic__low__elderly__hispanic_dominant,827
17031190200,nh_other__low__single_no_children__hispanic_dominant,17
17031190200,nh_other__low__family_with_children__hispanic_dominant,16
17031190200,nh_other__low__elderly__hispanic_dominant,7
17031390300,nh_white__high__single_no_children__black_dominant,36
17031390300,nh_white__high__family_with_children__black_dominant,18
17031390300,nh_white__high__elderly__black_dominant,18
17031390300,nh_black__high__single_no_children__black_dominant,1152
17031390300,nh_black__high__family_with_children__black_dominant,768
17031390300,nh_black__high__elderly__black_dominant,640
17031390300,nh_asian__high__single_no_children__black_dominant,6
17031390300,nh_asian__high__family_with_children__black_dominant,6
17031390300,nh_asian__high__elderly__black_dominant,3
17031390300,hispanic__high__single_no_children__black_dominant,14
17031390300,hispanic__high__family_with_children__black_dominant,18
17031390300,hispanic__high__elderly__black_dominant,8
17031390300,nh_other__high__single_no_children__black_dominant,28
17031390300,nh_other__high__family_with_children__black_dominant,17
17031390300,nh_other__high__elderly__black_dominant,11
17031390400,nh_white__high__single_no_children__black_dominant,70
17031390400,nh_white__high__family_with_children__black_dominant,35
17031390400,nh_white__high__elderly__black_dominant,35
17031390400,nh_black__high__single_no_children__black_dominant,1184
17031390400,nh_black__high__family_with_children__black_dominant,789
17031390400,nh_black__high__elderly__black_dominant,658
17031390400,nh_asian__high__single_no_children__black_dominant,8
17031390400,nh_asian__high__family_with_children__black_dominant,8
17031390400,nh_asian__high__elderly__black_dominant,4
17031390400,hispanic__high__single_no_children__black_dominant,19
17031390400,hispanic__high__family_with_children__black_dominant,25
17031390400,hispanic__high__elderly__black_dominant,11
17031390400,nh_other__high__single_no_children__black_dominant,44
17031390400,nh_other__high__family_with_children__black_dominant,26
17031390400,nh_other__high__elderly__black_dominant,17
17031390500,nh_white__high__single_no_children__mixed,178
17031390500,nh_white__high__family_with_children__mixed,89
17031390500,nh_white__high__elderly__mixed,89
17031390500,nh_black__high__single_no_children__mixed,489
17031390500,nh_black__high__family_with_children__mixed,326
17031390500,nh_black__high__elderly__mixed,272
17031390500,nh_asian__high__single_no_children__mixed,24
17031390500,nh_asian__high__family_with_children__mixed,24
17031390500,nh_asian__high__elderly__mixed,12
17031390500,hispanic__high__single_no_children__mixed,17
17031390500,hispanic__high__family_with_children__mixed,22
17031390500,hispanic__high__elderly__mixed,10
17031390500,nh_other__high__single_no_children__mixed,24
17031390500,nh_other__high__family_with_children__mixed,14
17031390500,nh_other__high__elderly__mixed,10
17031390600,nh_white__high__single_no_children__mixed,422
17031390600,nh_white__high__family_with_children__mixed,211
17031390600,nh_white__high__elderly__mixed,211
17031390600,nh_black__high__single_no_children__mixed,345
17031390600,nh_black__high__family_with_children__mixed,230
17031390600,nh_black__high__elderly__mixed,192
17031390600,nh_asian__high__single_no_children__mixed,45
17031390600,nh_asian__high__family_with_children__mixed,45
17031390600,nh_asian__high__elderly__mixed,23
17031390600,hispanic__high__single_no_children__mixed,21
17031390600,hispanic__high__family_with_children__mixed,27
17031390600,hispanic__high__elderly__mixed,12
17031390600,nh_other__high__single_no_children__mixed,42
17031390600,nh_other__high__family_with_children__mixed,26
17031390600,nh_other__high__elderly__mixed,17
17031400300,nh_white__low__single_no_children__black_dominant,3
17031400300,nh_white__low__family_with_children__black_dominant,3
17031400300,nh_white__low__elderly__black_dominant,2
17031400300,nh_black__low__single_no_children__black_dominant,563
17031400300,nh_black__low__family_with_children__black_dominant,609
17031400300,nh_black__low__elderly__black_dominant,350
17031400300,nh_asian__low__single_no_children__black_dominant,1
17031400300,nh_asian__low__family_with_children__black_dominant,1
17031400300,nh_asian__low__elderly__black_dominant,1
17031400300,hispanic__low__single_no_children__black_dominant,5
17031400300,hispanic__low__family_with_children__black_dominant,11
17031400300,hispanic__low__elderly__black_dominant,4
17031400300,nh_other__low__single_no_children__black_dominant,6
17031400300,nh_other__low__family_with_children__black_dominant,6
17031400300,nh_other__low__elderly__black_dominant,3
17031400400,nh_white__low__single_no_children__black_dominant,4
17031400400,nh_white__low__family_with_children__black_dominant,4
17031400400,nh_white__low__elderly__black_dominant,2
17031400400,nh_black__low__single_no_children__black_dominant,702
17031400400,nh_black__low__family_with_children__black_dominant,759
17031400400,nh_black__low__elderly__black_dominant,437
17031400400,nh_asian__low__single_no_children__black_dominant,1
17031400400,nh_asian__low__family_with_children__black_dominant,1
17031400400,nh_asian__low__elderly__black_dominant,1
17031400400,hispanic__low__single_no_children__black_dominant,5
17031400400,hispanic__low__family_with_children__black_dominant,9
17031400400,hispanic__low__elderly__black_dominant,3
17031400400,nh_other__low__single_no_children__black_dominant,12
17031400400,nh_other__low__family_with_children__black_dominant,11
17031400400,nh_other__low__elderly__black_dominant,5
17031400500,nh_white__low__single_no_children__black_dominant,5
17031400500,nh_white__low__family_with_children__black_dominant,4
17031400500,nh_white__low__elderly__black_dominant,3
17031400500,nh_black__low__single_no_children__black_dominant,812
17031400500,nh_black__low__family_with_children__black_dominant,878
17031400500,nh_black__low__elderly__black_dominant,505
17031400500,nh_asian__low__single_no_children__black_dominant,1
17031400500,nh_asian__low__family_with_children__black_dominant,1
17031400500,nh_asian__low__elderly__black_dominant,1
17031400500,hispanic__low__single_no_children__black_dominant,7
17031400500,hispanic__low__family_with_children__black_dominant,14
17031400500,hispanic__low__elderly__black_dominant,5
17031400500,nh_other__low__single_no_children__black_dominant,11
17031400500,nh_other__low__family_with_children__black_dominant,10
17031400500,nh_other__low__elderly__black_dominant,5
17031400800,nh_white__low__single_no_children__black_dominant,3
17031400800,nh_white__low__family_with_children__black_dominant,3
17031400800,nh_white__low__elderly__black_dominant,2
17031400800,nh_black__low__single_no_children__black_dominant,978
17031400800,nh_black__low__family_with_children__black_dominant,1058
17031400800,nh_black__low__elderly__black_dominant,608
17031400800,nh_asian__low__single_no_children__black_dominant,1
17031400800,nh_asian__low__family_with_children__black_dominant,1
17031400800,nh_asian__low__elderly__black_dominant,1
17031400800,hispanic__low__single_no_children__black_dominant,2
17031400800,hispanic__low__family_with_children__black_dominant,5
17031400800,hispanic__low__elderly__black_dominant,2
17031400800,nh_other__low__single_no_children__black_dominant,16
17031400800,nh_other__low__family_with_children__black_dominant,15
17031400800,nh_other__low__elderly__black_dominant,7
17031440300,nh_white__lower_middle__single_no_children__black_dominant,12
17031440300,nh_white__lower_middle__family_with_children__black_dominant,8
17031440300,nh_white__lower_middle__elderly__black_dominant,7
17031440300,nh_black__lower_middle__single_no_children__black_dominant,1840
17031440300,nh_black__lower_middle__family_with_children__black_dominant,1610
17031440300,nh_black__lower_middle__elderly__black_dominant,1150
17031440300,nh_asian__lower_middle__single_no_children__black_dominant,2
17031440300,nh_asian__lower_middle__family_with_children__black_dominant,2
17031440300,nh_asian__lower_middle__elderly__black_dominant,1
17031440300,hispanic__lower_middle__single_no_children__black_dominant,16
17031440300,hispanic__lower_middle__family_with_children__black_dominant,26
17031440300,hispanic__lower_middle__elderly__black_dominant,10
17031440300,nh_other__lower_middle__single_no_children__black_dominant,32
17031440300,nh_other__lower_middle__family_with_children__black_dominant,25
17031440300,nh_other__lower_middle__elderly__black_dominant,14
17031440600,nh_white__lower_middle__single_no_children__black_dominant,3
17031440600,nh_white__lower_middle__family_with_children__black_dominant,2
17031440600,nh_white__lower_middle__elderly__black_dominant,2
17031440600,nh_black__lower_middle__single_no_children__black_dominant,810
17031440600,nh_black__lower_middle__family_with_children__black_dominant,709
17031440600,nh_black__lower_middle__elderly__black_dominant,506
17031440600,nh_asian__lower_middle__single_no_children__black_dominant,1
17031440600,nh_asian__lower_middle__family_with_children__black_dominant,2
17031440600,nh_asian__lower_middle__elderly__black_dominant,1
17031440600,hispanic__lower_middle__single_no_children__black_dominant,7
17031440600,hispanic__lower_middle__family_with_children__black_dominant,12
17031440600,hispanic__lower_middle__elderly__black_dominant,5
17031440600,nh_other__lower_middle__single_no_children__black_dominant,9
17031440600,nh_other__lower_middle__family_with_children__black_dominant,7
17031440600,nh_other__lower_middle__elderly__black_dominant,4
17031440700,nh_white__lower_middle__single_no_children__black_dominant,4
17031440700,nh_white__lower_middle__family_with_children__black_dominant,3
17031440700,nh_white__lower_middle__elderly__black_dominant,2
17031440700,nh_black__lower_middle__single_no_children__black_dominant,606
17031440700,nh_black__lower_middle__family_with_children__black_dominant,530
17031440700,nh_black__lower_middle__elderly__black_dominant,379
17031440700,hispanic__lower_middle__single_no_children__black_dominant,2
17031440700,hispanic__lower_middle__family_with_children__black_dominant,4
17031440700,hispanic__lower_middle__elderly__black_dominant,1
17031440700,nh_other__lower_middle__single_no_children__black_dominant,6
17031440700,nh_other__lower_middle__family_with_children__black_dominant,5
17031440700,nh_other__lower_middle__elderly__black_dominant,3
17031440800,nh_white__lower_middle__single_no_children__black_dominant,3
17031440800,nh_white__lower_middle__family_with_children__black_dominant,2
17031440800,nh_white__lower_middle__elderly__black_dominant,2
17031440800,nh_black__lower_middle__single_no_children__black_dominant,702
17031440800,nh_black__lower_middle__family_with_children__black_dominant,614
17031440800,nh_black__lower_middle__elderly__black_dominant,439
17031440800,hispanic__lower_middle__single_no_children__black_dominant,6
17031440800,hispanic__lower_middle__family_with_children__black_dominant,10
17031440800,hispanic__lower_middle__elderly__black_dominant,4
17031440800,nh_other__lower_middle__single_no_children__black_dominant,9
17031440800,nh_other__lower_middle__family_with_children__black_dominant,7
17031440800,nh_other__lower_middle__elderly__black_dominant,4
17031440900,nh_white__lower_middle__single_no_children__black_dominant,3
17031440900,nh_white__lower_middle__family_with_children__black_dominant,2
17031440900,nh_white__lower_middle__elderly__black_dominant,2
17031440900,nh_black__lower_middle__single_no_children__black_dominant,1014
17031440900,nh_black__lower_middle__family_with_children__black_dominant,887
17031440900,nh_black__lower_middle__elderly__black_dominant,634
17031440900,nh_asian__lower_middle__single_no_children__black_dominant,1
17031440900,nh_asian__lower_middle__family_with_children__black_dominant,1
17031440900,nh_asian__lower_middle__elderly__black_dominant,1
17031440900,hispanic__lower_middle__single_no_children__black_dominant,5
17031440900,hispanic__lower_middle__family_with_children__black_dominant,9
17031440900,hispanic__lower_middle__elderly__black_dominant,4
17031440900,nh_other__lower_middle__single_no_children__black_dominant,22
17031440900,nh_other__lower_middle__family_with_children__black_dominant,17
17031440900,nh_other__lower_middle__elderly__black_dominant,10
17031450300,nh_white__upper_middle__single_no_children__black_dominant,8
17031450300,nh_white__upper_middle__family_with_children__black_dominant,5
17031450300,nh_white__upper_middle__elderly__black_dominant,4
17031450300,nh_black__upper_middle__single_no_children__black_dominant,1390
17031450300,nh_black__upper_middle__family_with_children__black_dominant,1217
17031450300,nh_black__upper_middle__elderly__black_dominant,869
17031450300,nh_asian__upper_middle__single_no_children__black_dominant,1
17031450300,nh_asian__upper_middle__family_with_children__black_dominant,2
17031450300,nh_asian__upper_middle__elderly__black_dominant,1
17031450300,hispanic__upper_middle__single_no_children__black_dominant,17
17031450300,hispanic__upper_middle__family_with_children__black_dominant,28
17031450300,hispanic__upper_middle__elderly__black_dominant,11
17031450300,nh_other__upper_middle__single_no_children__black_dominant,27
17031450300,nh_other__upper_middle__family_with_children__black_dominant,21
17031450300,nh_other__upper_middle__elderly__black_dominant,12
17031671800,nh_white__low__single_no_children__black_dominant,2
17031671800,nh_white__low__family_with_children__black_dominant,2
17031671800,nh_white__low__elderly__black_dominant,1
17031671800,nh_black__low__single_no_children__black_dominant,506
17031671800,nh_black__low__family_with_children__black_dominant,547
17031671800,nh_black__low__elderly__black_dominant,315
17031671800,nh_asian__low__single_no_children__black_dominant,1
17031671800,nh_asian__low__family_with_children__black_dominant,1
17031671800,nh_asian__low__elderly__black_dominant,1
17031671800,hispanic__low__single_no_children__black_dominant,8
17031671800,hispanic__low__family_with_children__black_dominant,17
17031671800,hispanic__low__elderly__black_dominant,6
17031671800,nh_other__low__single_no_children__black_dominant,7
17031671800,nh_other__low__family_with_children__black_dominant,7
17031671800,nh_other__low__elderly__black_dominant,3
17031671900,nh_white__low__single_no_children__black_dominant,1
17031671900,nh_white__low__family_with_children__black_dominant,1
17031671900,nh_white__low__elderly__black_dominant,1
17031671900,nh_black__low__single_no_children__black_dominant,497
17031671900,nh_black__low__family_with_children__black_dominant,537
17031671900,nh_black__low__elderly__black_dominant,309
17031671900,hispanic__low__single_no_children__black_dominant,5
17031671900,hispanic__low__family_with_children__black_dominant,10
17031671900,hispanic__low__elderly__black_dominant,3
17031671900,nh_other__low__single_no_children__black_dominant,6
17031671900,nh_other__low__family_with_children__black_dominant,6
17031671900,nh_other__low__elderly__black_dominant,3
17031672000,nh_white__low__single_no_children__black_dominant,2
17031672000,nh_white__low__family_with_children__black_dominant,2
17031672000,nh_white__low__elderly__black_dominant,1
17031672000,nh_black__low__single_no_children__black_dominant,1335
17031672000,nh_black__low__family_with_children__black_dominant,1443
17031672000,nh_black__low__elderly__black_dominant,830
17031672000,hispanic__low__single_no_children__black_dominant,23
17031672000,hispanic__low__family_with_children__black_dominant,47
17031672000,hispanic__low__elderly__black_dominant,15
17031672000,nh_other__low__single_no_children__black_dominant,16
17031672000,nh_other__low__family_with_children__black_dominant,15
17031672000,nh_other__low__elderly__black_dominant,7
17031680500,nh_white__low__single_no_children__black_dominant,4
17031680500,nh_white__low__family_with_children__black_dominant,3
17031680500,nh_white__low__elderly__black_dominant,2
17031680500,nh_black__low__single_no_children__black_dominant,534
17031680500,nh_black__low__family_with_children__black_dominant,578
17031680500,nh_black__low__elderly__black_dominant,332
17031680500,hispanic__low__single_no_children__black_dominant,5
17031680500,hispanic__low__family_with_children__black_dominant,10
17031680500,hispanic__low__elderly__black_dominant,3
17031680500,nh_other__low__single_no_children__black_dominant,4
17031680500,nh_other__low__family_with_children__black_dominant,4
17031680500,nh_other__low__elderly__black_dominant,2
17031680600,nh_white__low__single_no_children__black_dominant,1
17031680600,nh_white__low__family_with_children__black_dominant,1
17031680600,nh_white__low__elderly__black_dominant,1
17031680600,nh_black__low__single_no_children__black_dominant,521
17031680600,nh_black__low__family_with_children__black_dominant,563
17031680600,nh_black__low__elderly__black_dominant,324
17031680600,hispanic__low__single_no_children__black_dominant,5
17031680600,hispanic__low__family_with_children__black_dominant,9
17031680600,hispanic__low__elderly__black_dominant,3
17031680600,nh_other__low__single_no_children__black_dominant,2
17031680600,nh_other__low__family_with_children__black_dominant,2
17031680600,nh_other__low__elderly__black_dominant,1
17031680900,nh_white__low__single_no_children__black_dominant,10
17031680900,nh_white__low__family_with_children__black_dominant,8
17031680900,nh_white__low__elderly__black_dominant,5
17031680900,nh_black__low__single_no_children__black_dominant,1432
17031680900,nh_black__low__family_with_children__black_dominant,1548
17031680900,nh_black__low__elderly__black_dominant,890
17031680900,nh_asian__low__single_no_children__black_dominant,9
17031680900,nh_asian__low__family_with_children__black_dominant,14
17031680900,nh_asian__low__elderly__black_dominant,5
17031680900,hispanic__low__single_no_children__black_dominant,12
17031680900,hispanic__low__family_with_children__black_dominant,25
17031680900,hispanic__low__elderly__black_dominant,8
17031680900,nh_other__low__single_no_children__black_dominant,21
17031680900,nh_other__low__family_with_children__black_dominant,20
17031680900,nh_other__low__elderly__black_dominant,9
17031681000,nh_white__low__single_no_children__black_dominant,3
17031681000,nh_white__low__family_with_children__black_dominant,2
17031681000,nh_white__low__elderly__black_dominant,2
17031681000,nh_black__low__single_no_children__black_dominant,1261
17031681000,nh_black__low__family_with_children__black_dominant,1364
17031681000,nh_black__low__elderly__black_dominant,784
17031681000,nh_asian__low__single_no_children__black_dominant,1
17031681000,nh_asian__low__family_with_children__black_dominant,2
17031681000,nh_asian__low__elderly__black_dominant,1
17031681000,hispanic__low__single_no_children__black_dominant,11
17031681000,hispanic__low__family_with_children__black_dominant,21
17031681000,hispanic__low__elderly__black_dominant,7
17031681000,nh_other__low__single_no_children__black_dominant,17
17031681000,nh_other__low__family_with_children__black_dominant,16
17031681000,nh_other__low__elderly__black_dominant,7
17031681100,nh_white__low__single_no_children__black_dominant,4
17031681100,nh_white__low__family_with_children__black_dominant,4
17031681100,nh_white__low__elderly__black_dominant,2
17031681100,nh_black__low__single_no_children__black_dominant,1265
17031681100,nh_black__low__family_with_children__black_dominant,1368
17031681100,nh_black__low__elderly__black_dominant,786
17031681100,hispanic__low__single_no_children__black_dominant,9
17031681100,hispanic__low__family_with_children__black_dominant,18
17031681100,hispanic__low__elderly__black_dominant,6
17031681100,nh_other__low__single_no_children__black_dominant,24
17031681100,nh_other__low__family_with_children__black_dominant,22
17031681100,nh_other__low__elderly__black_dominant,10
17031240200,nh_white__high__single_no_children__white_dominant,542
17031240200,nh_white__high__family_with_children__white_dominant,271
17031240200,nh_white__high__elderly__white_dominant,271
17031240200,nh_black__high__single_no_children__white_dominant,15
17031240200,nh_black__high__family_with_children__white_dominant,10
17031240200,nh_black__high__elderly__white_dominant,8
17031240200,nh_asian__high__single_no_children__white_dominant,35
17031240200,nh_asian__high__family_with_children__white_dominant,35
17031240200,nh_asian__high__elderly__white_dominant,18
17031240200,hispanic__high__single_no_children__white_dominant,75
17031240200,hispanic__high__family_with_children__white_dominant,96
17031240200,hispanic__high__elderly__white_dominant,43
17031240200,nh_other__high__single_no_children__white_dominant,16
17031240200,nh_other__high__family_with_children__white_dominant,10
17031240200,nh_other__high__elderly__white_dominant,6
17031240300,nh_white__high__single_no_children__white_dominant,528
17031240300,nh_white__high__family_with_children__white_dominant,264
17031240300,nh_white__high__elderly__white_dominant,264
17031240300,nh_black__high__single_no_children__white_dominant,4
17031240300,nh_black__high__family_with_children__white_dominant,2
17031240300,nh_black__high__elderly__white_dominant,2
17031240300,nh_asian__high__single_no_children__white_dominant,27
17031240300,nh_asian__high__family_with_children__white_dominant,27
17031240300,nh_asian__high__elderly__white_dominant,14
17031240300,hispanic__high__single_no_children__white_dominant,50
17031240300,hispanic__high__family_with_children__white_dominant,64
17031240300,hispanic__high__elderly__white_dominant,29
17031240300,nh_other__high__single_no_children__white_dominant,22
17031240300,nh_other__high__family_with_children__white_dominant,13
17031240300,nh_other__high__elderly__white_dominant,9
17031240500,nh_white__high__single_no_children__white_dominant,916
17031240500,nh_white__high__family_with_children__white_dominant,458
17031240500,nh_white__high__elderly__white_dominant,458
17031240500,nh_black__high__single_no_children__white_dominant,23
17031240500,nh_black__high__family_with_children__white_dominant,16
17031240500,nh_black__high__elderly__white_dominant,13
17031240500,nh_asian__high__single_no_children__white_dominant,52
17031240500,nh_asian__high__family_with_children__white_dominant,52
17031240500,nh_asian__high__elderly__white_dominant,26
17031240500,hispanic__high__single_no_children__white_dominant,64
17031240500,hispanic__high__family_with_children__white_dominant,83
17031240500,hispanic__high__elderly__white_dominant,37
17031240500,nh_other__high__single_no_children__white_dominant,28
17031240500,nh_other__high__family_with_children__white_dominant,16
17031240500,nh_other__high__elderly__white_dominant,11
17031240600,nh_white__high__single_no_children__mixed,301
17031240600,nh_white__high__family_with_children__mixed,150
17031240600,nh_white__high__elderly__mixed,150
17031240600,nh_black__high__single_no_children__mixed,19
17031240600,nh_black__high__family_with_children__mixed,13
17031240600,nh_black__high__elderly__mixed,10
17031240600,nh_asian__high__single_no_children__mixed,17
17031240600,nh_asian__high__family_with_children__mixed,17
17031240600,nh_asian__high__elderly__mixed,9
17031240600,hispanic__high__single_no_children__mixed,255
17031240600,hispanic__high__family_with_children__mixed,328
17031240600,hispanic__high__elderly__mixed,146
17031240600,nh_other__high__single_no_children__mixed,21
17031240600,nh_other__high__family_with_children__mixed,13
17031240600,nh_other__high__elderly__mixed,8
17031240700,nh_white__high__single_no_children__mixed,176
17031240700,nh_white__high__family_with_children__mixed,88
17031240700,nh_white__high__elderly__mixed,88
17031240700,nh_black__high__single_no_children__mixed,74
17031240700,nh_black__high__family_with_children__mixed,50
17031240700,nh_black__high__elderly__mixed,41
17031240700,nh_asian__high__single_no_children__mixed,24
17031240700,nh_asian__high__family_with_children__mixed,24
17031240700,nh_asian__high__elderly__mixed,12
17031240700,hispanic__high__single_no_children__mixed,322
17031240700,hispanic__high__family_with_children__mixed,414
17031240700,hispanic__high__elderly__mixed,184
17031240700,nh_other__high__single_no_children__mixed,18
17031240700,nh_other__high__family_with_children__mixed,11
17031240700,nh_other__high__elderly__mixed,7
17031240800,nh_white__high__single_no_children__mixed,156
17031240800,nh_white__high__family_with_children__mixed,78
17031240800,nh_white__high__elderly__mixed,78
17031240800,nh_black__high__single_no_children__mixed,77
17031240800,nh_black__high__family_with_children__mixed,51
17031240800,nh_black__high__elderly__mixed,43
17031240800,nh_asian__high__single_no_children__mixed,7
17031240800,nh_asian__high__family_with_children__mixed,7
17031240800,nh_asian__high__elderly__mixed,3
17031240800,hispanic__high__single_no_children__mixed,384
17031240800,hispanic__high__family_with_children__mixed,494
17031240800,hispanic__high__elderly__mixed,220
17031240800,nh_other__high__single_no_children__mixed,10
17031240800,nh_other__high__family_with_children__mixed,6
17031240800,nh_other__high__elderly__mixed,4
17031240900,nh_white__high__single_no_children__mixed,125
17031240900,nh_white__high__family_with_children__mixed,62
17031240900,nh_white__high__elderly__mixed,62
17031240900,nh_black__high__single_no_children__mixed,100
17031240900,nh_black__high__family_with_children__mixed,67
17031240900,nh_black__high__elderly__mixed,56
17031240900,nh_asian__high__single_no_children__mixed,18
17031240900,nh_asian__high__family_with_children__mixed,18
17031240900,nh_asian__high__elderly__mixed,9
17031240900,hispanic__high__single_no_children__mixed,226
17031240900,hispanic__high__family_with_children__mixed,291
17031240900,hispanic__high__elderly__mixed,129
17031240900,nh_other__high__single_no_children__mixed,10
17031240900,nh_other__high__family_with_children__mixed,6
17031240900,nh_other__high__elderly__mixed,4
17031241000,nh_white__high__single_no_children__mixed,194
17031241000,nh_white__high__family_with_children__mixed,97
17031241000,nh_white__high__elderly__mixed,97
17031241000,nh_black__high__single_no_children__mixed,225
17031241000,nh_black__high__family_with_children__mixed,150
17031241000,nh_black__high__elderly__mixed,125
17031241000,nh_asian__high__single_no_children__mixed,8
17031241000,nh_asian__high__family_with_children__mixed,8
17031241000,nh_asian__high__elderly__mixed,4
17031241000,hispanic__high__single_no_children__mixed,382
17031241000,hispanic__high__family_with_children__mixed,491
17031241000,hispanic__high__elderly__mixed,218
17031241000,nh_other__high__single_no_children__mixed,22
17031241000,nh_other__high__family_with_children__mixed,14
17031241000,nh_other__high__elderly__mixed,9
17031241100,nh_white__high__single_no_children__mixed,715
17031241100,nh_white__high__family_with_children__mixed,358
17031241100,nh_white__high__elderly__mixed,358
17031241100,nh_black__high__single_no_children__mixed,272
17031241100,nh_black__high__family_with_children__mixed,181
17031241100,nh_black__high__elderly__mixed,151
17031241100,nh_asian__high__single_no_children__mixed,49
17031241100,nh_asian__high__family_with_children__mixed,49
17031241100,nh_asian__high__elderly__mixed,25
17031241100,hispanic__high__single_no_children__mixed,497
17031241100,hispanic__high__family_with_children__mixed,639
17031241100,hispanic__high__elderly__mixed,284
17031241100,nh_other__high__single_no_children__mixed,52
17031241100,nh_other__high__family_with_children__mixed,32
17031241100,nh_other__high__elderly__mixed,21
17031190300,nh_white__low__single_no_children__mixed,795
17031190300,nh_white__low__family_with_children__mixed,662
17031190300,nh_white__low__elderly__mixed,435
17031190300,nh_black__low__single_no_children__mixed,22
17031190300,nh_black__low__family_with_children__mixed,24
17031190300,nh_black__low__elderly__mixed,14
17031190300,nh_asian__low__single_no_children__mixed,45
17031190300,nh_asian__low__family_with_children__mixed,70
17031190300,nh_asian__low__elderly__mixed,25
17031190300,hispanic__low__single_no_children__mixed,990
17031190300,hispanic__low__family_with_children__mixed,2016
17031190300,hispanic__low__elderly__mixed,660
17031190300,nh_other__low__single_no_children__mixed,16
17031190300,nh_other__low__family_with_children__mixed,15
17031190300,nh_other__low__elderly__mixed,7
17031190800,nh_white__low__single_no_children__hispanic_dominant,323
17031190800,nh_white__low__family_with_children__hispanic_dominant,269
17031190800,nh_white__low__elderly__hispanic_dominant,177
17031190800,nh_black__low__single_no_children__hispanic_dominant,59
17031190800,nh_black__low__family_with_children__hispanic_dominant,64
17031190800,nh_black__low__elderly__hispanic_dominant,37
17031190800,nh_asian__low__single_no_children__hispanic_dominant,17
17031190800,nh_asian__low__family_with_children__hispanic_dominant,26
17031190800,nh_asian__low__elderly__hispanic_dominant,10
17031190800,hispanic__low__single_no_children__hispanic_dominant,1508
17031190800,hispanic__low__family_with_children__hispanic_dominant,3072
17031190800,hispanic__low__elderly__hispanic_dominant,1005
17031190800,nh_other__low__single_no_children__hispanic_dominant,27
17031190800,nh_other__low__family_with_children__hispanic_dominant,26
17031190800,nh_other__low__elderly__hispanic_dominant,12
17031190900,nh_white__low__single_no_children__hispanic_dominant,106
17031190900,nh_white__low__family_with_children__hispanic_dominant,88
17031190900,nh_white__low__elderly__hispanic_dominant,58
17031190900,nh_black__low__single_no_children__hispanic_dominant,21
17031190900,nh_black__low__family_with_children__hispanic_dominant,23
17031190900,nh_black__low__elderly__hispanic_dominant,13
17031190900,nh_asian__low__single_no_children__hispanic_dominant,12
17031190900,nh_asian__low__family_with_children__hispanic_dominant,18
17031190900,nh_asian__low__elderly__hispanic_dominant,7
17031190900,hispanic__low__single_no_children__hispanic_dominant,453
17031190900,hispanic__low__family_with_children__hispanic_dominant,922
17031190900,hispanic__low__elderly__hispanic_dominant,302
17031190900,nh_other__low__single_no_children__hispanic_dominant,7
17031190900,nh_other__low__family_with_children__hispanic_dominant,7
17031190900,nh_other__low__elderly__hispanic_dominant,3
17031191000,nh_white__low__single_no_children__hispanic_dominant,66
17031191000,nh_white__low__family_with_children__hispanic_dominant,55
17031191000,nh_white__low__elderly__hispanic_dominant,36
17031191000,nh_black__low__single_no_children__hispanic_dominant,29
17031191000,nh_black__low__family_with_children__hispanic_dominant,32
17031191000,nh_black__low__elderly__hispanic_dominant,18
17031191000,nh_asian__low__single_no_children__hispanic_dominant,3
17031191000,nh_asian__low__family_with_children__hispanic_dominant,4
17031191000,nh_asian__low__elderly__hispanic_dominant,1
17031191000,hispanic__low__single_no_children__hispanic_dominant,621
17031191000,hispanic__low__family_with_children__hispanic_dominant,1265
17031191000,hispanic__low__elderly__hispanic_dominant,414
17031191000,nh_other__low__single_no_children__hispanic_dominant,6
17031191000,nh_other__low__family_with_children__hispanic_dominant,6
17031191000,nh_other__low__elderly__hispanic_dominant,3
17031191100,nh_white__low__single_no_children__hispanic_dominant,176
17031191100,nh_white__low__family_with_children__hispanic_dominant,147
17031191100,nh_white__low__elderly__hispanic_dominant,97
17031191100,nh_black__low__single_no_children__hispanic_dominant,130
17031191100,nh_black__low__family_with_children__hispanic_dominant,140
17031191100,nh_black__low__elderly__hispanic_dominant,80
17031191100,nh_asian__low__single_no_children__hispanic_dominant,21
17031191100,nh_asian__low__family_with_children__hispanic_dominant,32
17031191100,nh_asian__low__elderly__hispanic_dominant,12
17031191100,hispanic__low__single_no_children__hispanic_dominant,1762
17031191100,hispanic__low__family_with_children__hispanic_dominant,3589
17031191100,hispanic__low__elderly__hispanic_dominant,1175
17031191100,nh_other__low__single_no_children__hispanic_dominant,22
17031191100,nh_other__low__family_with_children__hispanic_dominant,21
17031191100,nh_other__low__elderly__hispanic_dominant,10
17031191200,nh_white__low__single_no_children__hispanic_dominant,66
17031191200,nh_white__low__family_with_children__hispanic_dominant,55
17031191200,nh_white__low__elderly__hispanic_dominant,36
17031191200,nh_black__low__single_no_children__hispanic_dominant,31
17031191200,nh_black__low__family_with_children__hispanic_dominant,34
17031191200,nh_black__low__elderly__hispanic_dominant,20
17031191200,nh_asian__low__single_no_children__hispanic_dominant,1
17031191200,nh_asian__low__family_with_children__hispanic_dominant,2
17031191200,nh_asian__low__elderly__hispanic_dominant,1
17031191200,hispanic__low__single_no_children__hispanic_dominant,970
17031191200,hispanic__low__family_with_children__hispanic_dominant,1975
17031191200,hispanic__low__elderly__hispanic_dominant,646
17031191200,nh_other__low__single_no_children__hispanic_dominant,7
17031191200,nh_other__low__family_with_children__hispanic_dominant,7
17031191200,nh_other__low__elderly__hispanic_dominant,3
17031200100,nh_white__low__single_no_children__hispanic_dominant,310
17031200100,nh_white__low__family_with_children__hispanic_dominant,259
17031200100,nh_white__low__elderly__hispanic_dominant,170
17031200100,nh_black__low__single_no_children__hispanic_dominant,34
17031200100,nh_black__low__family_with_children__hispanic_dominant,36
17031200100,nh_black__low__elderly__hispanic_dominant,21
17031200100,nh_asian__low__single_no_children__hispanic_dominant,49
17031200100,nh_asian__low__family_with_children__hispanic_dominant,76
17031200100,nh_asian__low__elderly__hispanic_dominant,28
17031200100,hispanic__low__single_no_children__hispanic_dominant,900
17031200100,hispanic__low__family_with_children__hispanic_dominant,1834
17031200100,hispanic__low__elderly__hispanic_dominant,600
17031200100,nh_other__low__single_no_children__hispanic_dominant,16
17031200100,nh_other__low__family_with_children__hispanic_dominant,15
17031200100,nh_other__low__elderly__hispanic_dominant,7
17031200200,nh_white__low__single_no_children__hispanic_dominant,192
17031200200,nh_white__low__family_with_children__hispanic_dominant,160
17031200200,nh_white__low__elderly__hispanic_dominant,105
17031200200,nh_black__low__single_no_children__hispanic_dominant,56
17031200200,nh_black__low__family_with_children__hispanic_dominant,61
17031200200,nh_black__low__elderly__hispanic_dominant,35
17031200200,nh_asian__low__single_no_children__hispanic_dominant,22
17031200200,nh_asian__low__family_with_children__hispanic_dominant,35
17031200200,nh_asian__low__elderly__hispanic_dominant,13
17031200200,hispanic__low__single_no_children__hispanic_dominant,1269
17031200200,hispanic__low__family_with_children__hispanic_dominant,2585
17031200200,hispanic__low__elderly__hispanic_dominant,846
17031200200,nh_other__low__single_no_children__hispanic_dominant,20
17031200200,nh_other__low__family_with_children__hispanic_dominant,19
17031200200,nh_other__low__elderly__hispanic_dominant,9
17031410200,nh_white__high__single_no_children__mixed,340
17031410200,nh_white__high__family_with_children__mixed,170
17031410200,nh_white__high__elderly__mixed,170
17031410200,nh_black__high__single_no_children__mixed,143
17031410200,nh_black__high__family_with_children__mixed,95
17031410200,nh_black__high__elderly__mixed,80
17031410200,nh_asian__high__single_no_children__mixed,107
17031410200,nh_asian__high__family_with_children__mixed,107
17031410200,nh_asian__high__elderly__mixed,54
17031410200,hispanic__high__single_no_children__mixed,42
17031410200,hispanic__high__family_with_children__mixed,54
17031410200,hispanic__high__elderly__mixed,24
17031410200,nh_other__high__single_no_children__mixed,29
17031410200,nh_other__high__family_with_children__mixed,17
17031410200,nh_other__high__elderly__mixed,12
17031410500,nh_white__high__single_no_children__mixed,391
17031410500,nh_white__high__family_with_children__mixed,196
17031410500,nh_white__high__elderly__mixed,196
17031410500,nh_black__high__single_no_children__mixed,616
17031410500,nh_black__high__family_with_children__mixed,411
17031410500,nh_black__high__elderly__mixed,342
17031410500,nh_asian__high__single_no_children__mixed,76
17031410500,nh_asian__high__family_with_children__mixed,76
17031410500,nh_asian__high__elderly__mixed,38
17031410500,hispanic__high__single_no_children__mixed,43
17031410500,hispanic__high__family_with_children__mixed,56
17031410500,hispanic__high__elderly__mixed,25
17031410500,nh_other__high__single_no_children__mixed,46
17031410500,nh_other__high__family_with_children__mixed,28
17031410500,nh_other__high__elderly__mixed,18
17031410600,nh_white__high__single_no_children__mixed,582
17031410600,nh_white__high__family_with_children__mixed,291
17031410600,nh_white__high__elderly__mixed,291
17031410600,nh_black__high__single_no_children__mixed,281
17031410600,nh_black__high__family_with_children__mixed,188
17031410600,nh_black__high__elderly__mixed,156
17031410600,nh_asian__high__single_no_children__mixed,127
17031410600,nh_asian__high__family_with_children__mixed,127
17031410600,nh_asian__high__elderly__mixed,64
17031410600,hispanic__high__single_no_children__mixed,38
17031410600,hispanic__high__family_with_children__mixed,49
17031410600,hispanic__high__elderly__mixed,22
17031410600,nh_other__high__single_no_children__mixed,56
17031410600,nh_other__high__family_with_children__mixed,34
17031410600,nh_other__high__elderly__mixed,22
17031410700,nh_white__high__single_no_children__mixed,580
17031410700,nh_white__high__family_with_children__mixed,290
17031410700,nh_white__high__elderly__mixed,290
17031410700,nh_black__high__single_no_children__mixed,196
17031410700,nh_black__high__family_with_children__mixed,131
17031410700,nh_black__high__elderly__mixed,109
17031410700,nh_asian__high__single_no_children__mixed,110
17031410700,nh_asian__high__family_with_children__mixed,110
17031410700,nh_asian__high__elderly__mixed,55
17031410700,hispanic__high__single_no_children__mixed,60
17031410700,hispanic__high__family_with_children__mixed,77
17031410700,hispanic__high__elderly__mixed,34
17031410700,nh_other__high__single_no_children__mixed,54
17031410700,nh_other__high__family_with_children__mixed,33
17031410700,nh_other__high__elderly__mixed,22
17031410800,nh_white__high__single_no_children__mixed,498
17031410800,nh_white__high__family_with_children__mixed,249
17031410800,nh_white__high__elderly__mixed,249
17031410800,nh_black__high__single_no_children__mixed,425
17031410800,nh_black__high__family_with_children__mixed,284
17031410800,nh_black__high__elderly__mixed,236
17031410800,nh_asian__high__single_no_children__mixed,166
17031410800,nh_asian__high__family_with_children__mixed,166
17031410800,nh_asian__high__elderly__mixed,83
17031410800,hispanic__high__single_no_children__mixed,63
17031410800,hispanic__high__family_with_children__mixed,81
17031410800,hispanic__high__elderly__mixed,36
17031410800,nh_other__high__single_no_children__mixed,64
17031410800,nh_other__high__family_with_children__mixed,38
17031410800,nh_other__high__elderly__mixed,25
17031411100,nh_white__high__single_no_children__mixed,724
17031411100,nh_white__high__family_with_children__mixed,362
17031411100,nh_white__high__elderly__mixed,362
17031411100,nh_black__high__single_no_children__mixed,51
17031411100,nh_black__high__family_with_children__mixed,34
17031411100,nh_black__high__elderly__mixed,28
17031411100,nh_asian__high__single_no_children__mixed,149
17031411100,nh_asian__high__family_with_children__mixed,149
17031411100,nh_asian__high__elderly__mixed,75
17031411100,hispanic__high__single_no_children__mixed,39
17031411100,hispanic__high__family_with_children__mixed,50
17031411100,hispanic__high__elderly__mixed,22
17031411100,nh_other__high__single_no_children__mixed,42
17031411100,nh_other__high__family_with_children__mixed,26
17031411100,nh_other__high__elderly__mixed,17
17031411200,nh_white__high__single_no_children__mixed,552
17031411200,nh_white__high__family_with_children__mixed,276
17031411200,nh_white__high__elderly__mixed,276
17031411200,nh_black__high__single_no_children__mixed,53
17031411200,nh_black__high__family_with_children__mixed,35
17031411200,nh_black__high__elderly__mixed,29
17031411200,nh_asian__high__single_no_children__mixed,113
17031411200,nh_asian__high__family_with_children__mixed,113
17031411200,nh_asian__high__elderly__mixed,57
17031411200,hispanic__high__single_no_children__mixed,21
17031411200,hispanic__high__family_with_children__mixed,27
17031411200,hispanic__high__elderly__mixed,12
17031411200,nh_other__high__single_no_children__mixed,38
17031411200,nh_other__high__family_with_children__mixed,23
17031411200,nh_other__high__elderly__mixed,15
17031530600,nh_white__lower_middle__single_no_children__black_dominant,9
17031530600,nh_white__lower_middle__family_with_children__black_dominant,6
17031530600,nh_white__lower_middle__elderly__black_dominant,5
17031530600,nh_black__lower_middle__single_no_children__black_dominant,1240
17031530600,nh_black__lower_middle__family_with_children__black_dominant,1085
17031530600,nh_black__lower_middle__elderly__black_dominant,775
17031530600,nh_asian__lower_middle__single_no_children__black_dominant,1
17031530600,nh_asian__lower_middle__family_with_children__black_dominant,1
17031530600,nh_asian__lower_middle__elderly__black_dominant,1
17031530600,hispanic__lower_middle__single_no_children__black_dominant,13
17031530600,hispanic__lower_middle__family_with_children__black_dominant,21
17031530600,hispanic__lower_middle__elderly__black_dominant,8
17031530600,nh_other__lower_middle__single_no_children__black_dominant,20
17031530600,nh_other__lower_middle__family_with_children__black_dominant,16
17031530600,nh_other__lower_middle__elderly__black_dominant,9
17031460100,nh_white__lower_middle__single_no_children__black_dominant,58
17031460100,nh_white__lower_middle__family_with_children__black_dominant,39
17031460100,nh_white__lower_middle__elderly__black_dominant,32
17031460100,nh_black__lower_middle__single_no_children__black_dominant,1009
17031460100,nh_black__lower_middle__family_with_children__black_dominant,883
17031460100,nh_black__lower_middle__elderly__black_dominant,630
17031460100,nh_asian__lower_middle__single_no_children__black_dominant,4
17031460100,nh_asian__lower_middle__family_with_children__black_dominant,5
17031460100,nh_asian__lower_middle__elderly__black_dominant,2
17031460100,hispanic__lower_middle__single_no_children__black_dominant,202
17031460100,hispanic__lower_middle__family_with_children__black_dominant,336
17031460100,hispanic__lower_middle__elderly__black_dominant,135
17031460100,nh_other__lower_middle__single_no_children__black_dominant,31
17031460100,nh_other__lower_middle__family_with_children__black_dominant,24
17031460100,nh_other__lower_middle__elderly__black_dominant,14
17031460200,nh_white__lower_middle__single_no_children__mixed,48
17031460200,nh_white__lower_middle__family_with_children__mixed,32
17031460200,nh_white__lower_middle__elderly__mixed,27
17031460200,nh_black__lower_middle__single_no_children__mixed,426
17031460200,nh_black__lower_middle__family_with_children__mixed,373
17031460200,nh_black__lower_middle__elderly__mixed,266
17031460200,nh_asian__lower_middle__single_no_children__mixed,1
17031460200,nh_asian__lower_middle__family_with_children__mixed,1
17031460200,nh_asian__lower_middle__elderly__mixed,1
17031460200,hispanic__lower_middle__single_no_children__mixed,355
17031460200,hispanic__lower_middle__family_with_children__mixed,592
17031460200,hispanic__lower_middle__elderly__mixed,237
17031460200,nh_other__lower_middle__single_no_children__mixed,12
17031460200,nh_other__lower_middle__family_with_children__mixed,9
17031460200,nh_other__lower_middle__elderly__mixed,5
17031460400,nh_white__lower_middle__single_no_children__black_dominant,15
17031460400,nh_white__lower_middle__family_with_children__black_dominant,10
17031460400,nh_white__lower_middle__elderly__black_dominant,8
17031460400,nh_black__lower_middle__single_no_children__black_dominant,1409
17031460400,nh_black__lower_middle__family_with_children__black_dominant,1233
17031460400,nh_black__lower_middle__elderly__black_dominant,881
17031460400,nh_asian__lower_middle__single_no_children__black_dominant,1
17031460400,nh_asian__lower_middle__family_with_children__black_dominant,1
17031460400,nh_asian__lower_middle__elderly__black_dominant,1
17031460400,hispanic__lower_middle__single_no_children__black_dominant,25
17031460400,hispanic__lower_middle__family_with_children__black_dominant,42
17031460400,hispanic__lower_middle__elderly__black_dominant,17
17031460400,nh_other__lower_middle__single_no_children__black_dominant,29
17031460400,nh_other__lower_middle__family_with_children__black_dominant,22
17031460400,nh_other__lower_middle__elderly__black_dominant,13
17031460500,nh_white__lower_middle__single_no_children__black_dominant,20
17031460500,nh_white__lower_middle__family_with_children__black_dominant,14
17031460500,nh_white__lower_middle__elderly__black_dominant,11
17031460500,nh_black__lower_middle__single_no_children__black_dominant,2216
17031460500,nh_black__lower_middle__family_with_children__black_dominant,1939
17031460500,nh_black__lower_middle__elderly__black_dominant,1385
17031460500,nh_asian__lower_middle__single_no_children__black_dominant,8
17031460500,nh_asian__lower_middle__family_with_children__black_dominant,10
17031460500,nh_asian__lower_middle__elderly__black_dominant,4
17031460500,hispanic__lower_middle__single_no_children__black_dominant,21
17031460500,hispanic__lower_middle__family_with_children__black_dominant,35
17031460500,hispanic__lower_middle__elderly__black_dominant,14
17031460500,nh_other__lower_middle__single_no_children__black_dominant,50
17031460500,nh_other__lower_middle__family_with_children__black_dominant,39
17031460500,nh_other__lower_middle__elderly__black_dominant,22
17031460600,nh_white__lower_middle__single_no_children__black_dominant,9
17031460600,nh_white__lower_middle__family_with_children__black_dominant,6
17031460600,nh_white__lower_middle__elderly__black_dominant,5
17031460600,nh_black__lower_middle__single_no_children__black_dominant,362
17031460600,nh_black__lower_middle__family_with_children__black_dominant,317
17031460600,nh_black__lower_middle__elderly__black_dominant,226
17031460600,nh_asian__lower_middle__single_no_children__black_dominant,1
17031460600,nh_asian__lower_middle__family_with_children__black_dominant,1
17031460600,nh_asian__lower_middle__elderly__black_dominant,1
17031460600,hispanic__lower_middle__single_no_children__black_dominant,73
17031460600,hispanic__lower_middle__family_with_children__black_dominant,122
17031460600,hispanic__lower_middle__elderly__black_dominant,49
17031460600,nh_other__lower_middle__single_no_children__black_dominant,6
17031460600,nh_other__lower_middle__family_with_children__black_dominant,5
17031460600,nh_other__lower_middle__elderly__black_dominant,3
17031460700,nh_white__lower_middle__single_no_children__mixed,25
17031460700,nh_white__lower_middle__family_with_children__mixed,17
17031460700,nh_white__lower_middle__elderly__mixed,14
17031460700,nh_black__lower_middle__single_no_children__mixed,694
17031460700,nh_black__lower_middle__family_with_children__mixed,608
17031460700,nh_black__lower_middle__elderly__mixed,434
17031460700,nh_asian__lower_middle__single_no_children__mixed,1
17031460700,nh_asian__lower_middle__family_with_children__mixed,2
17031460700,nh_asian__lower_middle__elderly__mixed,1
17031460700,hispanic__lower_middle__single_no_children__mixed,446
17031460700,hispanic__lower_middle__family_with_children__mixed,744
17031460700,hispanic__lower_middle__elderly__mixed,298
17031460700,nh_other__lower_middle__single_no_children__mixed,14
17031460700,nh_other__lower_middle__family_with_children__mixed,10
17031460700,nh_other__lower_middle__elderly__mixed,6
17031461000,nh_white__lower_middle__single_no_children__mixed,22
17031461000,nh_white__lower_middle__family_with_children__mixed,14
17031461000,nh_white__lower_middle__elderly__mixed,12
17031461000,nh_black__lower_middle__single_no_children__mixed,364
17031461000,nh_black__lower_middle__family_with_children__mixed,318
17031461000,nh_black__lower_middle__elderly__mixed,227
17031461000,nh_asian__lower_middle__single_no_children__mixed,2
17031461000,nh_asian__lower_middle__family_with_children__mixed,2
17031461000,nh_asian__lower_middle__elderly__mixed,1
17031461000,hispanic__lower_middle__single_no_children__mixed,156
17031461000,hispanic__lower_middle__family_with_children__mixed,260
17031461000,hispanic__lower_middle__elderly__mixed,104
17031461000,nh_other__lower_middle__single_no_children__mixed,6
17031461000,nh_other__lower_middle__family_with_children__mixed,5
17031461000,nh_other__lower_middle__elderly__mixed,3
17031681200,nh_white__low__single_no_children__black_dominant,4
17031681200,nh_white__low__family_with_children__black_dominant,4
17031681200,nh_white__low__elderly__black_dominant,2
17031681200,nh_black__low__single_no_children__black_dominant,983
17031681200,nh_black__low__family_with_children__black_dominant,1063
17031681200,nh_black__low__elderly__black_dominant,611
17031681200,hispanic__low__single_no_children__black_dominant,7
17031681200,hispanic__low__family_with_children__black_dominant,14
17031681200,hispanic__low__elderly__black_dominant,5
17031681200,nh_other__low__single_no_children__black_dominant,10
17031681200,nh_other__low__family_with_children__black_dominant,9
17031681200,nh_other__low__elderly__black_dominant,4
17031681300,nh_white__low__single_no_children__black_dominant,1
17031681300,nh_white__low__family_with_children__black_dominant,1
17031681300,nh_white__low__elderly__black_dominant,1
17031681300,nh_black__low__single_no_children__black_dominant,1068
17031681300,nh_black__low__family_with_children__black_dominant,1155
17031681300,nh_black__low__elderly__black_dominant,664
17031681300,nh_asian__low__single_no_children__black_dominant,1
17031681300,nh_asian__low__family_with_children__black_dominant,1
17031681300,nh_asian__low__elderly__black_dominant,1
17031681300,hispanic__low__single_no_children__black_dominant,4
17031681300,hispanic__low__family_with_children__black_dominant,8
17031681300,hispanic__low__elderly__black_dominant,3
17031681300,nh_other__low__single_no_children__black_dominant,13
17031681300,nh_other__low__family_with_children__black_dominant,12
17031681300,nh_other__low__elderly__black_dominant,5
17031681400,nh_white__low__single_no_children__black_dominant,3
17031681400,nh_white__low__family_with_children__black_dominant,3
17031681400,nh_white__low__elderly__black_dominant,2
17031681400,nh_black__low__single_no_children__black_dominant,1180
17031681400,nh_black__low__family_with_children__black_dominant,1276
17031681400,nh_black__low__elderly__black_dominant,733
17031681400,hispanic__low__single_no_children__black_dominant,6
17031681400,hispanic__low__family_with_children__black_dominant,13
17031681400,hispanic__low__elderly__black_dominant,4
17031681400,nh_other__low__single_no_children__black_dominant,11
17031681400,nh_other__low__family_with_children__black_dominant,11
17031681400,nh_other__low__elderly__black_dominant,5
17031690300,nh_white__lower_middle__single_no_children__black_dominant,8
17031690300,nh_white__lower_middle__family_with_children__black_dominant,5
17031690300,nh_white__lower_middle__elderly__black_dominant,4
17031690300,nh_black__lower_middle__single_no_children__black_dominant,849
17031690300,nh_black__lower_middle__family_with_children__black_dominant,743
17031690300,nh_black__lower_middle__elderly__black_dominant,531
17031690300,hispanic__lower_middle__single_no_children__black_dominant,8
17031690300,hispanic__lower_middle__family_with_children__black_dominant,13
17031690300,hispanic__lower_middle__elderly__black_dominant,5
17031690300,nh_other__lower_middle__single_no_children__black_dominant,11
17031690300,nh_other__lower_middle__family_with_children__black_dominant,9
17031690300,nh_other__lower_middle__elderly__black_dominant,5
17031690400,nh_white__lower_middle__single_no_children__black_dominant,5
17031690400,nh_white__lower_middle__family_with_children__black_dominant,3
17031690400,nh_white__lower_middle__elderly__black_dominant,3
17031690400,nh_black__lower_middle__single_no_children__black_dominant,1346
17031690400,nh_black__lower_middle__family_with_children__black_dominant,1178
17031690400,nh_black__lower_middle__elderly__black_dominant,841
17031690400,nh_asian__lower_middle__single_no_children__black_dominant,1
17031690400,nh_asian__lower_middle__family_with_children__black_dominant,2
17031690400,nh_asian__lower_middle__elderly__black_dominant,1
17031690400,hispanic__lower_middle__single_no_children__black_dominant,14
17031690400,hispanic__lower_middle__family_with_children__black_dominant,23
17031690400,hispanic__lower_middle__elderly__black_dominant,9
17031690400,nh_other__lower_middle__single_no_children__black_dominant,17
17031690400,nh_other__lower_middle__family_with_children__black_dominant,13
17031690400,nh_other__lower_middle__elderly__black_dominant,8
17031690500,nh_white__lower_middle__single_no_children__black_dominant,3
17031690500,nh_white__lower_middle__family_with_children__black_dominant,2
17031690500,nh_white__lower_middle__elderly__black_dominant,2
17031690500,nh_black__lower_middle__single_no_children__black_dominant,343
17031690500,nh_black__lower_middle__family_with_children__black_dominant,300
17031690500,nh_black__lower_middle__elderly__black_dominant,214
17031690500,hispanic__lower_middle__single_no_children__black_dominant,2
17031690500,hispanic__lower_middle__family_with_children__black_dominant,3
17031690500,hispanic__lower_middle__elderly__black_dominant,1
17031690500,nh_other__lower_middle__single_no_children__black_dominant,3
17031690500,nh_other__lower_middle__family_with_children__black_dominant,2
17031690500,nh_other__lower_middle__elderly__black_dominant,1
17031690900,nh_white__lower_middle__single_no_children__black_dominant,5
17031690900,nh_white__lower_middle__family_with_children__black_dominant,3
17031690900,nh_white__lower_middle__elderly__black_dominant,3
17031690900,nh_black__lower_middle__single_no_children__black_dominant,1754
17031690900,nh_black__lower_middle__family_with_children__black_dominant,1534
17031690900,nh_black__lower_middle__elderly__black_dominant,1096
17031690900,nh_asian__lower_middle__single_no_children__black_dominant,1
17031690900,nh_asian__lower_middle__family_with_children__black_dominant,2
17031690900,nh_asian__lower_middle__elderly__black_dominant,1
17031690900,hispanic__lower_middle__single_no_children__black_dominant,11
17031690900,hispanic__lower_middle__family_with_children__black_dominant,18
17031690900,hispanic__lower_middle__elderly__black_dominant,7
17031690900,nh_other__lower_middle__single_no_children__black_dominant,38
17031690900,nh_other__lower_middle__family_with_children__black_dominant,30
17031690900,nh_other__lower_middle__elderly__black_dominant,17
17031241200,nh_white__high__single_no_children__mixed,490
17031241200,nh_white__high__family_with_children__mixed,245
17031241200,nh_white__high__elderly__mixed,245
17031241200,nh_black__high__single_no_children__mixed,66
17031241200,nh_black__high__family_with_children__mixed,44
17031241200,nh_black__high__elderly__mixed,36
17031241200,nh_asian__high__single_no_children__mixed,48
17031241200,nh_asian__high__family_with_children__mixed,48
17031241200,nh_asian__high__elderly__mixed,24
17031241200,hispanic__high__single_no_children__mixed,140
17031241200,hispanic__high__family_with_children__mixed,180
17031241200,hispanic__high__elderly__mixed,80
17031241200,nh_other__high__single_no_children__mixed,26
17031241200,nh_other__high__family_with_children__mixed,15
17031241200,nh_other__high__elderly__mixed,10
17031241300,nh_white__high__single_no_children__mixed,638
17031241300,nh_white__high__family_with_children__mixed,319
17031241300,nh_white__high__elderly__mixed,319
17031241300,nh_black__high__single_no_children__mixed,91
17031241300,nh_black__high__family_with_children__mixed,61
17031241300,nh_black__high__elderly__mixed,50
17031241300,nh_asian__high__single_no_children__mixed,32
17031241300,nh_asian__high__family_with_children__mixed,32
17031241300,nh_asian__high__elderly__mixed,16
17031241300,hispanic__high__single_no_children__mixed,88
17031241300,hispanic__high__family_with_children__mixed,113
17031241300,hispanic__high__elderly__mixed,50
17031241300,nh_other__high__single_no_children__mixed,24
17031241300,nh_other__high__family_with_children__mixed,14
17031241300,nh_other__high__elderly__mixed,9
17031241400,nh_white__high__single_no_children__white_dominant,1668
17031241400,nh_white__high__family_with_children__white_dominant,834
17031241400,nh_white__high__elderly__white_dominant,834
17031241400,nh_black__high__single_no_children__white_dominant,143
17031241400,nh_black__high__family_with_children__white_dominant,95
17031241400,nh_black__high__elderly__white_dominant,79
17031241400,nh_asian__high__single_no_children__white_dominant,84
17031241400,nh_asian__high__family_with_children__white_dominant,84
17031241400,nh_asian__high__elderly__white_dominant,42
17031241400,hispanic__high__single_no_children__white_dominant,221
17031241400,hispanic__high__family_with_children__white_dominant,284
17031241400,hispanic__high__elderly__white_dominant,126
17031241400,nh_other__high__single_no_children__white_dominant,50
17031241400,nh_other__high__family_with_children__white_dominant,30
17031241400,nh_other__high__elderly__white_dominant,20
17031241500,nh_white__high__single_no_children__mixed,982
17031241500,nh_white__high__family_with_children__mixed,491
17031241500,nh_white__high__elderly__mixed,491
17031241500,nh_black__high__single_no_children__mixed,32
17031241500,nh_black__high__family_with_children__mixed,21
17031241500,nh_black__high__elderly__mixed,18
17031241500,nh_asian__high__single_no_children__mixed,61
17031241500,nh_asian__high__family_with_children__mixed,61
17031241500,nh_asian__high__elderly__mixed,30
17031241500,hispanic__high__single_no_children__mixed,209
17031241500,hispanic__high__family_with_children__mixed,269
17031241500,hispanic__high__elderly__mixed,120
17031241500,nh_other__high__single_no_children__mixed,44
17031241500,nh_other__high__family_with_children__mixed,26
17031241500,nh_other__high__elderly__mixed,18
17031241600,nh_white__high__single_no_children__mixed,1039
17031241600,nh_white__high__family_with_children__mixed,520
17031241600,nh_white__high__elderly__mixed,520
17031241600,nh_black__high__single_no_children__mixed,50
17031241600,nh_black__high__family_with_children__mixed,33
17031241600,nh_black__high__elderly__mixed,28
17031241600,nh_asian__high__single_no_children__mixed,66
17031241600,nh_asian__high__family_with_children__mixed,66
17031241600,nh_asian__high__elderly__mixed,33
17031241600,hispanic__high__single_no_children__mixed,368
17031241600,hispanic__high__family_with_children__mixed,473
17031241600,hispanic__high__elderly__mixed,210
17031241600,nh_other__high__single_no_children__mixed,36
17031241600,nh_other__high__family_with_children__mixed,22
17031241600,nh_other__high__elderly__mixed,14
17031242000,nh_white__high__single_no_children__mixed,1064
17031242000,nh_white__high__family_with_children__mixed,532
17031242000,nh_white__high__elderly__mixed,532
17031242000,nh_black__high__single_no_children__mixed,374
17031242000,nh_black__high__family_with_children__mixed,249
17031242000,nh_black__high__elderly__mixed,208
17031242000,nh_asian__high__single_no_children__mixed,62
17031242000,nh_asian__high__family_with_children__mixed,62
17031242000,nh_asian__high__elderly__mixed,31
17031242000,hispanic__high__single_no_children__mixed,479
17031242000,hispanic__high__family_with_children__mixed,616
17031242000,hispanic__high__elderly__mixed,274
17031242000,nh_other__high__single_no_children__mixed,43
17031242000,nh_other__high__family_with_children__mixed,26
17031242000,nh_other__high__elderly__mixed,17
17031242100,nh_white__high__single_no_children__mixed,1219
17031242100,nh_white__high__family_with_children__mixed,610
17031242100,nh_white__high__elderly__mixed,610
17031242100,nh_black__high__single_no_children__mixed,30
17031242100,nh_black__high__family_with_children__mixed,20
17031242100,nh_black__high__elderly__mixed,16
17031242100,nh_asian__high__single_no_children__mixed,70
17031242100,nh_asian__high__family_with_children__mixed,70
17031242100,nh_asian__high__elderly__mixed,35
17031242100,hispanic__high__single_no_children__mixed,301
17031242100,hispanic__high__family_with_children__mixed,387
17031242100,hispanic__high__elderly__mixed,172
17031242100,nh_other__high__single_no_children__mixed,56
17031242100,nh_other__high__family_with_children__mixed,33
17031242100,nh_other__high__elderly__mixed,22
17031242200,nh_white__high__single_no_children__white_dominant,1262
17031242200,nh_white__high__family_with_children__white_dominant,631
17031242200,nh_white__high__elderly__white_dominant,631
17031242200,nh_black__high__single_no_children__white_dominant,36
17031242200,nh_black__high__family_with_children__white_dominant,24
17031242200,nh_black__high__elderly__white_dominant,20
17031242200,nh_asian__high__single_no_children__white_dominant,66
17031242200,nh_asian__high__family_with_children__white_dominant,66
17031242200,nh_asian__high__elderly__white_dominant,33
17031242200,hispanic__high__single_no_children__white_dominant,267
17031242200,hispanic__high__family_with_children__white_dominant,343
17031242200,hispanic__high__elderly__white_dominant,153
17031242200,nh_other__high__single_no_children__white_dominant,29
17031242200,nh_other__high__family_with_children__white_dominant,17
17031242200,nh_other__high__elderly__white_dominant,12
17031200300,nh_white__low__single_no_children__hispanic_dominant,71
17031200300,nh_white__low__family_with_children__hispanic_dominant,59
17031200300,nh_white__low__elderly__hispanic_dominant,39
17031200300,nh_black__low__single_no_children__hispanic_dominant,22
17031200300,nh_black__low__family_with_children__hispanic_dominant,24
17031200300,nh_black__low__elderly__hispanic_dominant,14
17031200300,nh_asian__low__single_no_children__hispanic_dominant,4
17031200300,nh_asian__low__family_with_children__hispanic_dominant,6
17031200300,nh_asian__low__elderly__hispanic_dominant,2
17031200300,hispanic__low__single_no_children__hispanic_dominant,528
17031200300,hispanic__low__family_with_children__hispanic_dominant,1076
17031200300,hispanic__low__elderly__hispanic_dominant,352
17031200300,nh_other__low__single_no_children__hispanic_dominant,6
17031200300,nh_other__low__family_with_children__hispanic_dominant,6
17031200300,nh_other__low__elderly__hispanic_dominant,3
17031210100,nh_white__lower_middle__single_no_children__mixed,642
17031210100,nh_white__lower_middle__family_with_children__mixed,428
17031210100,nh_white__lower_middle__elderly__mixed,356
17031210100,nh_black__lower_middle__single_no_children__mixed,35
17031210100,nh_black__lower_middle__family_with_children__mixed,30
17031210100,nh_black__lower_middle__elderly__mixed,22
17031210100,nh_asian__lower_middle__single_no_children__mixed,79
17031210100,nh_asian__lower_middle__family_with_children__mixed,101
17031210100,nh_asian__lower_middle__elderly__mixed,45
17031210100,hispanic__lower_middle__single_no_children__mixed,657
17031210100,hispanic__lower_middle__family_with_children__mixed,1094
17031210100,hispanic__lower_middle__elderly__mixed,438
17031210100,nh_other__lower_middle__single_no_children__mixed,45
17031210100,nh_other__lower_middle__family_with_children__mixed,35
17031210100,nh_other__lower_middle__elderly__mixed,20
17031210400,nh_white__lower_middle__single_no_children__hispanic_dominant,284
17031210400,nh_white__lower_middle__family_with_children__hispanic_dominant,189
17031210400,nh_white__lower_middle__elderly__hispanic_dominant,158
17031210400,nh_black__lower_middle__single_no_children__hispanic_dominant,20
17031210400,nh_black__lower_middle__family_with_children__hispanic_dominant,17
17031210400,nh_black__lower_middle__elderly__hispanic_dominant,12
17031210400,nh_asian__lower_middle__single_no_children__hispanic_dominant,19
17031210400,nh_asian__lower_middle__family_with_children__hispanic_dominant,24
17031210400,nh_asian__lower_middle__elderly__hispanic_dominant,11
17031210400,hispanic__lower_middle__single_no_children__hispanic_dominant,682
17031210400,hispanic__lower_middle__family_with_children__hispanic_dominant,1138
17031210400,hispanic__lower_middle__elderly__hispanic_dominant,455
17031210400,nh_other__lower_middle__single_no_children__hispanic_dominant,12
17031210400,nh_other__lower_middle__family_with_children__hispanic_dominant,9
17031210400,nh_other__lower_middle__elderly__hispanic_dominant,5
17031210700,nh_white__lower_middle__single_no_children__mixed,549
17031210700,nh_white__lower_middle__family_with_children__mixed,366
17031210700,nh_white__lower_middle__elderly__mixed,305
17031210700,nh_black__lower_middle__single_no_children__mixed,46
17031210700,nh_black__lower_middle__family_with_children__mixed,40
17031210700,nh_black__lower_middle__elderly__mixed,28
17031210700,nh_asian__lower_middle__single_no_children__mixed,45
17031210700,nh_asian__lower_middle__family_with_children__mixed,58
17031210700,nh_asian__lower_middle__elderly__mixed,26
17031210700,hispanic__lower_middle__single_no_children__mixed,832
17031210700,hispanic__lower_middle__family_with_children__mixed,1386
17031210700,hispanic__lower_middle__elderly__mixed,554
17031210700,nh_other__lower_middle__single_no_children__mixed,33
17031210700,nh_other__lower_middle__family_with_children__mixed,26
17031210700,nh_other__lower_middle__elderly__mixed,15
17031210800,nh_white__lower_middle__single_no_children__hispanic_dominant,134
17031210800,nh_white__lower_middle__family_with_children__hispanic_dominant,89
17031210800,nh_white__lower_middle__elderly__hispanic_dominant,74
17031210800,nh_black__lower_middle__single_no_children__hispanic_dominant,6
17031210800,nh_black__lower_middle__family_with_children__hispanic_dominant,6
17031210800,nh_black__lower_middle__elderly__hispanic_dominant,4
17031210800,nh_asian__lower_middle__single_no_children__hispanic_dominant,5
17031210800,nh_asian__lower_middle__family_with_children__hispanic_dominant,6
17031210800,nh_asian__lower_middle__elderly__hispanic_dominant,3
17031210800,hispanic__lower_middle__single_no_children__hispanic_dominant,257
17031210800,hispanic__lower_middle__family_with_children__hispanic_dominant,428
17031210800,hispanic__lower_middle__elderly__hispanic_dominant,171
17031210800,nh_other__lower_middle__single_no_children__hispanic_dominant,5
17031210800,nh_other__lower_middle__family_with_children__hispanic_dominant,4
17031210800,nh_other__lower_middle__elderly__hispanic_dominant,2
17031210900,nh_white__lower_middle__single_no_children__mixed,514
17031210900,nh_white__lower_middle__family_with_children__mixed,343
17031210900,nh_white__lower_middle__elderly__mixed,286
17031210900,nh_black__lower_middle__single_no_children__mixed,45
17031210900,nh_black__lower_middle__family_with_children__mixed,39
17031210900,nh_black__lower_middle__elderly__mixed,28
17031210900,nh_asian__lower_middle__single_no_children__mixed,40
17031210900,nh_asian__lower_middle__family_with_children__mixed,51
17031210900,nh_asian__lower_middle__elderly__mixed,23
17031210900,hispanic__lower_middle__single_no_children__mixed,489
17031210900,hispanic__lower_middle__family_with_children__mixed,816
17031210900,hispanic__lower_middle__elderly__mixed,326
17031210900,nh_other__lower_middle__single_no_children__mixed,31
17031210900,nh_other__lower_middle__family_with_children__mixed,24
17031210900,nh_other__lower_middle__elderly__mixed,14
17031220300,nh_white__upper_middle__single_no_children__mixed,526
17031220300,nh_white__upper_middle__family_with_children__mixed,351
17031220300,nh_white__upper_middle__elderly__mixed,292
17031220300,nh_black__upper_middle__single_no_children__mixed,32
17031220300,nh_black__upper_middle__family_with_children__mixed,28
17031220300,nh_black__upper_middle__elderly__mixed,20
17031220300,nh_asian__upper_middle__single_no_children__mixed,20
17031220300,nh_asian__upper_middle__family_with_children__mixed,26
17031220300,nh_asian__upper_middle__elderly__mixed,12
17031220300,hispanic__upper_middle__single_no_children__mixed,229
17031220300,hispanic__upper_middle__family_with_children__mixed,381
17031220300,hispanic__upper_middle__elderly__mixed,152
17031220300,nh_other__upper_middle__single_no_children__mixed,15
17031220300,nh_other__upper_middle__family_with_children__mixed,12
17031220300,nh_other__upper_middle__elderly__mixed,7
17031420100,nh_white__lower_middle__single_no_children__black_dominant,15
17031420100,nh_white__lower_middle__family_with_children__black_dominant,10
17031420100,nh_white__lower_middle__elderly__black_dominant,8
17031420100,nh_black__lower_middle__single_no_children__black_dominant,548
17031420100,nh_black__lower_middle__family_with_children__black_dominant,480
17031420100,nh_black__lower_middle__elderly__black_dominant,343
17031420100,hispanic__lower_middle__single_no_children__black_dominant,4
17031420100,hispanic__lower_middle__family_with_children__black_dominant,6
17031420100,hispanic__lower_middle__elderly__black_dominant,3
17031420100,nh_other__lower_middle__single_no_children__black_dominant,10
17031420100,nh_other__lower_middle__family_with_children__black_dominant,8
17031420100,nh_other__lower_middle__elderly__black_dominant,5
17031420200,nh_white__lower_middle__single_no_children__black_dominant,124
17031420200,nh_white__lower_middle__family_with_children__black_dominant,82
17031420200,nh_white__lower_middle__elderly__black_dominant,69
17031420200,nh_black__lower_middle__single_no_children__black_dominant,510
17031420200,nh_black__lower_middle__family_with_children__black_dominant,446
17031420200,nh_black__lower_middle__elderly__black_dominant,319
17031420200,nh_asian__lower_middle__single_no_children__black_dominant,29
17031420200,nh_asian__lower_middle__family_with_children__black_dominant,38
17031420200,nh_asian__lower_middle__elderly__black_dominant,17
17031420200,hispanic__lower_middle__single_no_children__black_dominant,13
17031420200,hispanic__lower_middle__family_with_children__black_dominant,21
17031420200,hispanic__lower_middle__elderly__black_dominant,8
17031420200,nh_other__lower_middle__single_no_children__black_dominant,21
17031420200,nh_other__lower_middle__family_with_children__black_dominant,16
17031420200,nh_other__lower_middle__elderly__black_dominant,9
17031420300,nh_white__lower_middle__single_no_children__mixed,349
17031420300,nh_white__lower_middle__family_with_children__mixed,232
17031420300,nh_white__lower_middle__elderly__mixed,194
17031420300,nh_black__lower_middle__single_no_children__mixed,464
17031420300,nh_black__lower_middle__family_with_children__mixed,406
17031420300,nh_black__lower_middle__elderly__mixed,290
17031420300,nh_asian__lower_middle__single_no_children__mixed,106
17031420300,nh_asian__lower_middle__family_with_children__mixed,136
17031420300,nh_asian__lower_middle__elderly__mixed,60
17031420300,hispanic__lower_middle__single_no_children__mixed,51
17031420300,hispanic__lower_middle__family_with_children__mixed,84
17031420300,hispanic__lower_middle__elderly__mixed,34
17031420300,nh_other__lower_middle__single_no_children__mixed,37
17031420300,nh_other__lower_middle__family_with_children__mixed,29
17031420300,nh_other__lower_middle__elderly__mixed,16
17031420400,nh_white__lower_middle__single_no_children__mixed,109
17031420400,nh_white__lower_middle__family_with_children__mixed,73
17031420400,nh_white__lower_middle__elderly__mixed,61
17031420400,nh_black__lower_middle__single_no_children__mixed,362
17031420400,nh_black__lower_middle__family_with_children__mixed,317
17031420400,nh_black__lower_middle__elderly__mixed,226
17031420400,nh_asian__lower_middle__single_no_children__mixed,36
17031420400,nh_asian__lower_middle__family_with_children__mixed,47
17031420400,nh_asian__lower_middle__elderly__mixed,21
17031420400,hispanic__lower_middle__single_no_children__mixed,11
17031420400,hispanic__lower_middle__family_with_children__mixed,19
17031420400,hispanic__lower_middle__elderly__mixed,8
17031420400,nh_other__lower_middle__single_no_children__mixed,17
17031420400,nh_other__lower_middle__family_with_children__mixed,13
17031420400,nh_other__lower_middle__elderly__mixed,8
17031420500,nh_white__lower_middle__single_no_children__black_dominant,11
17031420500,nh_white__lower_middle__family_with_children__black_dominant,8
17031420500,nh_white__lower_middle__elderly__black_dominant,6
17031420500,nh_black__lower_middle__single_no_children__black_dominant,1008
17031420500,nh_black__lower_middle__family_with_children__black_dominant,882
17031420500,nh_black__lower_middle__elderly__black_dominant,630
17031420500,nh_asian__lower_middle__single_no_children__black_dominant,2
17031420500,nh_asian__lower_middle__family_with_children__black_dominant,3
17031420500,nh_asian__lower_middle__elderly__black_dominant,1
17031420500,hispanic__lower_middle__single_no_children__black_dominant,10
17031420500,hispanic__lower_middle__family_with_children__black_dominant,16
17031420500,hispanic__lower_middle__elderly__black_dominant,6
17031420500,nh_other__lower_middle__single_no_children__black_dominant,18
17031420500,nh_other__lower_middle__family_with_children__black_dominant,14
17031420500,nh_other__lower_middle__elderly__black_dominant,8
17031470100,nh_white__low__single_no_children__black_dominant,8
17031470100,nh_white__low__family_with_children__black_dominant,7
17031470100,nh_white__low__elderly__black_dominant,4
17031470100,nh_black__low__single_no_children__black_dominant,1054
17031470100,nh_black__low__family_with_children__black_dominant,1140
17031470100,nh_black__low__elderly__black_dominant,655
17031470100,hispanic__low__single_no_children__black_dominant,5
17031470100,hispanic__low__family_with_children__black_dominant,11
17031470100,hispanic__low__elderly__black_dominant,4
17031470100,nh_other__low__single_no_children__black_dominant,12
17031470100,nh_other__low__family_with_children__black_dominant,11
17031470100,nh_other__low__elderly__black_dominant,5
17031480100,nh_white__upper_middle__single_no_children__black_dominant,4
17031480100,nh_white__upper_middle__family_with_children__black_dominant,2
17031480100,nh_white__upper_middle__elderly__black_dominant,2
17031480100,nh_black__upper_middle__single_no_children__black_dominant,788
17031480100,nh_black__upper_middle__family_with_children__black_dominant,690
17031480100,nh_black__upper_middle__elderly__black_dominant,492
17031480100,nh_asian__upper_middle__single_no_children__black_dominant,3
17031480100,nh_asian__upper_middle__family_with_children__black_dominant,4
17031480100,nh_asian__upper_middle__elderly__black_dominant,2
17031480100,hispanic__upper_middle__single_no_children__black_dominant,6
17031480100,hispanic__upper_middle__family_with_children__black_dominant,10
17031480100,hispanic__upper_middle__elderly__black_dominant,4
17031480100,nh_other__upper_middle__single_no_children__black_dominant,12
17031480100,nh_other__upper_middle__family_with_children__black_dominant,9
17031480100,nh_other__upper_middle__elderly__black_dominant,5
17031480200,nh_white__upper_middle__single_no_children__black_dominant,1
17031480200,nh_white__upper_middle__family_with_children__black_dominant,1
17031480200,nh_white__upper_middle__elderly__black_dominant,1
17031480200,nh_black__upper_middle__single_no_children__black_dominant,475
17031480200,nh_black__upper_middle__family_with_children__black_dominant,416
17031480200,nh_black__upper_middle__elderly__black_dominant,297
17031480200,nh_asian__upper_middle__single_no_children__black_dominant,1
17031480200,nh_asian__upper_middle__family_with_children__black_dominant,1
17031480200,nh_asian__upper_middle__elderly__black_dominant,1
17031480200,hispanic__upper_middle__single_no_children__black_dominant,6
17031480200,hispanic__upper_middle__family_with_children__black_dominant,10
17031480200,hispanic__upper_middle__elderly__black_dominant,4
17031480200,nh_other__upper_middle__single_no_children__black_dominant,8
17031480200,nh_other__upper_middle__family_with_children__black_dominant,6
17031480200,nh_other__upper_middle__elderly__black_dominant,4
17031480300,nh_white__upper_middle__single_no_children__black_dominant,4
17031480300,nh_white__upper_middle__family_with_children__black_dominant,3
17031480300,nh_white__upper_middle__elderly__black_dominant,2
17031480300,nh_black__upper_middle__single_no_children__black_dominant,564
17031480300,nh_black__upper_middle__family_with_children__black_dominant,493
17031480300,nh_black__upper_middle__elderly__black_dominant,352
17031480300,hispanic__upper_middle__single_no_children__black_dominant,7
17031480300,hispanic__upper_middle__family_with_children__black_dominant,11
17031480300,hispanic__upper_middle__elderly__black_dominant,4
17031480300,nh_other__upper_middle__single_no_children__black_dominant,12
17031480300,nh_other__upper_middle__family_with_children__black_dominant,9
17031480300,nh_other__upper_middle__elderly__black_dominant,5
17031480400,nh_white__upper_middle__single_no_children__black_dominant,18
17031480400,nh_white__upper_middle__family_with_children__black_dominant,12
17031480400,nh_white__upper_middle__elderly__black_dominant,10
17031480400,nh_black__upper_middle__single_no_children__black_dominant,2263
17031480400,nh_black__upper_middle__family_with_children__black_dominant,1980
17031480400,nh_black__upper_middle__elderly__black_dominant,1414
17031480400,nh_asian__upper_middle__single_no_children__black_dominant,3
17031480400,nh_asian__upper_middle__family_with_children__black_dominant,4
17031480400,nh_asian__upper_middle__elderly__black_dominant,2
17031480400,hispanic__upper_middle__single_no_children__black_dominant,27
17031480400,hispanic__upper_middle__family_with_children__black_dominant,46
17031480400,hispanic__upper_middle__elderly__black_dominant,18
17031480400,nh_other__upper_middle__single_no_children__black_dominant,35
17031480400,nh_other__upper_middle__family_with_children__black_dominant,27
17031480400,nh_other__upper_middle__elderly__black_dominant,16
17031480500,nh_white__upper_middle__single_no_children__black_dominant,29
17031480500,nh_white__upper_middle__family_with_children__black_dominant,19
17031480500,nh_white__upper_middle__elderly__black_dominant,16
17031480500,nh_black__upper_middle__single_no_children__black_dominant,1069
17031480500,nh_black__upper_middle__family_with_children__black_dominant,935
17031480500,nh_black__upper_middle__elderly__black_dominant,668
17031480500,nh_asian__upper_middle__single_no_children__black_dominant,3
17031480500,nh_asian__upper_middle__family_with_children__black_dominant,4
17031480500,nh_asian__upper_middle__elderly__black_dominant,2
17031480500,hispanic__upper_middle__single_no_children__black_dominant,125
17031480500,hispanic__upper_middle__family_with_children__black_dominant,209
17031480500,hispanic__upper_middle__elderly__black_dominant,84
17031480500,nh_other__upper_middle__single_no_children__black_dominant,20
17031480500,nh_other__upper_middle__family_with_children__black_dominant,15
17031480500,nh_other__upper_middle__elderly__black_dominant,9
17031691000,nh_white__lower_middle__single_no_children__black_dominant,6
17031691000,nh_white__lower_middle__family_with_children__black_dominant,4
17031691000,nh_white__lower_middle__elderly__black_dominant,3
17031691000,nh_black__lower_middle__single_no_children__black_dominant,970
17031691000,nh_black__lower_middle__family_with_children__black_dominant,848
17031691000,nh_black__lower_middle__elderly__black_dominant,606
17031691000,nh_asian__lower_middle__single_no_children__black_dominant,1
17031691000,nh_asian__lower_middle__family_with_children__black_dominant,1
17031691000,nh_asian__lower_middle__elderly__black_dominant,1
17031691000,hispanic__lower_middle__single_no_children__black_dominant,8
17031691000,hispanic__lower_middle__family_with_children__black_dominant,13
17031691000,hispanic__lower_middle__elderly__black_dominant,5
17031691000,nh_other__lower_middle__single_no_children__black_dominant,12
17031691000,nh_other__lower_middle__family_with_children__black_dominant,9
17031691000,nh_other__lower_middle__elderly__black_dominant,5
17031691100,nh_white__lower_middle__single_no_children__black_dominant,6
17031691100,nh_white__lower_middle__family_with_children__black_dominant,4
17031691100,nh_white__lower_middle__elderly__black_dominant,3
17031691100,nh_black__lower_middle__single_no_children__black_dominant,1269
17031691100,nh_black__lower_middle__family_with_children__black_dominant,1111
17031691100,nh_black__lower_middle__elderly__black_dominant,793
17031691100,nh_asian__lower_middle__single_no_children__black_dominant,1
17031691100,nh_asian__lower_middle__family_with_children__black_dominant,1
17031691100,nh_asian__lower_middle__elderly__black_dominant,1
17031691100,hispanic__lower_middle__single_no_children__black_dominant,14
17031691100,hispanic__lower_middle__family_with_children__black_dominant,24
17031691100,hispanic__lower_middle__elderly__black_dominant,9
17031691100,nh_other__lower_middle__single_no_children__black_dominant,14
17031691100,nh_other__lower_middle__family_with_children__black_dominant,10
17031691100,nh_other__lower_middle__elderly__black_dominant,6
17031691200,nh_white__lower_middle__single_no_children__black_dominant,6
17031691200,nh_white__lower_middle__family_with_children__black_dominant,4
17031691200,nh_white__lower_middle__elderly__black_dominant,3
17031691200,nh_black__lower_middle__single_no_children__black_dominant,1116
17031691200,nh_black__lower_middle__family_with_children__black_dominant,977
17031691200,nh_black__lower_middle__elderly__black_dominant,698
17031691200,hispanic__lower_middle__single_no_children__black_dominant,4
17031691200,hispanic__lower_middle__family_with_children__black_dominant,6
17031691200,hispanic__lower_middle__elderly__black_dominant,2
17031691200,nh_other__lower_middle__single_no_children__black_dominant,14
17031691200,nh_other__lower_middle__family_with_children__black_dominant,11
17031691200,nh_other__lower_middle__elderly__black_dominant,6
17031691300,nh_white__lower_middle__single_no_children__black_dominant,4
17031691300,nh_white__lower_middle__family_with_children__black_dominant,2
17031691300,nh_white__lower_middle__elderly__black_dominant,2
17031691300,nh_black__lower_middle__single_no_children__black_dominant,947
17031691300,nh_black__lower_middle__family_with_children__black_dominant,829
17031691300,nh_black__lower_middle__elderly__black_dominant,592
17031691300,nh_asian__lower_middle__single_no_children__black_dominant,1
17031691300,nh_asian__lower_middle__family_with_children__black_dominant,1
17031691300,nh_asian__lower_middle__elderly__black_dominant,1
17031691300,hispanic__lower_middle__single_no_children__black_dominant,13
17031691300,hispanic__lower_middle__family_with_children__black_dominant,22
17031691300,hispanic__lower_middle__elderly__black_dominant,9
17031691300,nh_other__lower_middle__single_no_children__black_dominant,13
17031691300,nh_other__lower_middle__family_with_children__black_dominant,10
17031691300,nh_other__lower_middle__elderly__black_dominant,6
17031691400,nh_white__lower_middle__single_no_children__black_dominant,20
17031691400,nh_white__lower_middle__family_with_children__black_dominant,13
17031691400,nh_white__lower_middle__elderly__black_dominant,11
17031691400,nh_black__lower_middle__single_no_children__black_dominant,1386
17031691400,nh_black__lower_middle__family_with_children__black_dominant,1212
17031691400,nh_black__lower_middle__elderly__black_dominant,866
17031691400,hispanic__lower_middle__single_no_children__black_dominant,10
17031691400,hispanic__lower_middle__family_with_children__black_dominant,18
17031691400,hispanic__lower_middle__elderly__black_dominant,7
17031691400,nh_other__lower_middle__single_no_children__black_dominant,31
17031691400,nh_other__lower_middle__family_with_children__black_dominant,24
17031691400,nh_other__lower_middle__elderly__black_dominant,14
17031691500,nh_white__lower_middle__single_no_children__black_dominant,2
17031691500,nh_white__lower_middle__family_with_children__black_dominant,2
17031691500,nh_white__lower_middle__elderly__black_dominant,1
17031691500,nh_black__lower_middle__single_no_children__black_dominant,737
17031691500,nh_black__lower_middle__family_with_children__black_dominant,645
17031691500,nh_black__lower_middle__elderly__black_dominant,461
17031691500,hispanic__lower_middle__single_no_children__black_dominant,15
17031691500,hispanic__lower_middle__family_with_children__black_dominant,26
17031691500,hispanic__lower_middle__elderly__black_dominant,10
17031691500,nh_other__lower_middle__single_no_children__black_dominant,14
17031691500,nh_other__lower_middle__family_with_children__black_dominant,11
17031691500,nh_other__lower_middle__elderly__black_dominant,6
17031700100,nh_white__upper_middle__single_no_children__mixed,89
17031700100,nh_white__upper_middle__family_with_children__mixed,59
17031700100,nh_white__upper_middle__elderly__mixed,50
17031700100,nh_black__upper_middle__single_no_children__mixed,821
17031700100,nh_black__upper_middle__family_with_children__mixed,718
17031700100,nh_black__upper_middle__elderly__mixed,513
17031700100,nh_asian__upper_middle__single_no_children__mixed,3
17031700100,nh_asian__upper_middle__family_with_children__mixed,4
17031700100,nh_asian__upper_middle__elderly__mixed,2
17031700100,hispanic__upper_middle__single_no_children__mixed,339
17031700100,hispanic__upper_middle__family_with_children__mixed,564
17031700100,hispanic__upper_middle__elderly__mixed,226
17031700100,nh_other__upper_middle__single_no_children__mixed,18
17031700100,nh_other__upper_middle__family_with_children__mixed,14
17031700100,nh_other__upper_middle__elderly__mixed,8
17031242300,nh_white__high__single_no_children__white_dominant,1266
17031242300,nh_white__high__family_with_children__white_dominant,633
17031242300,nh_white__high__elderly__white_dominant,633
17031242300,nh_black__high__single_no_children__white_dominant,26
17031242300,nh_black__high__family_with_children__white_dominant,17
17031242300,nh_black__high__elderly__white_dominant,14
17031242300,nh_asian__high__single_no_children__white_dominant,55
17031242300,nh_asian__high__family_with_children__white_dominant,55
17031242300,nh_asian__high__elderly__white_dominant,27
17031242300,hispanic__high__single_no_children__white_dominant,155
17031242300,hispanic__high__family_with_children__white_dominant,200
17031242300,hispanic__high__elderly__white_dominant,89
17031242300,nh_other__high__single_no_children__white_dominant,35
17031242300,nh_other__high__family_with_children__white_dominant,21
17031242300,nh_other__high__elderly__white_dominant,14
17031242400,nh_white__high__single_no_children__white_dominant,1178
17031242400,nh_white__high__family_with_children__white_dominant,589
17031242400,nh_white__high__elderly__white_dominant,589
17031242400,nh_black__high__single_no_children__white_dominant,17
17031242400,nh_black__high__family_with_children__white_dominant,11
17031242400,nh_black__high__elderly__white_dominant,10
17031242400,nh_asian__high__single_no_children__white_dominant,39
17031242400,nh_asian__high__family_with_children__white_dominant,39
17031242400,nh_asian__high__elderly__white_dominant,19
17031242400,hispanic__high__single_no_children__white_dominant,74
17031242400,hispanic__high__family_with_children__white_dominant,95
17031242400,hispanic__high__elderly__white_dominant,42
17031242400,nh_other__high__single_no_children__white_dominant,30
17031242400,nh_other__high__family_with_children__white_dominant,18
17031242400,nh_other__high__elderly__white_dominant,12
17031242500,nh_white__high__single_no_children__mixed,954
17031242500,nh_white__high__family_with_children__mixed,477
17031242500,nh_white__high__elderly__mixed,477
17031242500,nh_black__high__single_no_children__mixed,60
17031242500,nh_black__high__family_with_children__mixed,40
17031242500,nh_black__high__elderly__mixed,34
17031242500,nh_asian__high__single_no_children__mixed,31
17031242500,nh_asian__high__family_with_children__mixed,31
17031242500,nh_asian__high__elderly__mixed,16
17031242500,hispanic__high__single_no_children__mixed,444
17031242500,hispanic__high__family_with_children__mixed,571
17031242500,hispanic__high__elderly__mixed,254
17031242500,nh_other__high__single_no_children__mixed,24
17031242500,nh_other__high__family_with_children__mixed,15
17031242500,nh_other__high__elderly__mixed,10
17031242600,nh_white__high__single_no_children__mixed,1206
17031242600,nh_white__high__family_with_children__mixed,603
17031242600,nh_white__high__elderly__mixed,603
17031242600,nh_black__high__single_no_children__mixed,265
17031242600,nh_black__high__family_with_children__mixed,177
17031242600,nh_black__high__elderly__mixed,147
17031242600,nh_asian__high__single_no_children__mixed,32
17031242600,nh_asian__high__family_with_children__mixed,32
17031242600,nh_asian__high__elderly__mixed,16
17031242600,hispanic__high__single_no_children__mixed,933
17031242600,hispanic__high__family_with_children__mixed,1199
17031242600,hispanic__high__elderly__mixed,533
17031242600,nh_other__high__single_no_children__mixed,43
17031242600,nh_other__high__family_with_children__mixed,26
17031242600,nh_other__high__elderly__mixed,17
17031242700,nh_white__high__single_no_children__mixed,218
17031242700,nh_white__high__family_with_children__mixed,109
17031242700,nh_white__high__elderly__mixed,109
17031242700,nh_black__high__single_no_children__mixed,243
17031242700,nh_black__high__family_with_children__mixed,162
17031242700,nh_black__high__elderly__mixed,135
17031242700,nh_asian__high__single_no_children__mixed,4
17031242700,nh_asian__high__family_with_children__mixed,4
17031242700,nh_asian__high__elderly__mixed,2
17031242700,hispanic__high__single_no_children__mixed,355
17031242700,hispanic__high__family_with_children__mixed,456
17031242700,hispanic__high__elderly__mixed,203
17031242700,nh_other__high__single_no_children__mixed,14
17031242700,nh_other__high__family_with_children__mixed,8
17031242700,nh_other__high__elderly__mixed,6
17031242800,nh_white__high__single_no_children__white_dominant,544
17031242800,nh_white__high__family_with_children__white_dominant,272
17031242800,nh_white__high__elderly__white_dominant,272
17031242800,nh_black__high__single_no_children__white_dominant,13
17031242800,nh_black__high__family_with_children__white_dominant,9
17031242800,nh_black__high__elderly__white_dominant,7
17031242800,nh_asian__high__single_no_children__white_dominant,11
17031242800,nh_asian__high__family_with_children__white_dominant,11
17031242800,nh_asian__high__elderly__white_dominant,5
17031242800,hispanic__high__single_no_children__white_dominant,95
17031242800,hispanic__high__family_with_children__white_dominant,122
17031242800,hispanic__high__elderly__white_dominant,54
17031242800,nh_other__high__single_no_children__white_dominant,10
17031242800,nh_other__high__family_with_children__white_dominant,6
17031242800,nh_other__high__elderly__white_dominant,4
17031242900,nh_white__high__single_no_children__mixed,571
17031242900,nh_white__high__family_with_children__mixed,286
17031242900,nh_white__high__elderly__mixed,286
17031242900,nh_black__high__single_no_children__mixed,12
17031242900,nh_black__high__family_with_children__mixed,8
17031242900,nh_black__high__elderly__mixed,7
17031242900,nh_asian__high__single_no_children__mixed,13
17031242900,nh_asian__high__family_with_children__mixed,13
17031242900,nh_asian__high__elderly__mixed,6
17031242900,hispanic__high__single_no_children__mixed,153
17031242900,hispanic__high__family_with_children__mixed,196
17031242900,hispanic__high__elderly__mixed,87
17031242900,nh_other__high__single_no_children__mixed,16
17031242900,nh_other__high__family_with_children__mixed,10
17031242900,nh_other__high__elderly__mixed,7
17031243000,nh_white__high__single_no_children__mixed,626
17031243000,nh_white__high__family_with_children__mixed,313
17031243000,nh_white__high__elderly__mixed,313
17031243000,nh_black__high__single_no_children__mixed,25
17031243000,nh_black__high__family_with_children__mixed,16
17031243000,nh_black__high__elderly__mixed,14
17031243000,nh_asian__high__single_no_children__mixed,30
17031243000,nh_asian__high__family_with_children__mixed,30
17031243000,nh_asian__high__elderly__mixed,15
17031243000,hispanic__high__single_no_children__mixed,271
17031243000,hispanic__high__family_with_children__mixed,349
17031243000,hispanic__high__elderly__mixed,155
17031243000,nh_other__high__single_no_children__mixed,23
17031243000,nh_other__high__family_with_children__mixed,14
17031243000,nh_other__high__elderly__mixed,9
17031220400,nh_white__upper_middle__single_no_children__mixed,626
17031220400,nh_white__upper_middle__family_with_children__mixed,417
17031220400,nh_white__upper_middle__elderly__mixed,348
17031220400,nh_black__upper_middle__single_no_children__mixed,25
17031220400,nh_black__upper_middle__family_with_children__mixed,22
17031220400,nh_black__upper_middle__elderly__mixed,16
17031220400,nh_asian__upper_middle__single_no_children__mixed,28
17031220400,nh_asian__upper_middle__family_with_children__mixed,36
17031220400,nh_asian__upper_middle__elderly__mixed,16
17031220400,hispanic__upper_middle__single_no_children__mixed,270
17031220400,hispanic__upper_middle__family_with_children__mixed,450
17031220400,hispanic__upper_middle__elderly__mixed,180
17031220400,nh_other__upper_middle__single_no_children__mixed,28
17031220400,nh_other__upper_middle__family_with_children__mixed,22
17031220400,nh_other__upper_middle__elderly__mixed,12
17031220500,nh_white__upper_middle__single_no_children__mixed,661
17031220500,nh_white__upper_middle__family_with_children__mixed,440
17031220500,nh_white__upper_middle__elderly__mixed,367
17031220500,nh_black__upper_middle__single_no_children__mixed,58
17031220500,nh_black__upper_middle__family_with_children__mixed,50
17031220500,nh_black__upper_middle__elderly__mixed,36
17031220500,nh_asian__upper_middle__single_no_children__mixed,35
17031220500,nh_asian__upper_middle__family_with_children__mixed,45
17031220500,nh_asian__upper_middle__elderly__mixed,20
17031220500,hispanic__upper_middle__single_no_children__mixed,253
17031220500,hispanic__upper_middle__family_with_children__mixed,421
17031220500,hispanic__upper_middle__elderly__mixed,168
17031220500,nh_other__upper_middle__single_no_children__mixed,32
17031220500,nh_other__upper_middle__family_with_children__mixed,25
17031220500,nh_other__upper_middle__elderly__mixed,14
17031221000,nh_white__upper_middle__single_no_children__hispanic_dominant,255
17031221000,nh_white__upper_middle__family_with_children__hispanic_dominant,170
17031221000,nh_white__upper_middle__elderly__hispanic_dominant,142
17031221000,nh_black__upper_middle__single_no_children__hispanic_dominant,90
17031221000,nh_black__upper_middle__family_with_children__hispanic_dominant,79
17031221000,nh_black__upper_middle__elderly__hispanic_dominant,56
17031221000,nh_asian__upper_middle__single_no_children__hispanic_dominant,11
17031221000,nh_asian__upper_middle__family_with_children__hispanic_dominant,14
17031221000,nh_asian__upper_middle__elderly__hispanic_dominant,6
17031221000,hispanic__upper_middle__single_no_children__hispanic_dominant,622
17031221000,hispanic__upper_middle__family_with_children__hispanic_dominant,1036
17031221000,hispanic__upper_middle__elderly__hispanic_dominant,414
17031221000,nh_other__upper_middle__single_no_children__hispanic_dominant,12
17031221000,nh_other__upper_middle__family_with_children__hispanic_dominant,9
17031221000,nh_other__upper_middle__elderly__hispanic_dominant,5
17031520500,nh_white__lower_middle__single_no_children__mixed,653
17031520500,nh_white__lower_middle__family_with_children__mixed,435
17031520500,nh_white__lower_middle__elderly__mixed,363
17031520500,nh_black__lower_middle__single_no_children__mixed,26
17031520500,nh_black__lower_middle__family_with_children__mixed,23
17031520500,nh_black__lower_middle__elderly__mixed,16
17031520500,nh_asian__lower_middle__single_no_children__mixed,7
17031520500,nh_asian__lower_middle__family_with_children__mixed,9
17031520500,nh_asian__lower_middle__elderly__mixed,4
17031520500,hispanic__lower_middle__single_no_children__mixed,819
17031520500,hispanic__lower_middle__family_with_children__mixed,1364
17031520500,hispanic__lower_middle__elderly__mixed,546
17031520500,nh_other__lower_middle__single_no_children__mixed,17
17031520500,nh_other__lower_middle__family_with_children__mixed,13
17031520500,nh_other__lower_middle__elderly__mixed,7
17031720500,nh_white__high__single_no_children__white_dominant,989
17031720500,nh_white__high__family_with_children__white_dominant,494
17031720500,nh_white__high__elderly__white_dominant,494
17031720500,nh_black__high__single_no_children__white_dominant,28
17031720500,nh_black__high__family_with_children__white_dominant,19
17031720500,nh_black__high__elderly__white_dominant,16
17031720500,nh_asian__high__single_no_children__white_dominant,3
17031720500,nh_asian__high__family_with_children__white_dominant,3
17031720500,nh_asian__high__elderly__white_dominant,1
17031720500,hispanic__high__single_no_children__white_dominant,35
17031720500,hispanic__high__family_with_children__white_dominant,45
17031720500,hispanic__high__elderly__white_dominant,20
17031720500,nh_other__high__single_no_children__white_dominant,8
17031720500,nh_other__high__family_with_children__white_dominant,5
17031720500,nh_other__high__elderly__white_dominant,3
17031490300,nh_white__lower_middle__single_no_children__black_dominant,4
17031490300,nh_white__lower_middle__family_with_children__black_dominant,3
17031490300,nh_white__lower_middle__elderly__black_dominant,2
17031490300,nh_black__lower_middle__single_no_children__black_dominant,794
17031490300,nh_black__lower_middle__family_with_children__black_dominant,694
17031490300,nh_black__lower_middle__elderly__black_dominant,496
17031490300,nh_asian__lower_middle__single_no_children__black_dominant,1
17031490300,nh_asian__lower_middle__family_with_children__black_dominant,1
17031490300,nh_asian__lower_middle__elderly__black_dominant,1
17031490300,hispanic__lower_middle__single_no_children__black_dominant,3
17031490300,hispanic__lower_middle__family_with_children__black_dominant,6
17031490300,hispanic__lower_middle__elderly__black_dominant,2
17031490300,nh_other__lower_middle__single_no_children__black_dominant,13
17031490300,nh_other__lower_middle__family_with_children__black_dominant,10
17031490300,nh_other__lower_middle__elderly__black_dominant,6
17031490400,nh_white__lower_middle__single_no_children__black_dominant,1
17031490400,nh_white__lower_middle__family_with_children__black_dominant,1
17031490400,nh_white__lower_middle__elderly__black_dominant,1
17031490400,nh_black__lower_middle__single_no_children__black_dominant,420
17031490400,nh_black__lower_middle__family_with_children__black_dominant,368
17031490400,nh_black__lower_middle__elderly__black_dominant,263
17031490400,hispanic__lower_middle__single_no_children__black_dominant,1
17031490400,hispanic__lower_middle__family_with_children__black_dominant,1
17031490400,hispanic__lower_middle__elderly__black_dominant,1
17031490400,nh_other__lower_middle__single_no_children__black_dominant,1
17031490400,nh_other__lower_middle__family_with_children__black_dominant,1
17031490400,nh_other__lower_middle__elderly__black_dominant,1
17031490500,nh_white__lower_middle__single_no_children__black_dominant,13
17031490500,nh_white__lower_middle__family_with_children__black_dominant,9
17031490500,nh_white__lower_middle__elderly__black_dominant,7
17031490500,nh_black__lower_middle__single_no_children__black_dominant,854
17031490500,nh_black__lower_middle__family_with_children__black_dominant,747
17031490500,nh_black__lower_middle__elderly__black_dominant,534
17031490500,nh_asian__lower_middle__single_no_children__black_dominant,2
17031490500,nh_asian__lower_middle__family_with_children__black_dominant,3
17031490500,nh_asian__lower_middle__elderly__black_dominant,1
17031490500,hispanic__lower_middle__single_no_children__black_dominant,7
17031490500,hispanic__lower_middle__family_with_children__black_dominant,11
17031490500,hispanic__lower_middle__elderly__black_dominant,4
17031490500,nh_other__lower_middle__single_no_children__black_dominant,22
17031490500,nh_other__lower_middle__family_with_children__black_dominant,18
17031490500,nh_other__lower_middle__elderly__black_dominant,10
17031490600,nh_white__lower_middle__single_no_children__black_dominant,1
17031490600,nh_white__lower_middle__family_with_children__black_dominant,1
17031490600,nh_white__lower_middle__elderly__black_dominant,1
17031490600,nh_black__lower_middle__single_no_children__black_dominant,602
17031490600,nh_black__lower_middle__family_with_children__black_dominant,526
17031490600,nh_black__lower_middle__elderly__black_dominant,376
17031490600,nh_asian__lower_middle__single_no_children__black_dominant,1
17031490600,nh_asian__lower_middle__family_with_children__black_dominant,1
17031490600,nh_asian__lower_middle__elderly__black_dominant,1
17031490600,hispanic__lower_middle__single_no_children__black_dominant,7
17031490600,hispanic__lower_middle__family_with_children__black_dominant,11
17031490600,hispanic__lower_middle__elderly__black_dominant,4
17031490600,nh_other__lower_middle__single_no_children__black_dominant,14
17031490600,nh_other__lower_middle__family_with_children__black_dominant,11
17031490600,nh_other__lower_middle__elderly__black_dominant,6
17031490700,nh_white__lower_middle__single_no_children__black_dominant,2
17031490700,nh_white__lower_middle__family_with_children__black_dominant,1
17031490700,nh_white__lower_middle__elderly__black_dominant,1
17031490700,nh_black__lower_middle__single_no_children__black_dominant,1208
17031490700,nh_black__lower_middle__family_with_children__black_dominant,1057
17031490700,nh_black__lower_middle__elderly__black_dominant,755
17031490700,hispanic__lower_middle__single_no_children__black_dominant,8
17031490700,hispanic__lower_middle__family_with_children__black_dominant,13
17031490700,hispanic__lower_middle__elderly__black_dominant,5
17031490700,nh_other__lower_middle__single_no_children__black_dominant,16
17031490700,nh_other__lower_middle__family_with_children__black_dominant,12
17031490700,nh_other__lower_middle__elderly__black_dominant,7
17031490800,nh_white__lower_middle__single_no_children__black_dominant,8
17031490800,nh_white__lower_middle__family_with_children__black_dominant,5
17031490800,nh_white__lower_middle__elderly__black_dominant,4
17031490800,nh_black__lower_middle__single_no_children__black_dominant,1558
17031490800,nh_black__lower_middle__family_with_children__black_dominant,1363
17031490800,nh_black__lower_middle__elderly__black_dominant,974
17031490800,nh_asian__lower_middle__single_no_children__black_dominant,1
17031490800,nh_asian__lower_middle__family_with_children__black_dominant,1
17031490800,nh_asian__lower_middle__elderly__black_dominant,1
17031490800,hispanic__lower_middle__single_no_children__black_dominant,12
17031490800,hispanic__lower_middle__family_with_children__black_dominant,20
17031490800,hispanic__lower_middle__elderly__black_dominant,8
17031490800,nh_other__lower_middle__single_no_children__black_dominant,24
17031490800,nh_other__lower_middle__family_with_children__black_dominant,19
17031490800,nh_other__lower_middle__elderly__black_dominant,11
17031700200,nh_white__upper_middle__single_no_children__mixed,442
17031700200,nh_white__upper_middle__family_with_children__mixed,295
17031700200,nh_white__upper_middle__elderly__mixed,246
17031700200,nh_black__upper_middle__single_no_children__mixed,364
17031700200,nh_black__upper_middle__family_with_children__mixed,318
17031700200,nh_black__upper_middle__elderly__mixed,227
17031700200,nh_asian__upper_middle__single_no_children__mixed,22
17031700200,nh_asian__upper_middle__family_with_children__mixed,29
17031700200,nh_asian__upper_middle__elderly__mixed,13
17031700200,hispanic__upper_middle__single_no_children__mixed,1380
17031700200,hispanic__upper_middle__family_with_children__mixed,2300
17031700200,hispanic__upper_middle__elderly__mixed,920
17031700200,nh_other__upper_middle__single_no_children__mixed,24
17031700200,nh_other__upper_middle__family_with_children__mixed,19
17031700200,nh_other__upper_middle__elderly__mixed,11
17031710100,nh_white__lower_middle__single_no_children__black_dominant,5
17031710100,nh_white__lower_middle__family_with_children__black_dominant,3
17031710100,nh_white__lower_middle__elderly__black_dominant,3
17031710100,nh_black__lower_middle__single_no_children__black_dominant,489
17031710100,nh_black__lower_middle__family_with_children__black_dominant,428
17031710100,nh_black__lower_middle__elderly__black_dominant,306
17031710100,hispanic__lower_middle__single_no_children__black_dominant,7
17031710100,hispanic__lower_middle__family_with_children__black_dominant,11
17031710100,hispanic__lower_middle__elderly__black_dominant,4
17031710100,nh_other__lower_middle__single_no_children__black_dominant,9
17031710100,nh_other__lower_middle__family_with_children__black_dominant,7
17031710100,nh_other__lower_middle__elderly__black_dominant,4
17031710200,nh_white__lower_middle__single_no_children__black_dominant,8
17031710200,nh_white__lower_middle__family_with_children__black_dominant,5
17031710200,nh_white__lower_middle__elderly__black_dominant,4
17031710200,nh_black__lower_middle__single_no_children__black_dominant,1968
17031710200,nh_black__lower_middle__family_with_children__black_dominant,1722
17031710200,nh_black__lower_middle__elderly__black_dominant,1230
17031710200,nh_asian__lower_middle__single_no_children__black_dominant,4
17031710200,nh_asian__lower_middle__family_with_children__black_dominant,5
17031710200,nh_asian__lower_middle__elderly__black_dominant,2
17031710200,hispanic__lower_middle__single_no_children__black_dominant,16
17031710200,hispanic__lower_middle__family_with_children__black_dominant,27
17031710200,hispanic__lower_middle__elderly__black_dominant,11
17031710200,nh_other__lower_middle__single_no_children__black_dominant,21
17031710200,nh_other__lower_middle__family_with_children__black_dominant,16
17031710200,nh_other__lower_middle__elderly__black_dominant,9
17031710300,nh_white__lower_middle__single_no_children__black_dominant,1
17031710300,nh_white__lower_middle__family_with_children__black_dominant,1
17031710300,nh_white__lower_middle__elderly__black_dominant,1
17031710300,nh_black__lower_middle__single_no_children__black_dominant,551
17031710300,nh_black__lower_middle__family_with_children__black_dominant,482
17031710300,nh_black__lower_middle__elderly__black_dominant,344
17031710300,nh_asian__lower_middle__single_no_children__black_dominant,1
17031710300,nh_asian__lower_middle__family_with_children__black_dominant,1
17031710300,nh_asian__lower_middle__elderly__black_dominant,1
17031710300,hispanic__lower_middle__single_no_children__black_dominant,8
17031710300,hispanic__lower_middle__family_with_children__black_dominant,12
17031710300,hispanic__lower_middle__elderly__black_dominant,5
17031710300,nh_other__lower_middle__single_no_children__black_dominant,4
17031710300,nh_other__lower_middle__family_with_children__black_dominant,3
17031710300,nh_other__lower_middle__elderly__black_dominant,2
17031710400,nh_white__lower_middle__single_no_children__black_dominant,9
17031710400,nh_white__lower_middle__family_with_children__black_dominant,6
17031710400,nh_white__lower_middle__elderly__black_dominant,5
17031710400,nh_black__lower_middle__single_no_children__black_dominant,2209
17031710400,nh_black__lower_middle__family_with_children__black_dominant,1933
17031710400,nh_black__lower_middle__elderly__black_dominant,1381
17031710400,nh_asian__lower_middle__single_no_children__black_dominant,2
17031710400,nh_asian__lower_middle__family_with_children__black_dominant,2
17031710400,nh_asian__lower_middle__elderly__black_dominant,1
17031710400,hispanic__lower_middle__single_no_children__black_dominant,15
17031710400,hispanic__lower_middle__family_with_children__black_dominant,26
17031710400,hispanic__lower_middle__elderly__black_dominant,10
17031710400,nh_other__lower_middle__single_no_children__black_dominant,23
17031710400,nh_other__lower_middle__family_with_children__black_dominant,18
17031710400,nh_other__lower_middle__elderly__black_dominant,10
17031710500,nh_white__lower_middle__single_no_children__black_dominant,3
17031710500,nh_white__lower_middle__family_with_children__black_dominant,2
17031710500,nh_white__lower_middle__elderly__black_dominant,2
17031710500,nh_black__lower_middle__single_no_children__black_dominant,1612
17031710500,nh_black__lower_middle__family_with_children__black_dominant,1410
17031710500,nh_black__lower_middle__elderly__black_dominant,1007
17031710500,nh_asian__lower_middle__single_no_children__black_dominant,1
17031710500,nh_asian__lower_middle__family_with_children__black_dominant,2
17031710500,nh_asian__lower_middle__elderly__black_dominant,1
17031710500,hispanic__lower_middle__single_no_children__black_dominant,9
17031710500,hispanic__lower_middle__family_with_children__black_dominant,15
17031710500,hispanic__lower_middle__elderly__black_dominant,6
17031710500,nh_other__lower_middle__single_no_children__black_dominant,24
17031710500,nh_other__lower_middle__family_with_children__black_dominant,19
17031710500,nh_other__lower_middle__elderly__black_dominant,11
17031710600,nh_white__lower_middle__single_no_children__black_dominant,1
17031710600,nh_white__lower_middle__family_with_children__black_dominant,1
17031710600,nh_white__lower_middle__elderly__black_dominant,1
17031710600,nh_black__lower_middle__single_no_children__black_dominant,727
17031710600,nh_black__lower_middle__family_with_children__black_dominant,636
17031710600,nh_black__lower_middle__elderly__black_dominant,454
17031710600,hispanic__lower_middle__single_no_children__black_dominant,1
17031710600,hispanic__lower_middle__family_with_children__black_dominant,2
17031710600,hispanic__lower_middle__elderly__black_dominant,1
17031710600,nh_other__lower_middle__single_no_children__black_dominant,7
17031710600,nh_other__lower_middle__family_with_children__black_dominant,5
17031710600,nh_other__lower_middle__elderly__black_dominant,3
17031710700,nh_white__lower_middle__single_no_children__black_dominant,3
17031710700,nh_white__lower_middle__family_with_children__black_dominant,2
17031710700,nh_white__lower_middle__elderly__black_dominant,2
17031710700,nh_black__lower_middle__single_no_children__black_dominant,1412
17031710700,nh_black__lower_middle__family_with_children__black_dominant,1236
17031710700,nh_black__lower_middle__elderly__black_dominant,882
17031710700,nh_asian__lower_middle__single_no_children__black_dominant,1
17031710700,nh_asian__lower_middle__family_with_children__black_dominant,1
17031710700,nh_asian__lower_middle__elderly__black_dominant,1
17031710700,hispanic__lower_middle__single_no_children__black_dominant,7
17031710700,hispanic__lower_middle__family_with_children__black_dominant,12
17031710700,hispanic__lower_middle__elderly__black_dominant,5
17031710700,nh_other__lower_middle__single_no_children__black_dominant,10
17031710700,nh_other__lower_middle__family_with_children__black_dominant,8
17031710700,nh_other__lower_middle__elderly__black_dominant,4
17031243100,nh_white__high__single_no_children__mixed,490
17031243100,nh_white__high__family_with_children__mixed,245
17031243100,nh_white__high__elderly__mixed,245
17031243100,nh_black__high__single_no_children__mixed,23
17031243100,nh_black__high__family_with_children__mixed,16
17031243100,nh_black__high__elderly__mixed,13
17031243100,nh_asian__high__single_no_children__mixed,25
17031243100,nh_asian__high__family_with_children__mixed,25
17031243100,nh_asian__high__elderly__mixed,13
17031243100,hispanic__high__single_no_children__mixed,388
17031243100,hispanic__high__family_with_children__mixed,500
17031243100,hispanic__high__elderly__mixed,222
17031243100,nh_other__high__single_no_children__mixed,19
17031243100,nh_other__high__family_with_children__mixed,11
17031243100,nh_other__high__elderly__mixed,8
17031243200,nh_white__high__single_no_children__mixed,550
17031243200,nh_white__high__family_with_children__mixed,275
17031243200,nh_white__high__elderly__mixed,275
17031243200,nh_black__high__single_no_children__mixed,36
17031243200,nh_black__high__family_with_children__mixed,24
17031243200,nh_black__high__elderly__mixed,20
17031243200,nh_asian__high__single_no_children__mixed,29
17031243200,nh_asian__high__family_with_children__mixed,29
17031243200,nh_asian__high__elderly__mixed,14
17031243200,hispanic__high__single_no_children__mixed,307
17031243200,hispanic__high__family_with_children__mixed,395
17031243200,hispanic__high__elderly__mixed,175
17031243200,nh_other__high__single_no_children__mixed,21
17031243200,nh_other__high__family_with_children__mixed,13
17031243200,nh_other__high__elderly__mixed,8
17031243300,nh_white__high__single_no_children__mixed,788
17031243300,nh_white__high__family_with_children__mixed,394
17031243300,nh_white__high__elderly__mixed,394
17031243300,nh_black__high__single_no_children__mixed,16
17031243300,nh_black__high__family_with_children__mixed,10
17031243300,nh_black__high__elderly__mixed,9
17031243300,nh_asian__high__single_no_children__mixed,38
17031243300,nh_asian__high__family_with_children__mixed,38
17031243300,nh_asian__high__elderly__mixed,19
17031243300,hispanic__high__single_no_children__mixed,222
17031243300,hispanic__high__family_with_children__mixed,285
17031243300,hispanic__high__elderly__mixed,127
17031243300,nh_other__high__single_no_children__mixed,23
17031243300,nh_other__high__family_with_children__mixed,14
17031243300,nh_other__high__elderly__mixed,9
17031243400,nh_white__high__single_no_children__mixed,748
17031243400,nh_white__high__family_with_children__mixed,374
17031243400,nh_white__high__elderly__mixed,374
17031243400,nh_black__high__single_no_children__mixed,87
17031243400,nh_black__high__family_with_children__mixed,58
17031243400,nh_black__high__elderly__mixed,48
17031243400,nh_asian__high__single_no_children__mixed,34
17031243400,nh_asian__high__family_with_children__mixed,34
17031243400,nh_asian__high__elderly__mixed,17
17031243400,hispanic__high__single_no_children__mixed,408
17031243400,hispanic__high__family_with_children__mixed,525
17031243400,hispanic__high__elderly__mixed,233
17031243400,nh_other__high__single_no_children__mixed,30
17031243400,nh_other__high__family_with_children__mixed,18
17031243400,nh_other__high__elderly__mixed,12
17031243500,nh_white__high__single_no_children__mixed,995
17031243500,nh_white__high__family_with_children__mixed,498
17031243500,nh_white__high__elderly__mixed,498
17031243500,nh_black__high__single_no_children__mixed,176
17031243500,nh_black__high__family_with_children__mixed,117
17031243500,nh_black__high__elderly__mixed,98
17031243500,nh_asian__high__single_no_children__mixed,80
17031243500,nh_asian__high__family_with_children__mixed,80
17031243500,nh_asian__high__elderly__mixed,40
17031243500,hispanic__high__single_no_children__mixed,93
17031243500,hispanic__high__family_with_children__mixed,120
17031243500,hispanic__high__elderly__mixed,53
17031243500,nh_other__high__single_no_children__mixed,44
17031243500,nh_other__high__family_with_children__mixed,27
17031243500,nh_other__high__elderly__mixed,18
17031250200,nh_white__lower_middle__single_no_children__mixed,43
17031250200,nh_white__lower_middle__family_with_children__mixed,29
17031250200,nh_white__lower_middle__elderly__mixed,24
17031250200,nh_black__lower_middle__single_no_children__mixed,621
17031250200,nh_black__lower_middle__family_with_children__mixed,543
17031250200,nh_black__lower_middle__elderly__mixed,388
17031250200,nh_asian__lower_middle__single_no_children__mixed,8
17031250200,nh_asian__lower_middle__family_with_children__mixed,10
17031250200,nh_asian__lower_middle__elderly__mixed,4
17031250200,hispanic__lower_middle__single_no_children__mixed,292
17031250200,hispanic__lower_middle__family_with_children__mixed,486
17031250200,hispanic__lower_middle__elderly__mixed,194
17031250200,nh_other__lower_middle__single_no_children__mixed,12
17031250200,nh_other__lower_middle__family_with_children__mixed,9
17031250200,nh_other__lower_middle__elderly__mixed,5
17031491000,nh_white__lower_middle__single_no_children__black_dominant,6
17031491000,nh_white__lower_middle__family_with_children__black_dominant,4
17031491000,nh_white__lower_middle__elderly__black_dominant,3
17031491000,nh_black__lower_middle__single_no_children__black_dominant,2045
17031491000,nh_black__lower_middle__family_with_children__black_dominant,1789
17031491000,nh_black__lower_middle__elderly__black_dominant,1278
17031491000,hispanic__lower_middle__single_no_children__black_dominant,15
17031491000,hispanic__lower_middle__family_with_children__black_dominant,26
17031491000,hispanic__lower_middle__elderly__black_dominant,10
17031491000,nh_other__lower_middle__single_no_children__black_dominant,32
17031491000,nh_other__lower_middle__family_with_children__black_dominant,25
17031491000,nh_other__lower_middle__elderly__black_dominant,14
17031491100,nh_white__lower_middle__single_no_children__black_dominant,14
17031491100,nh_white__lower_middle__family_with_children__black_dominant,9
17031491100,nh_white__lower_middle__elderly__black_dominant,8
17031491100,nh_black__lower_middle__single_no_children__black_dominant,1757
17031491100,nh_black__lower_middle__family_with_children__black_dominant,1538
17031491100,nh_black__lower_middle__elderly__black_dominant,1098
17031491100,nh_asian__lower_middle__single_no_children__black_dominant,3
17031491100,nh_asian__lower_middle__family_with_children__black_dominant,4
17031491100,nh_asian__lower_middle__elderly__black_dominant,2
17031491100,hispanic__lower_middle__single_no_children__black_dominant,13
17031491100,hispanic__lower_middle__family_with_children__black_dominant,22
17031491100,hispanic__lower_middle__elderly__black_dominant,9
17031491100,nh_other__lower_middle__single_no_children__black_dominant,18
17031491100,nh_other__lower_middle__family_with_children__black_dominant,14
17031491100,nh_other__lower_middle__elderly__black_dominant,8
17031491200,nh_white__lower_middle__single_no_children__black_dominant,8
17031491200,nh_white__lower_middle__family_with_children__black_dominant,5
17031491200,nh_white__lower_middle__elderly__black_dominant,4
17031491200,nh_black__lower_middle__single_no_children__black_dominant,948
17031491200,nh_black__lower_middle__family_with_children__black_dominant,830
17031491200,nh_black__lower_middle__elderly__black_dominant,593
17031491200,hispanic__lower_middle__single_no_children__black_dominant,11
17031491200,hispanic__lower_middle__family_with_children__black_dominant,18
17031491200,hispanic__lower_middle__elderly__black_dominant,7
17031491200,nh_other__lower_middle__single_no_children__black_dominant,9
17031491200,nh_other__lower_middle__family_with_children__black_dominant,7
17031491200,nh_other__lower_middle__elderly__black_dominant,4
17031510100,nh_white__low__single_no_children__hispanic_dominant,179
17031510100,nh_white__low__family_with_children__hispanic_dominant,149
17031510100,nh_white__low__elderly__hispanic_dominant,98
17031510100,nh_black__low__single_no_children__hispanic_dominant,82
17031510100,nh_black__low__family_with_children__hispanic_dominant,88
17031510100,nh_black__low__elderly__hispanic_dominant,51
17031510100,nh_asian__low__single_no_children__hispanic_dominant,4
17031510100,nh_asian__low__family_with_children__hispanic_dominant,6
17031510100,nh_asian__low__elderly__hispanic_dominant,2
17031510100,hispanic__low__single_no_children__hispanic_dominant,769
17031510100,hispanic__low__family_with_children__hispanic_dominant,1566
17031510100,hispanic__low__elderly__hispanic_dominant,513
17031510100,nh_other__low__single_no_children__hispanic_dominant,11
17031510100,nh_other__low__family_with_children__hispanic_dominant,10
17031510100,nh_other__low__elderly__hispanic_dominant,5
17031510200,nh_white__low__single_no_children__black_dominant,66
17031510200,nh_white__low__family_with_children__black_dominant,55
17031510200,nh_white__low__elderly__black_dominant,36
17031510200,nh_black__low__single_no_children__black_dominant,818
17031510200,nh_black__low__family_with_children__black_dominant,884
17031510200,nh_black__low__elderly__black_dominant,509
17031510200,nh_asian__low__single_no_children__black_dominant,1
17031510200,nh_asian__low__family_with_children__black_dominant,1
17031510200,nh_asian__low__elderly__black_dominant,1
17031510200,hispanic__low__single_no_children__black_dominant,155
17031510200,hispanic__low__family_with_children__black_dominant,316
17031510200,hispanic__low__elderly__black_dominant,104
17031510200,nh_other__low__single_no_children__black_dominant,17
17031510200,nh_other__low__family_with_children__black_dominant,16
17031510200,nh_other__low__elderly__black_dominant,7
17031520200,nh_white__lower_middle__single_no_children__hispanic_dominant,124
17031520200,nh_white__lower_middle__family_with_children__hispanic_dominant,82
17031520200,nh_white__lower_middle__elderly__hispanic_dominant,69
17031520200,nh_black__lower_middle__single_no_children__hispanic_dominant,148
17031520200,nh_black__lower_middle__family_with_children__hispanic_dominant,130
17031520200,nh_black__lower_middle__elderly__hispanic_dominant,92
17031520200,nh_asian__lower_middle__single_no_children__hispanic_dominant,2
17031520200,nh_asian__lower_middle__family_with_children__hispanic_dominant,3
17031520200,nh_asian__lower_middle__elderly__hispanic_dominant,1
17031520200,hispanic__lower_middle__single_no_children__hispanic_dominant,937
17031520200,hispanic__lower_middle__family_with_children__hispanic_dominant,1561
17031520200,hispanic__lower_middle__elderly__hispanic_dominant,624
17031520200,nh_other__lower_middle__single_no_children__hispanic_dominant,20
17031520200,nh_other__lower_middle__family_with_children__hispanic_dominant,15
17031520200,nh_other__lower_middle__elderly__hispanic_dominant,9
17031710800,nh_white__lower_middle__single_no_children__black_dominant,5
17031710800,nh_white__lower_middle__family_with_children__black_dominant,3
17031710800,nh_white__lower_middle__elderly__black_dominant,3
17031710800,nh_black__lower_middle__single_no_children__black_dominant,2093
17031710800,nh_black__lower_middle__family_with_children__black_dominant,1831
17031710800,nh_black__lower_middle__elderly__black_dominant,1308
17031710800,hispanic__lower_middle__single_no_children__black_dominant,16
17031710800,hispanic__lower_middle__family_with_children__black_dominant,28
17031710800,hispanic__lower_middle__elderly__black_dominant,11
17031710800,nh_other__lower_middle__single_no_children__black_dominant,18
17031710800,nh_other__lower_middle__family_with_children__black_dominant,14
17031710800,nh_other__lower_middle__elderly__black_dominant,8
17031710900,nh_white__lower_middle__single_no_children__black_dominant,3
17031710900,nh_white__lower_middle__family_with_children__black_dominant,2
17031710900,nh_white__lower_middle__elderly__black_dominant,2
17031710900,nh_black__lower_middle__single_no_children__black_dominant,854
17031710900,nh_black__lower_middle__family_with_children__black_dominant,748
17031710900,nh_black__lower_middle__elderly__black_dominant,534
17031710900,hispanic__lower_middle__single_no_children__black_dominant,12
17031710900,hispanic__lower_middle__family_with_children__black_dominant,20
17031710900,hispanic__lower_middle__elderly__black_dominant,8
17031710900,nh_other__lower_middle__single_no_children__black_dominant,7
17031710900,nh_other__lower_middle__family_with_children__black_dominant,6
17031710900,nh_other__lower_middle__elderly__black_dominant,3
17031711000,nh_white__lower_middle__single_no_children__black_dominant,7
17031711000,nh_white__lower_middle__family_with_children__black_dominant,4
17031711000,nh_white__lower_middle__elderly__black_dominant,4
17031711000,nh_black__lower_middle__single_no_children__black_dominant,1358
17031711000,nh_black__lower_middle__family_with_children__black_dominant,1188
17031711000,nh_black__lower_middle__elderly__black_dominant,849
17031711000,nh_asian__lower_middle__single_no_children__black_dominant,1
17031711000,nh_asian__lower_middle__family_with_children__black_dominant,1
17031711000,nh_asian__lower_middle__elderly__black_dominant,1
17031711000,hispanic__lower_middle__single_no_children__black_dominant,8
17031711000,hispanic__lower_middle__family_with_children__black_dominant,13
17031711000,hispanic__lower_middle__elderly__black_dominant,5
17031711000,nh_other__lower_middle__single_no_children__black_dominant,17
17031711000,nh_other__lower_middle__family_with_children__black_dominant,13
17031711000,nh_other__lower_middle__elderly__black_dominant,8
17031711100,nh_white__lower_middle__single_no_children__black_dominant,2
17031711100,nh_white__lower_middle__family_with_children__black_dominant,2
17031711100,nh_white__lower_middle__elderly__black_dominant,1
17031711100,nh_black__lower_middle__single_no_children__black_dominant,1103
17031711100,nh_black__lower_middle__family_with_children__black_dominant,965
17031711100,nh_black__lower_middle__elderly__black_dominant,689
17031711100,hispanic__lower_middle__single_no_children__black_dominant,10
17031711100,hispanic__lower_middle__family_with_children__black_dominant,17
17031711100,hispanic__lower_middle__elderly__black_dominant,7
17031711100,nh_other__lower_middle__single_no_children__black_dominant,18
17031711100,nh_other__lower_middle__family_with_children__black_dominant,14
17031711100,nh_other__lower_middle__elderly__black_dominant,8
17031711200,nh_white__lower_middle__single_no_children__black_dominant,4
17031711200,nh_white__lower_middle__family_with_children__black_dominant,3
17031711200,nh_white__lower_middle__elderly__black_dominant,2
17031711200,nh_black__lower_middle__single_no_children__black_dominant,2019
17031711200,nh_black__lower_middle__family_with_children__black_dominant,1767
17031711200,nh_black__lower_middle__elderly__black_dominant,1262
17031711200,nh_asian__lower_middle__single_no_children__black_dominant,2
17031711200,nh_asian__lower_middle__family_with_children__black_dominant,3
17031711200,nh_asian__lower_middle__elderly__black_dominant,1
17031711200,hispanic__lower_middle__single_no_children__black_dominant,9
17031711200,hispanic__lower_middle__family_with_children__black_dominant,14
17031711200,hispanic__lower_middle__elderly__black_dominant,6
17031711200,nh_other__lower_middle__single_no_children__black_dominant,23
17031711200,nh_other__lower_middle__family_with_children__black_dominant,18
17031711200,nh_other__lower_middle__elderly__black_dominant,10
17031711300,nh_white__lower_middle__single_no_children__black_dominant,2
17031711300,nh_white__lower_middle__family_with_children__black_dominant,1
17031711300,nh_white__lower_middle__elderly__black_dominant,1
17031711300,nh_black__lower_middle__single_no_children__black_dominant,629
17031711300,nh_black__lower_middle__family_with_children__black_dominant,551
17031711300,nh_black__lower_middle__elderly__black_dominant,393
17031711300,nh_asian__lower_middle__single_no_children__black_dominant,1
17031711300,nh_asian__lower_middle__family_with_children__black_dominant,1
17031711300,nh_asian__lower_middle__elderly__black_dominant,1
17031711300,hispanic__lower_middle__single_no_children__black_dominant,6
17031711300,hispanic__lower_middle__family_with_children__black_dominant,10
17031711300,hispanic__lower_middle__elderly__black_dominant,4
17031711300,nh_other__lower_middle__single_no_children__black_dominant,13
17031711300,nh_other__lower_middle__family_with_children__black_dominant,10
17031711300,nh_other__lower_middle__elderly__black_dominant,6
17031711400,nh_white__lower_middle__single_no_children__black_dominant,3
17031711400,nh_white__lower_middle__family_with_children__black_dominant,2
17031711400,nh_white__lower_middle__elderly__black_dominant,2
17031711400,nh_black__lower_middle__single_no_children__black_dominant,1042
17031711400,nh_black__lower_middle__family_with_children__black_dominant,912
17031711400,nh_black__lower_middle__elderly__black_dominant,652
17031711400,hispanic__lower_middle__single_no_children__black_dominant,9
17031711400,hispanic__lower_middle__family_with_children__black_dominant,16
17031711400,hispanic__lower_middle__elderly__black_dominant,6
17031711400,nh_other__lower_middle__single_no_children__black_dominant,4
17031711400,nh_other__lower_middle__family_with_children__black_dominant,4
17031711400,nh_other__lower_middle__elderly__black_dominant,2
17031010202,nh_white__upper_middle__single_no_children__mixed,378
17031010202,nh_white__upper_middle__family_with_children__mixed,252
17031010202,nh_white__upper_middle__elderly__mixed,210
17031010202,nh_black__upper_middle__single_no_children__mixed,374
17031010202,nh_black__upper_middle__family_with_children__mixed,327
17031010202,nh_black__upper_middle__elderly__mixed,234
17031010202,nh_asian__upper_middle__single_no_children__mixed,49
17031010202,nh_asian__upper_middle__family_with_children__mixed,63
17031010202,nh_asian__upper_middle__elderly__mixed,28
17031010202,hispanic__upper_middle__single_no_children__mixed,237
17031010202,hispanic__upper_middle__family_with_children__mixed,394
17031010202,hispanic__upper_middle__elderly__mixed,158
17031010202,nh_other__upper_middle__single_no_children__mixed,52
17031010202,nh_other__upper_middle__family_with_children__mixed,41
17031010202,nh_other__upper_middle__elderly__mixed,23
17031061902,nh_white__high__single_no_children__white_dominant,1722
17031061902,nh_white__high__family_with_children__white_dominant,861
17031061902,nh_white__high__elderly__white_dominant,861
17031061902,nh_black__high__single_no_children__white_dominant,68
17031061902,nh_black__high__family_with_children__white_dominant,45
17031061902,nh_black__high__elderly__white_dominant,38
17031061902,nh_asian__high__single_no_children__white_dominant,115
17031061902,nh_asian__high__family_with_children__white_dominant,115
17031061902,nh_asian__high__elderly__white_dominant,58
17031061902,hispanic__high__single_no_children__white_dominant,92
17031061902,hispanic__high__family_with_children__white_dominant,119
17031061902,hispanic__high__elderly__white_dominant,53
17031061902,nh_other__high__single_no_children__white_dominant,46
17031061902,nh_other__high__family_with_children__white_dominant,28
17031061902,nh_other__high__elderly__white_dominant,19
17031030200,nh_white__upper_middle__single_no_children__mixed,1614
17031030200,nh_white__upper_middle__family_with_children__mixed,1076
17031030200,nh_white__upper_middle__elderly__mixed,897
17031030200,nh_black__upper_middle__single_no_children__mixed,178
17031030200,nh_black__upper_middle__family_with_children__mixed,156
17031030200,nh_black__upper_middle__elderly__mixed,112
17031030200,nh_asian__upper_middle__single_no_children__mixed,149
17031030200,nh_asian__upper_middle__family_with_children__mixed,191
17031030200,nh_asian__upper_middle__elderly__mixed,85
17031030200,hispanic__upper_middle__single_no_children__mixed,223
17031030200,hispanic__upper_middle__family_with_children__mixed,372
17031030200,hispanic__upper_middle__elderly__mixed,149
17031030200,nh_other__upper_middle__single_no_children__mixed,76
17031030200,nh_other__upper_middle__family_with_children__mixed,59
17031030200,nh_other__upper_middle__elderly__mixed,34
17031030300,nh_white__upper_middle__single_no_children__mixed,525
17031030300,nh_white__upper_middle__family_with_children__mixed,350
17031030300,nh_white__upper_middle__elderly__mixed,292
17031030300,nh_black__upper_middle__single_no_children__mixed,166
17031030300,nh_black__upper_middle__family_with_children__mixed,145
17031030300,nh_black__upper_middle__elderly__mixed,104
17031030300,nh_asian__upper_middle__single_no_children__mixed,153
17031030300,nh_asian__upper_middle__family_with_children__mixed,197
17031030300,nh_asian__upper_middle__elderly__mixed,87
17031030300,hispanic__upper_middle__single_no_children__mixed,366
17031030300,hispanic__upper_middle__family_with_children__mixed,610
17031030300,hispanic__upper_middle__elderly__mixed,244
17031030300,nh_other__upper_middle__single_no_children__mixed,38
17031030300,nh_other__upper_middle__family_with_children__mixed,29
17031030300,nh_other__upper_middle__elderly__mixed,17
17031030400,nh_white__upper_middle__single_no_children__mixed,586
17031030400,nh_white__upper_middle__family_with_children__mixed,391
17031030400,nh_white__upper_middle__elderly__mixed,326
17031030400,nh_black__upper_middle__single_no_children__mixed,74
17031030400,nh_black__upper_middle__family_with_children__mixed,65
17031030400,nh_black__upper_middle__elderly__mixed,46
17031030400,nh_asian__upper_middle__single_no_children__mixed,96
17031030400,nh_asian__upper_middle__family_with_children__mixed,123
17031030400,nh_asian__upper_middle__elderly__mixed,55
17031030400,hispanic__upper_middle__single_no_children__mixed,256
17031030400,hispanic__upper_middle__family_with_children__mixed,426
17031030400,hispanic__upper_middle__elderly__mixed,170
17031030400,nh_other__upper_middle__single_no_children__mixed,32
17031030400,nh_other__upper_middle__family_with_children__mixed,25
17031030400,nh_other__upper_middle__elderly__mixed,14
17031030500,nh_white__upper_middle__single_no_children__mixed,1613
17031030500,nh_white__upper_middle__family_with_children__mixed,1076
17031030500,nh_white__upper_middle__elderly__mixed,896
17031030500,nh_black__upper_middle__single_no_children__mixed,206
17031030500,nh_black__upper_middle__family_with_children__mixed,180
17031030500,nh_black__upper_middle__elderly__mixed,129
17031030500,nh_asian__upper_middle__single_no_children__mixed,175
17031030500,nh_asian__upper_middle__family_with_children__mixed,225
17031030500,nh_asian__upper_middle__elderly__mixed,100
17031030500,hispanic__upper_middle__single_no_children__mixed,488
17031030500,hispanic__upper_middle__family_with_children__mixed,813
17031030500,hispanic__upper_middle__elderly__mixed,325
17031030500,nh_other__upper_middle__single_no_children__mixed,76
17031030500,nh_other__upper_middle__family_with_children__mixed,59
17031030500,nh_other__upper_middle__elderly__mixed,34
17031030800,nh_white__upper_middle__single_no_children__white_dominant,1376
17031030800,nh_white__upper_middle__family_with_children__white_dominant,917
17031030800,nh_white__upper_middle__elderly__white_dominant,764
17031030800,nh_black__upper_middle__single_no_children__white_dominant,74
17031030800,nh_black__upper_middle__family_with_children__white_dominant,65
17031030800,nh_black__upper_middle__elderly__white_dominant,46
17031030800,nh_asian__upper_middle__single_no_children__white_dominant,163
17031030800,nh_asian__upper_middle__family_with_children__white_dominant,210
17031030800,nh_asian__upper_middle__elderly__white_dominant,93
17031030800,hispanic__upper_middle__single_no_children__white_dominant,143
17031030800,hispanic__upper_middle__family_with_children__white_dominant,239
17031030800,hispanic__upper_middle__elderly__white_dominant,96
17031030800,nh_other__upper_middle__single_no_children__white_dominant,62
17031030800,nh_other__upper_middle__family_with_children__white_dominant,48
17031030800,nh_other__upper_middle__elderly__white_dominant,28
17031030900,nh_white__upper_middle__single_no_children__mixed,840
17031030900,nh_white__upper_middle__family_with_children__mixed,560
17031030900,nh_white__upper_middle__elderly__mixed,466
17031030900,nh_black__upper_middle__single_no_children__mixed,43
17031030900,nh_black__upper_middle__family_with_children__mixed,38
17031030900,nh_black__upper_middle__elderly__mixed,27
17031030900,nh_asian__upper_middle__single_no_children__mixed,108
17031030900,nh_asian__upper_middle__family_with_children__mixed,139
17031030900,nh_asian__upper_middle__elderly__mixed,62
17031030900,hispanic__upper_middle__single_no_children__mixed,201
17031030900,hispanic__upper_middle__family_with_children__mixed,336
17031030900,hispanic__upper_middle__elderly__mixed,134
17031030900,nh_other__upper_middle__single_no_children__mixed,34
17031030900,nh_other__upper_middle__family_with_children__mixed,26
17031030900,nh_other__upper_middle__elderly__mixed,15
17031250300,nh_white__lower_middle__single_no_children__black_dominant,37
17031250300,nh_white__lower_middle__family_with_children__black_dominant,25
17031250300,nh_white__lower_middle__elderly__black_dominant,20
17031250300,nh_black__lower_middle__single_no_children__black_dominant,1406
17031250300,nh_black__lower_middle__family_with_children__black_dominant,1231
17031250300,nh_black__lower_middle__elderly__black_dominant,879
17031250300,nh_asian__lower_middle__single_no_children__black_dominant,16
17031250300,nh_asian__lower_middle__family_with_children__black_dominant,21
17031250300,nh_asian__lower_middle__elderly__black_dominant,9
17031250300,hispanic__lower_middle__single_no_children__black_dominant,307
17031250300,hispanic__lower_middle__family_with_children__black_dominant,512
17031250300,hispanic__lower_middle__elderly__black_dominant,205
17031250300,nh_other__lower_middle__single_no_children__black_dominant,25
17031250300,nh_other__lower_middle__family_with_children__black_dominant,20
17031250300,nh_other__lower_middle__elderly__black_dominant,11
17031250400,nh_white__lower_middle__single_no_children__black_dominant,47
17031250400,nh_white__lower_middle__family_with_children__black_dominant,31
17031250400,nh_white__lower_middle__elderly__black_dominant,26
17031250400,nh_black__lower_middle__single_no_children__black_dominant,1974
17031250400,nh_black__lower_middle__family_with_children__black_dominant,1727
17031250400,nh_black__lower_middle__elderly__black_dominant,1234
17031250400,nh_asian__lower_middle__single_no_children__black_dominant,3
17031250400,nh_asian__lower_middle__family_with_children__black_dominant,4
17031250400,nh_asian__lower_middle__elderly__black_dominant,2
17031250400,hispanic__lower_middle__single_no_children__black_dominant,234
17031250400,hispanic__lower_middle__family_with_children__black_dominant,390
17031250400,hispanic__lower_middle__elderly__black_dominant,156
17031250400,nh_other__lower_middle__single_no_children__black_dominant,27
17031250400,nh_other__lower_middle__family_with_children__black_dominant,21
17031250400,nh_other__lower_middle__elderly__black_dominant,12
17031250500,nh_white__lower_middle__single_no_children__mixed,1328
17031250500,nh_white__lower_middle__family_with_children__mixed,885
17031250500,nh_white__lower_middle__elderly__mixed,738
17031250500,nh_black__lower_middle__single_no_children__mixed,929
17031250500,nh_black__lower_middle__family_with_children__mixed,813
17031250500,nh_black__lower_middle__elderly__mixed,580
17031250500,nh_asian__lower_middle__single_no_children__mixed,84
17031250500,nh_asian__lower_middle__family_with_children__mixed,108
17031250500,nh_asian__lower_middle__elderly__mixed,48
17031250500,hispanic__lower_middle__single_no_children__mixed,563
17031250500,hispanic__lower_middle__family_with_children__mixed,939
17031250500,hispanic__lower_middle__elderly__mixed,376
17031250500,nh_other__lower_middle__single_no_children__mixed,66
17031250500,nh_other__lower_middle__family_with_children__mixed,51
17031250500,nh_other__lower_middle__elderly__mixed,29
17031250600,nh_white__lower_middle__single_no_children__black_dominant,24
17031250600,nh_white__lower_middle__family_with_children__black_dominant,16
17031250600,nh_white__lower_middle__elderly__black_dominant,13
17031250600,nh_black__lower_middle__single_no_children__black_dominant,1585
17031250600,nh_black__lower_middle__family_with_children__black_dominant,1387
17031250600,nh_black__lower_middle__elderly__black_dominant,991
17031250600,nh_asian__lower_middle__single_no_children__black_dominant,9
17031250600,nh_asian__lower_middle__family_with_children__black_dominant,11
17031250600,nh_asian__lower_middle__elderly__black_dominant,5
17031250600,hispanic__lower_middle__single_no_children__black_dominant,101
17031250600,hispanic__lower_middle__family_with_children__black_dominant,168
17031250600,hispanic__lower_middle__elderly__black_dominant,67
17031250600,nh_other__lower_middle__single_no_children__black_dominant,20
17031250600,nh_other__lower_middle__family_with_children__black_dominant,15
17031250600,nh_other__lower_middle__elderly__black_dominant,9
17031250700,nh_white__lower_middle__single_no_children__black_dominant,18
17031250700,nh_white__lower_middle__family_with_children__black_dominant,12
17031250700,nh_white__lower_middle__elderly__black_dominant,10
17031250700,nh_black__lower_middle__single_no_children__black_dominant,2262
17031250700,nh_black__lower_middle__family_with_children__black_dominant,1980
17031250700,nh_black__lower_middle__elderly__black_dominant,1414
17031250700,nh_asian__lower_middle__single_no_children__black_dominant,5
17031250700,nh_asian__lower_middle__family_with_children__black_dominant,6
17031250700,nh_asian__lower_middle__elderly__black_dominant,3
17031250700,hispanic__lower_middle__single_no_children__black_dominant,104
17031250700,hispanic__lower_middle__family_with_children__black_dominant,174
17031250700,hispanic__lower_middle__elderly__black_dominant,70
17031250700,nh_other__lower_middle__single_no_children__black_dominant,18
17031250700,nh_other__lower_middle__family_with_children__black_dominant,14
17031250700,nh_other__lower_middle__elderly__black_dominant,8
17031250800,nh_white__lower_middle__single_no_children__black_dominant,6
17031250800,nh_white__lower_middle__family_with_children__black_dominant,4
17031250800,nh_white__lower_middle__elderly__black_dominant,4
17031250800,nh_black__lower_middle__single_no_children__black_dominant,816
17031250800,nh_black__lower_middle__family_with_children__black_dominant,714
17031250800,nh_black__lower_middle__elderly__black_dominant,510
17031250800,nh_asian__lower_middle__single_no_children__black_dominant,7
17031250800,nh_asian__lower_middle__family_with_children__black_dominant,9
17031250800,nh_asian__lower_middle__elderly__black_dominant,4
17031250800,hispanic__lower_middle__single_no_children__black_dominant,118
17031250800,hispanic__lower_middle__family_with_children__black_dominant,196
17031250800,hispanic__lower_middle__elderly__black_dominant,79
17031250800,nh_other__lower_middle__single_no_children__black_dominant,9
17031250800,nh_other__lower_middle__family_with_children__black_dominant,7
17031250800,nh_other__lower_middle__elderly__black_dominant,4
17031500300,nh_white__lower_middle__single_no_children__mixed,220
17031500300,nh_white__lower_middle__family_with_children__mixed,147
17031500300,nh_white__lower_middle__elderly__mixed,122
17031500300,nh_black__lower_middle__single_no_children__mixed,255
17031500300,nh_black__lower_middle__family_with_children__mixed,223
17031500300,nh_black__lower_middle__elderly__mixed,160
17031500300,nh_asian__lower_middle__single_no_children__mixed,1
17031500300,nh_asian__lower_middle__family_with_children__mixed,1
17031500300,nh_asian__lower_middle__elderly__mixed,1
17031500300,hispanic__lower_middle__single_no_children__mixed,149
17031500300,hispanic__lower_middle__family_with_children__mixed,248
17031500300,hispanic__lower_middle__elderly__mixed,99
17031500300,nh_other__lower_middle__single_no_children__mixed,18
17031500300,nh_other__lower_middle__family_with_children__mixed,14
17031500300,nh_other__lower_middle__elderly__mixed,8
17031520300,nh_white__lower_middle__single_no_children__hispanic_dominant,341
17031520300,nh_white__lower_middle__family_with_children__hispanic_dominant,227
17031520300,nh_white__lower_middle__elderly__hispanic_dominant,190
17031520300,nh_black__lower_middle__single_no_children__hispanic_dominant,45
17031520300,nh_black__lower_middle__family_with_children__hispanic_dominant,39
17031520300,nh_black__lower_middle__elderly__hispanic_dominant,28
17031520300,nh_asian__lower_middle__single_no_children__hispanic_dominant,4
17031520300,nh_asian__lower_middle__family_with_children__hispanic_dominant,4
17031520300,nh_asian__lower_middle__elderly__hispanic_dominant,2
17031520300,hispanic__lower_middle__single_no_children__hispanic_dominant,1591
17031520300,hispanic__lower_middle__family_with_children__hispanic_dominant,2651
17031520300,hispanic__lower_middle__elderly__hispanic_dominant,1060
17031520300,nh_other__lower_middle__single_no_children__hispanic_dominant,15
17031520300,nh_other__lower_middle__family_with_children__hispanic_dominant,12
17031520300,nh_other__lower_middle__elderly__hispanic_dominant,7
17031520600,nh_white__lower_middle__single_no_children__hispanic_dominant,264
17031520600,nh_white__lower_middle__family_with_children__hispanic_dominant,176
17031520600,nh_white__lower_middle__elderly__hispanic_dominant,147
17031520600,nh_black__lower_middle__single_no_children__hispanic_dominant,22
17031520600,nh_black__lower_middle__family_with_children__hispanic_dominant,19
17031520600,nh_black__lower_middle__elderly__hispanic_dominant,14
17031520600,nh_asian__lower_middle__single_no_children__hispanic_dominant,5
17031520600,nh_asian__lower_middle__family_with_children__hispanic_dominant,6
17031520600,nh_asian__lower_middle__elderly__hispanic_dominant,3
17031520600,hispanic__lower_middle__single_no_children__hispanic_dominant,562
17031520600,hispanic__lower_middle__family_with_children__hispanic_dominant,936
17031520600,hispanic__lower_middle__elderly__hispanic_dominant,375
17031520600,nh_other__lower_middle__single_no_children__hispanic_dominant,7
17031520600,nh_other__lower_middle__family_with_children__hispanic_dominant,6
17031520600,nh_other__lower_middle__elderly__hispanic_dominant,3
17031560100,nh_white__upper_middle__single_no_children__mixed,85
17031560100,nh_white__upper_middle__family_with_children__mixed,56
17031560100,nh_white__upper_middle__elderly__mixed,47
17031560100,nh_black__upper_middle__single_no_children__mixed,101
17031560100,nh_black__upper_middle__family_with_children__mixed,88
17031560100,nh_black__upper_middle__elderly__mixed,63
17031560100,nh_asian__upper_middle__single_no_children__mixed,25
17031560100,nh_asian__upper_middle__family_with_children__mixed,32
17031560100,nh_asian__upper_middle__elderly__mixed,14
17031560100,hispanic__upper_middle__single_no_children__mixed,282
17031560100,hispanic__upper_middle__family_with_children__mixed,470
17031560100,hispanic__upper_middle__elderly__mixed,188
17031560100,nh_other__upper_middle__single_no_children__mixed,9
17031560100,nh_other__upper_middle__family_with_children__mixed,7
17031560100,nh_other__upper_middle__elderly__mixed,4
17031560200,nh_white__upper_middle__single_no_children__black_dominant,4
17031560200,nh_white__upper_middle__family_with_children__black_dominant,2
17031560200,nh_white__upper_middle__elderly__black_dominant,2
17031560200,nh_black__upper_middle__single_no_children__black_dominant,596
17031560200,nh_black__upper_middle__family_with_children__black_dominant,522
17031560200,nh_black__upper_middle__elderly__black_dominant,373
17031560200,hispanic__upper_middle__single_no_children__black_dominant,64
17031560200,hispanic__upper_middle__family_with_children__black_dominant,107
17031560200,hispanic__upper_middle__elderly__black_dominant,43
17031560200,nh_other__upper_middle__single_no_children__black_dominant,4
17031560200,nh_other__upper_middle__family_with_children__black_dominant,3
17031560200,nh_other__upper_middle__elderly__black_dominant,2
17031560300,nh_white__upper_middle__single_no_children__mixed,455
17031560300,nh_white__upper_middle__family_with_children__mixed,304
17031560300,nh_white__upper_middle__elderly__mixed,253
17031560300,nh_black__upper_middle__single_no_children__mixed,54
17031560300,nh_black__upper_middle__family_with_children__mixed,47
17031560300,nh_black__upper_middle__elderly__mixed,34
17031560300,nh_asian__upper_middle__single_no_children__mixed,23
17031560300,nh_asian__upper_middle__family_with_children__mixed,30
17031560300,nh_asian__upper_middle__elderly__mixed,13
17031560300,hispanic__upper_middle__single_no_children__mixed,590
17031560300,hispanic__upper_middle__family_with_children__mixed,983
17031560300,hispanic__upper_middle__elderly__mixed,393
17031560300,nh_other__upper_middle__single_no_children__mixed,3
17031560300,nh_other__upper_middle__family_with_children__mixed,2
17031560300,nh_other__upper_middle__elderly__mixed,1
17031560400,nh_white__upper_middle__single_no_children__mixed,182
17031560400,nh_white__upper_middle__family_with_children__mixed,122
17031560400,nh_white__upper_middle__elderly__mixed,101
17031560400,nh_black__upper_middle__single_no_children__mixed,5
17031560400,nh_black__upper_middle__family_with_children__mixed,4
17031560400,nh_black__upper_middle__elderly__mixed,3
17031560400,nh_asian__upper_middle__single_no_children__mixed,12
17031560400,nh_asian__upper_middle__family_with_children__mixed,15
17031560400,nh_asian__upper_middle__elderly__mixed,7
17031560400,hispanic__upper_middle__single_no_children__mixed,316
17031560400,hispanic__upper_middle__family_with_children__mixed,526
17031560400,hispanic__upper_middle__elderly__mixed,211
17031560400,nh_other__upper_middle__single_no_children__mixed,5
17031560400,nh_other__upper_middle__family_with_children__mixed,4
17031560400,nh_other__upper_middle__elderly__mixed,2
17031560700,nh_white__upper_middle__single_no_children__mixed,744
17031560700,nh_white__upper_middle__family_with_children__mixed,496
17031560700,nh_white__upper_middle__elderly__mixed,413
17031560700,nh_black__upper_middle__single_no_children__mixed,11
17031560700,nh_black__upper_middle__family_with_children__mixed,10
17031560700,nh_black__upper_middle__elderly__mixed,7
17031560700,nh_asian__upper_middle__single_no_children__mixed,12
17031560700,nh_asian__upper_middle__family_with_children__mixed,15
17031560700,nh_asian__upper_middle__elderly__mixed,7
17031560700,hispanic__upper_middle__single_no_children__mixed,526
17031560700,hispanic__upper_middle__family_with_children__mixed,876
17031560700,hispanic__upper_middle__elderly__mixed,351
17031560700,nh_other__upper_middle__single_no_children__mixed,8
17031560700,nh_other__upper_middle__family_with_children__mixed,6
17031560700,nh_other__upper_middle__elderly__mixed,3
17031711500,nh_white__lower_middle__single_no_children__black_dominant,5
17031711500,nh_white__lower_middle__family_with_children__black_dominant,4
17031711500,nh_white__lower_middle__elderly__black_dominant,3
17031711500,nh_black__lower_middle__single_no_children__black_dominant,998
17031711500,nh_black__lower_middle__family_with_children__black_dominant,873
17031711500,nh_black__lower_middle__elderly__black_dominant,624
17031711500,hispanic__lower_middle__single_no_children__black_dominant,4
17031711500,hispanic__lower_middle__family_with_children__black_dominant,8
17031711500,hispanic__lower_middle__elderly__black_dominant,3
17031711500,nh_other__lower_middle__single_no_children__black_dominant,8
17031711500,nh_other__lower_middle__family_with_children__black_dominant,6
17031711500,nh_other__lower_middle__elderly__black_dominant,4
17031720100,nh_white__high__single_no_children__mixed,990
17031720100,nh_white__high__family_with_children__mixed,495
17031720100,nh_white__high__elderly__mixed,495
17031720100,nh_black__high__single_no_children__mixed,495
17031720100,nh_black__high__family_with_children__mixed,330
17031720100,nh_black__high__elderly__mixed,275
17031720100,nh_asian__high__single_no_children__mixed,5
17031720100,nh_asian__high__family_with_children__mixed,5
17031720100,nh_asian__high__elderly__mixed,3
17031720100,hispanic__high__single_no_children__mixed,52
17031720100,hispanic__high__family_with_children__mixed,67
17031720100,hispanic__high__elderly__mixed,30
17031720100,nh_other__high__single_no_children__mixed,30
17031720100,nh_other__high__family_with_children__mixed,18
17031720100,nh_other__high__elderly__mixed,12
17031720200,nh_white__high__single_no_children__mixed,748
17031720200,nh_white__high__family_with_children__mixed,374
17031720200,nh_white__high__elderly__mixed,374
17031720200,nh_black__high__single_no_children__mixed,1002
17031720200,nh_black__high__family_with_children__mixed,668
17031720200,nh_black__high__elderly__mixed,557
17031720200,nh_asian__high__single_no_children__mixed,7
17031720200,nh_asian__high__family_with_children__mixed,7
17031720200,nh_asian__high__elderly__mixed,4
17031720200,hispanic__high__single_no_children__mixed,58
17031720200,hispanic__high__family_with_children__mixed,75
17031720200,hispanic__high__elderly__mixed,33
17031720200,nh_other__high__single_no_children__mixed,54
17031720200,nh_other__high__family_with_children__mixed,33
17031720200,nh_other__high__elderly__mixed,22
17031720300,nh_white__high__single_no_children__mixed,1170
17031720300,nh_white__high__family_with_children__mixed,585
17031720300,nh_white__high__elderly__mixed,585
17031720300,nh_black__high__single_no_children__mixed,488
17031720300,nh_black__high__family_with_children__mixed,325
17031720300,nh_black__high__elderly__mixed,271
17031720300,nh_asian__high__single_no_children__mixed,14
17031720300,nh_asian__high__family_with_children__mixed,14
17031720300,nh_asian__high__elderly__mixed,7
17031720300,hispanic__high__single_no_children__mixed,69
17031720300,hispanic__high__family_with_children__mixed,89
17031720300,hispanic__high__elderly__mixed,39
17031720300,nh_other__high__single_no_children__mixed,34
17031720300,nh_other__high__family_with_children__mixed,20
17031720300,nh_other__high__elderly__mixed,13
17031720600,nh_white__high__single_no_children__white_dominant,676
17031720600,nh_white__high__family_with_children__white_dominant,338
17031720600,nh_white__high__elderly__white_dominant,338
17031720600,nh_black__high__single_no_children__white_dominant,136
17031720600,nh_black__high__family_with_children__white_dominant,91
17031720600,nh_black__high__elderly__white_dominant,76
17031720600,nh_asian__high__single_no_children__white_dominant,5
17031720600,nh_asian__high__family_with_children__white_dominant,5
17031720600,nh_asian__high__elderly__white_dominant,2
17031720600,hispanic__high__single_no_children__white_dominant,21
17031720600,hispanic__high__family_with_children__white_dominant,27
17031720600,hispanic__high__elderly__white_dominant,12
17031720600,nh_other__high__single_no_children__white_dominant,14
17031720600,nh_other__high__family_with_children__white_dominant,9
17031720600,nh_other__high__elderly__white_dominant,6
17031720700,nh_white__high__single_no_children__mixed,504
17031720700,nh_white__high__family_with_children__mixed,252
17031720700,nh_white__high__elderly__mixed,252
17031720700,nh_black__high__single_no_children__mixed,870
17031720700,nh_black__high__family_with_children__mixed,580
17031720700,nh_black__high__elderly__mixed,483
17031720700,nh_asian__high__single_no_children__mixed,7
17031720700,nh_asian__high__family_with_children__mixed,7
17031720700,nh_asian__high__elderly__mixed,4
17031720700,hispanic__high__single_no_children__mixed,39
17031720700,hispanic__high__family_with_children__mixed,50
17031720700,hispanic__high__elderly__mixed,22
17031720700,nh_other__high__single_no_children__mixed,38
17031720700,nh_other__high__family_with_children__mixed,23
17031720700,nh_other__high__elderly__mixed,15
17031730100,nh_white__lower_middle__single_no_children__black_dominant,3
17031730100,nh_white__lower_middle__family_with_children__black_dominant,2
17031730100,nh_white__lower_middle__elderly__black_dominant,2
17031730100,nh_black__lower_middle__single_no_children__black_dominant,943
17031730100,nh_black__lower_middle__family_with_children__black_dominant,825
17031730100,nh_black__lower_middle__elderly__black_dominant,589
17031730100,hispanic__lower_middle__single_no_children__black_dominant,6
17031730100,hispanic__lower_middle__family_with_children__black_dominant,10
17031730100,hispanic__lower_middle__elderly__black_dominant,4
17031730100,nh_other__lower_middle__single_no_children__black_dominant,18
17031730100,nh_other__lower_middle__family_with_children__black_dominant,14
17031730100,nh_other__lower_middle__elderly__black_dominant,8
17031730300,nh_white__lower_middle__single_no_children__black_dominant,2
17031730300,nh_white__lower_middle__family_with_children__black_dominant,1
17031730300,nh_white__lower_middle__elderly__black_dominant,1
17031730300,nh_black__lower_middle__single_no_children__black_dominant,461
17031730300,nh_black__lower_middle__family_with_children__black_dominant,403
17031730300,nh_black__lower_middle__elderly__black_dominant,288
17031730300,nh_asian__lower_middle__single_no_children__black_dominant,1
17031730300,nh_asian__lower_middle__family_with_children__black_dominant,1
17031730300,nh_asian__lower_middle__elderly__black_dominant,1
17031730300,hispanic__lower_middle__single_no_children__black_dominant,1
17031730300,hispanic__lower_middle__family_with_children__black_dominant,2
17031730300,hispanic__lower_middle__elderly__black_dominant,1
17031730300,nh_other__lower_middle__single_no_children__black_dominant,3
17031730300,nh_other__lower_middle__family_with_children__black_dominant,2
17031730300,nh_other__lower_middle__elderly__black_dominant,1
17031031000,nh_white__high__single_no_children__mixed,1155
17031031000,nh_white__high__family_with_children__mixed,578
17031031000,nh_white__high__elderly__mixed,578
17031031000,nh_black__high__single_no_children__mixed,70
17031031000,nh_black__high__family_with_children__mixed,46
17031031000,nh_black__high__elderly__mixed,39
17031031000,nh_asian__high__single_no_children__mixed,106
17031031000,nh_asian__high__family_with_children__mixed,106
17031031000,nh_asian__high__elderly__mixed,53
17031031000,hispanic__high__single_no_children__mixed,292
17031031000,hispanic__high__family_with_children__mixed,375
17031031000,hispanic__high__elderly__mixed,167
17031031000,nh_other__high__single_no_children__mixed,46
17031031000,nh_other__high__family_with_children__mixed,27
17031031000,nh_other__high__elderly__mixed,18
17031031100,nh_white__high__single_no_children__mixed,1350
17031031100,nh_white__high__family_with_children__mixed,675
17031031100,nh_white__high__elderly__mixed,675
17031031100,nh_black__high__single_no_children__mixed,92
17031031100,nh_black__high__family_with_children__mixed,61
17031031100,nh_black__high__elderly__mixed,51
17031031100,nh_asian__high__single_no_children__mixed,293
17031031100,nh_asian__high__family_with_children__mixed,293
17031031100,nh_asian__high__elderly__mixed,147
17031031100,hispanic__high__single_no_children__mixed,225
17031031100,hispanic__high__family_with_children__mixed,289
17031031100,hispanic__high__elderly__mixed,129
17031031100,nh_other__high__single_no_children__mixed,61
17031031100,nh_other__high__family_with_children__mixed,37
17031031100,nh_other__high__elderly__mixed,24
17031031200,nh_white__high__single_no_children__mixed,939
17031031200,nh_white__high__family_with_children__mixed,470
17031031200,nh_white__high__elderly__mixed,470
17031031200,nh_black__high__single_no_children__mixed,738
17031031200,nh_black__high__family_with_children__mixed,492
17031031200,nh_black__high__elderly__mixed,410
17031031200,nh_asian__high__single_no_children__mixed,442
17031031200,nh_asian__high__family_with_children__mixed,442
17031031200,nh_asian__high__elderly__mixed,221
17031031200,hispanic__high__single_no_children__mixed,298
17031031200,hispanic__high__family_with_children__mixed,383
17031031200,hispanic__high__elderly__mixed,170
17031031200,nh_other__high__single_no_children__mixed,86
17031031200,nh_other__high__family_with_children__mixed,52
17031031200,nh_other__high__elderly__mixed,35
17031031300,nh_white__high__single_no_children__mixed,1626
17031031300,nh_white__high__family_with_children__mixed,813
17031031300,nh_white__high__elderly__mixed,813
17031031300,nh_black__high__single_no_children__mixed,675
17031031300,nh_black__high__family_with_children__mixed,450
17031031300,nh_black__high__elderly__mixed,375
17031031300,nh_asian__high__single_no_children__mixed,579
17031031300,nh_asian__high__family_with_children__mixed,579
17031031300,nh_asian__high__elderly__mixed,290
17031031300,hispanic__high__single_no_children__mixed,240
17031031300,hispanic__high__family_with_children__mixed,308
17031031300,hispanic__high__elderly__mixed,137
17031031300,nh_other__high__single_no_children__mixed,96
17031031300,nh_other__high__family_with_children__mixed,57
17031031300,nh_other__high__elderly__mixed,38
17031031400,nh_white__high__single_no_children__white_dominant,1912
17031031400,nh_white__high__family_with_children__white_dominant,956
17031031400,nh_white__high__elderly__white_dominant,956
17031031400,nh_black__high__single_no_children__white_dominant,204
17031031400,nh_black__high__family_with_children__white_dominant,136
17031031400,nh_black__high__elderly__white_dominant,114
17031031400,nh_asian__high__single_no_children__white_dominant,154
17031031400,nh_asian__high__family_with_children__white_dominant,154
17031031400,nh_asian__high__elderly__white_dominant,77
17031031400,hispanic__high__single_no_children__white_dominant,128
17031031400,hispanic__high__family_with_children__white_dominant,165
17031031400,hispanic__high__elderly__white_dominant,73
17031031400,nh_other__high__single_no_children__white_dominant,60
17031031400,nh_other__high__family_with_children__white_dominant,36
17031031400,nh_other__high__elderly__white_dominant,24
17031031700,nh_white__high__single_no_children__mixed,1690
17031031700,nh_white__high__family_with_children__mixed,845
17031031700,nh_white__high__elderly__mixed,845
17031031700,nh_black__high__single_no_children__mixed,651
17031031700,nh_black__high__family_with_children__mixed,434
17031031700,nh_black__high__elderly__mixed,362
17031031700,nh_asian__high__single_no_children__mixed,130
17031031700,nh_asian__high__family_with_children__mixed,130
17031031700,nh_asian__high__elderly__mixed,65
17031031700,hispanic__high__single_no_children__mixed,420
17031031700,hispanic__high__family_with_children__mixed,540
17031031700,hispanic__high__elderly__mixed,240
17031031700,nh_other__high__single_no_children__mixed,110
17031031700,nh_other__high__family_with_children__mixed,66
17031031700,nh_other__high__elderly__mixed,44
17031031800,nh_white__high__single_no_children__mixed,576
17031031800,nh_white__high__family_with_children__mixed,288
17031031800,nh_white__high__elderly__mixed,288
17031031800,nh_black__high__single_no_children__mixed,32
17031031800,nh_black__high__family_with_children__mixed,21
17031031800,nh_black__high__elderly__mixed,18
17031031800,nh_asian__high__single_no_children__mixed,46
17031031800,nh_asian__high__family_with_children__mixed,46
17031031800,nh_asian__high__elderly__mixed,23
17031031800,hispanic__high__single_no_children__mixed,148
17031031800,hispanic__high__family_with_children__mixed,190
17031031800,hispanic__high__elderly__mixed,85
17031031800,nh_other__high__single_no_children__mixed,30
17031031800,nh_other__high__family_with_children__mixed,18
17031031800,nh_other__high__elderly__mixed,12
17031031900,nh_white__high__single_no_children__white_dominant,813
17031031900,nh_white__high__family_with_children__white_dominant,406
17031031900,nh_white__high__elderly__white_dominant,406
17031031900,nh_black__high__single_no_children__white_dominant,69
17031031900,nh_black__high__family_with_children__white_dominant,46
17031031900,nh_black__high__elderly__white_dominant,38
17031031900,nh_asian__high__single_no_children__white_dominant,47
17031031900,nh_asian__high__family_with_children__white_dominant,47
17031031900,nh_asian__high__elderly__white_dominant,23
17031031900,hispanic__high__single_no_children__white_dominant,120
17031031900,hispanic__high__family_with_children__white_dominant,154
17031031900,hispanic__high__elderly__white_dominant,68
17031031900,nh_other__high__single_no_children__white_dominant,32
17031031900,nh_other__high__family_with_children__white_dominant,20
17031031900,nh_other__high__elderly__white_dominant,13
17031032100,nh_white__high__single_no_children__mixed,2224
17031032100,nh_white__high__family_with_children__mixed,1112
17031032100,nh_white__high__elderly__mixed,1112
17031032100,nh_black__high__single_no_children__mixed,536
17031032100,nh_black__high__family_with_children__mixed,357
17031032100,nh_black__high__elderly__mixed,298
17031032100,nh_asian__high__single_no_children__mixed,150
17031032100,nh_asian__high__family_with_children__mixed,150
17031032100,nh_asian__high__elderly__mixed,75
17031032100,hispanic__high__single_no_children__mixed,314
17031032100,hispanic__high__family_with_children__mixed,404
17031032100,hispanic__high__elderly__mixed,180
17031032100,nh_other__high__single_no_children__mixed,72
17031032100,nh_other__high__family_with_children__mixed,43
17031032100,nh_other__high__elderly__mixed,29
17031251000,nh_white__lower_middle__single_no_children__black_dominant,6
17031251000,nh_white__lower_middle__family_with_children__black_dominant,4
17031251000,nh_white__lower_middle__elderly__black_dominant,3
17031251000,nh_black__lower_middle__single_no_children__black_dominant,424
17031251000,nh_black__lower_middle__family_with_children__black_dominant,371
17031251000,nh_black__lower_middle__elderly__black_dominant,265
17031251000,hispanic__lower_middle__single_no_children__black_dominant,30
17031251000,hispanic__lower_middle__family_with_children__black_dominant,50
17031251000,hispanic__lower_middle__elderly__black_dominant,20
17031251000,nh_other__lower_middle__single_no_children__black_dominant,3
17031251000,nh_other__lower_middle__family_with_children__black_dominant,2
17031251000,nh_other__lower_middle__elderly__black_dominant,1
17031280400,nh_white__high__single_no_children__black_dominant,48
17031280400,nh_white__high__family_with_children__black_dominant,24
17031280400,nh_white__high__elderly__black_dominant,24
17031280400,nh_black__high__single_no_children__black_dominant,518
17031280400,nh_black__high__family_with_children__black_dominant,345
17031280400,nh_black__high__elderly__black_dominant,288
17031280400,nh_asian__high__single_no_children__black_dominant,12
17031280400,nh_asian__high__family_with_children__black_dominant,12
17031280400,nh_asian__high__elderly__black_dominant,6
17031280400,hispanic__high__single_no_children__black_dominant,23
17031280400,hispanic__high__family_with_children__black_dominant,30
17031280400,hispanic__high__elderly__black_dominant,13
17031280400,nh_other__high__single_no_children__black_dominant,11
17031280400,nh_other__high__family_with_children__black_dominant,7
17031280400,nh_other__high__elderly__black_dominant,4
17031320100,nh_white__high__single_no_children__mixed,3480
17031320100,nh_white__high__family_with_children__mixed,1740
17031320100,nh_white__high__elderly__mixed,1740
17031320100,nh_black__high__single_no_children__mixed,342
17031320100,nh_black__high__family_with_children__mixed,228
17031320100,nh_black__high__elderly__mixed,190
17031320100,nh_asian__high__single_no_children__mixed,826
17031320100,nh_asian__high__family_with_children__mixed,826
17031320100,nh_asian__high__elderly__mixed,413
17031320100,hispanic__high__single_no_children__mixed,254
17031320100,hispanic__high__family_with_children__mixed,327
17031320100,hispanic__high__elderly__mixed,145
17031320100,nh_other__high__single_no_children__mixed,167
17031320100,nh_other__high__family_with_children__mixed,100
17031320100,nh_other__high__elderly__mixed,67
17031350100,nh_white__upper_middle__single_no_children__asian_enclave,63
17031350100,nh_white__upper_middle__family_with_children__asian_enclave,42
17031350100,nh_white__upper_middle__elderly__asian_enclave,35
17031350100,nh_black__upper_middle__single_no_children__asian_enclave,462
17031350100,nh_black__upper_middle__family_with_children__asian_enclave,405
17031350100,nh_black__upper_middle__elderly__asian_enclave,289
17031350100,nh_asian__upper_middle__single_no_children__asian_enclave,262
17031350100,nh_asian__upper_middle__family_with_children__asian_enclave,338
17031350100,nh_asian__upper_middle__elderly__asian_enclave,150
17031350100,hispanic__upper_middle__single_no_children__asian_enclave,14
17031350100,hispanic__upper_middle__family_with_children__asian_enclave,23
17031350100,hispanic__upper_middle__elderly__asian_enclave,9
17031350100,nh_other__upper_middle__single_no_children__asian_enclave,23
17031350100,nh_other__upper_middle__family_with_children__asian_enclave,18
17031350100,nh_other__upper_middle__elderly__asian_enclave,10
17031351000,nh_white__upper_middle__single_no_children__black_dominant,62
17031351000,nh_white__upper_middle__family_with_children__black_dominant,41
17031351000,nh_white__upper_middle__elderly__black_dominant,34
17031351000,nh_black__upper_middle__single_no_children__black_dominant,956
17031351000,nh_black__upper_middle__family_with_children__black_dominant,837
17031351000,nh_black__upper_middle__elderly__black_dominant,598
17031351000,nh_asian__upper_middle__single_no_children__black_dominant,206
17031351000,nh_asian__upper_middle__family_with_children__black_dominant,266
17031351000,nh_asian__upper_middle__elderly__black_dominant,118
17031351000,hispanic__upper_middle__single_no_children__black_dominant,16
17031351000,hispanic__upper_middle__family_with_children__black_dominant,28
17031351000,hispanic__upper_middle__elderly__black_dominant,11
17031351000,nh_other__upper_middle__single_no_children__black_dominant,42
17031351000,nh_other__upper_middle__family_with_children__black_dominant,33
17031351000,nh_other__upper_middle__elderly__black_dominant,19
17031351100,nh_white__upper_middle__single_no_children__black_dominant,7
17031351100,nh_white__upper_middle__family_with_children__black_dominant,5
17031351100,nh_white__upper_middle__elderly__black_dominant,4
17031351100,nh_black__upper_middle__single_no_children__black_dominant,754
17031351100,nh_black__upper_middle__family_with_children__black_dominant,659
17031351100,nh_black__upper_middle__elderly__black_dominant,471
17031351100,nh_asian__upper_middle__single_no_children__black_dominant,2
17031351100,nh_asian__upper_middle__family_with_children__black_dominant,2
17031351100,nh_asian__upper_middle__elderly__black_dominant,1
17031351100,hispanic__upper_middle__single_no_children__black_dominant,8
17031351100,hispanic__upper_middle__family_with_children__black_dominant,14
17031351100,hispanic__upper_middle__elderly__black_dominant,5
17031351100,nh_other__upper_middle__single_no_children__black_dominant,13
17031351100,nh_other__upper_middle__family_with_children__black_dominant,10
17031351100,nh_other__upper_middle__elderly__black_dominant,6
17031360200,nh_white__lower_middle__single_no_children__black_dominant,4
17031360200,nh_white__lower_middle__family_with_children__black_dominant,2
17031360200,nh_white__lower_middle__elderly__black_dominant,2
17031360200,nh_black__lower_middle__single_no_children__black_dominant,556
17031360200,nh_black__lower_middle__family_with_children__black_dominant,486
17031360200,nh_black__lower_middle__elderly__black_dominant,348
17031360200,nh_asian__lower_middle__single_no_children__black_dominant,1
17031360200,nh_asian__lower_middle__family_with_children__black_dominant,1
17031360200,nh_asian__lower_middle__elderly__black_dominant,1
17031360200,hispanic__lower_middle__single_no_children__black_dominant,7
17031360200,hispanic__lower_middle__family_with_children__black_dominant,12
17031360200,hispanic__lower_middle__elderly__black_dominant,5
17031360200,nh_other__lower_middle__single_no_children__black_dominant,9
17031360200,nh_other__lower_middle__family_with_children__black_dominant,7
17031360200,nh_other__lower_middle__elderly__black_dominant,4
17031380100,nh_white__upper_middle__single_no_children__black_dominant,25
17031380100,nh_white__upper_middle__family_with_children__black_dominant,16
17031380100,nh_white__upper_middle__elderly__black_dominant,14
17031380100,nh_black__upper_middle__single_no_children__black_dominant,705
17031380100,nh_black__upper_middle__family_with_children__black_dominant,617
17031380100,nh_black__upper_middle__elderly__black_dominant,441
17031380100,nh_asian__upper_middle__single_no_children__black_dominant,2
17031380100,nh_asian__upper_middle__family_with_children__black_dominant,2
17031380100,nh_asian__upper_middle__elderly__black_dominant,1
17031380100,hispanic__upper_middle__single_no_children__black_dominant,16
17031380100,hispanic__upper_middle__family_with_children__black_dominant,28
17031380100,hispanic__upper_middle__elderly__black_dominant,11
17031380100,nh_other__upper_middle__single_no_children__black_dominant,21
17031380100,nh_other__upper_middle__family_with_children__black_dominant,16
17031380100,nh_other__upper_middle__elderly__black_dominant,9
17031231500,nh_white__low__single_no_children__black_dominant,38
17031231500,nh_white__low__family_with_children__black_dominant,31
17031231500,nh_white__low__elderly__black_dominant,21
17031231500,nh_black__low__single_no_children__black_dominant,2029
17031231500,nh_black__low__family_with_children__black_dominant,2194
17031231500,nh_black__low__elderly__black_dominant,1262
17031231500,nh_asian__low__single_no_children__black_dominant,2
17031231500,nh_asian__low__family_with_children__black_dominant,4
17031231500,nh_asian__low__elderly__black_dominant,1
17031231500,hispanic__low__single_no_children__black_dominant,106
17031231500,hispanic__low__family_with_children__black_dominant,216
17031231500,hispanic__low__elderly__black_dominant,71
17031231500,nh_other__low__single_no_children__black_dominant,27
17031231500,nh_other__low__family_with_children__black_dominant,26
17031231500,nh_other__low__elderly__black_dominant,12
17031251100,nh_white__lower_middle__single_no_children__black_dominant,11
17031251100,nh_white__lower_middle__family_with_children__black_dominant,8
17031251100,nh_white__lower_middle__elderly__black_dominant,6
17031251100,nh_black__lower_middle__single_no_children__black_dominant,1603
17031251100,nh_black__lower_middle__family_with_children__black_dominant,1402
17031251100,nh_black__lower_middle__elderly__black_dominant,1002
17031251100,nh_asian__lower_middle__single_no_children__black_dominant,3
17031251100,nh_asian__lower_middle__family_with_children__black_dominant,4
17031251100,nh_asian__lower_middle__elderly__black_dominant,2
17031251100,hispanic__lower_middle__single_no_children__black_dominant,64
17031251100,hispanic__lower_middle__family_with_children__black_dominant,108
17031251100,hispanic__lower_middle__elderly__black_dominant,43
17031251100,nh_other__lower_middle__single_no_children__black_dominant,21
17031251100,nh_other__lower_middle__family_with_children__black_dominant,16
17031251100,nh_other__lower_middle__elderly__black_dominant,9
17031251200,nh_white__lower_middle__single_no_children__black_dominant,15
17031251200,nh_white__lower_middle__family_with_children__black_dominant,10
17031251200,nh_white__lower_middle__elderly__black_dominant,8
17031251200,nh_black__lower_middle__single_no_children__black_dominant,1542
17031251200,nh_black__lower_middle__family_with_children__black_dominant,1349
17031251200,nh_black__lower_middle__elderly__black_dominant,964
17031251200,nh_asian__lower_middle__single_no_children__black_dominant,1
17031251200,nh_asian__lower_middle__family_with_children__black_dominant,1
17031251200,nh_asian__lower_middle__elderly__black_dominant,1
17031251200,hispanic__lower_middle__single_no_children__black_dominant,83
17031251200,hispanic__lower_middle__family_with_children__black_dominant,138
17031251200,hispanic__lower_middle__elderly__black_dominant,55
17031251200,nh_other__lower_middle__single_no_children__black_dominant,14
17031251200,nh_other__lower_middle__family_with_children__black_dominant,11
17031251200,nh_other__lower_middle__elderly__black_dominant,6
17031550200,nh_white__lower_middle__single_no_children__mixed,617
17031550200,nh_white__lower_middle__family_with_children__mixed,412
17031550200,nh_white__lower_middle__elderly__mixed,343
17031550200,nh_black__lower_middle__single_no_children__mixed,30
17031550200,nh_black__lower_middle__family_with_children__mixed,27
17031550200,nh_black__lower_middle__elderly__mixed,19
17031550200,nh_asian__lower_middle__single_no_children__mixed,4
17031550200,nh_asian__lower_middle__family_with_children__mixed,5
17031550200,nh_asian__lower_middle__elderly__mixed,2
17031550200,hispanic__lower_middle__single_no_children__mixed,393
17031550200,hispanic__lower_middle__family_with_children__mixed,654
17031550200,hispanic__lower_middle__elderly__mixed,262
17031550200,nh_other__lower_middle__single_no_children__mixed,14
17031550200,nh_other__lower_middle__family_with_children__mixed,10
17031550200,nh_other__lower_middle__elderly__mixed,6
17031560800,nh_white__upper_middle__single_no_children__mixed,1542
17031560800,nh_white__upper_middle__family_with_children__mixed,1028
17031560800,nh_white__upper_middle__elderly__mixed,856
17031560800,nh_black__upper_middle__single_no_children__mixed,3
17031560800,nh_black__upper_middle__family_with_children__mixed,3
17031560800,nh_black__upper_middle__elderly__mixed,2
17031560800,nh_asian__upper_middle__single_no_children__mixed,13
17031560800,nh_asian__upper_middle__family_with_children__mixed,17
17031560800,nh_asian__upper_middle__elderly__mixed,7
17031560800,hispanic__upper_middle__single_no_children__mixed,569
17031560800,hispanic__upper_middle__family_with_children__mixed,949
17031560800,hispanic__upper_middle__elderly__mixed,380
17031560800,nh_other__upper_middle__single_no_children__mixed,19
17031560800,nh_other__upper_middle__family_with_children__mixed,15
17031560800,nh_other__upper_middle__elderly__mixed,8
17031560900,nh_white__upper_middle__single_no_children__white_dominant,1628
17031560900,nh_white__upper_middle__family_with_children__white_dominant,1085
17031560900,nh_white__upper_middle__elderly__white_dominant,904
17031560900,nh_black__upper_middle__single_no_children__white_dominant,6
17031560900,nh_black__upper_middle__family_with_children__white_dominant,5
17031560900,nh_black__upper_middle__elderly__white_dominant,4
17031560900,nh_asian__upper_middle__single_no_children__white_dominant,8
17031560900,nh_asian__upper_middle__family_with_children__white_dominant,10
17031560900,nh_asian__upper_middle__elderly__white_dominant,5
17031560900,hispanic__upper_middle__single_no_children__white_dominant,416
17031560900,hispanic__upper_middle__family_with_children__white_dominant,694
17031560900,hispanic__upper_middle__elderly__white_dominant,277
17031560900,nh_other__upper_middle__single_no_children__white_dominant,23
17031560900,nh_other__upper_middle__family_with_children__white_dominant,18
17031560900,nh_other__upper_middle__elderly__white_dominant,10
17031561000,nh_white__upper_middle__single_no_children__white_dominant,1707
17031561000,nh_white__upper_middle__family_with_children__white_dominant,1138
17031561000,nh_white__upper_middle__elderly__white_dominant,948
17031561000,nh_black__upper_middle__single_no_children__white_dominant,9
17031561000,nh_black__upper_middle__family_with_children__white_dominant,8
17031561000,nh_black__upper_middle__elderly__white_dominant,6
17031561000,nh_asian__upper_middle__single_no_children__white_dominant,10
17031561000,nh_asian__upper_middle__family_with_children__white_dominant,13
17031561000,nh_asian__upper_middle__elderly__white_dominant,6
17031561000,hispanic__upper_middle__single_no_children__white_dominant,382
17031561000,hispanic__upper_middle__family_with_children__white_dominant,636
17031561000,hispanic__upper_middle__elderly__white_dominant,255
17031561000,nh_other__upper_middle__single_no_children__white_dominant,19
17031561000,nh_other__upper_middle__family_with_children__white_dominant,15
17031561000,nh_other__upper_middle__elderly__white_dominant,8
17031561100,nh_white__upper_middle__single_no_children__mixed,1520
17031561100,nh_white__upper_middle__family_with_children__mixed,1013
17031561100,nh_white__upper_middle__elderly__mixed,844
17031561100,nh_black__upper_middle__single_no_children__mixed,8
17031561100,nh_black__upper_middle__family_with_children__mixed,7
17031561100,nh_black__upper_middle__elderly__mixed,5
17031561100,nh_asian__upper_middle__single_no_children__mixed,8
17031561100,nh_asian__upper_middle__family_with_children__mixed,10
17031561100,nh_asian__upper_middle__elderly__mixed,4
17031561100,hispanic__upper_middle__single_no_children__mixed,587
17031561100,hispanic__upper_middle__family_with_children__mixed,979
17031561100,hispanic__upper_middle__elderly__mixed,392
17031561100,nh_other__upper_middle__single_no_children__mixed,14
17031561100,nh_other__upper_middle__family_with_children__mixed,10
17031561100,nh_other__upper_middle__elderly__mixed,6
17031570100,nh_white__lower_middle__single_no_children__hispanic_dominant,132
17031570100,nh_white__lower_middle__family_with_children__hispanic_dominant,88
17031570100,nh_white__lower_middle__elderly__hispanic_dominant,74
17031570100,nh_black__lower_middle__single_no_children__hispanic_dominant,6
17031570100,nh_black__lower_middle__family_with_children__hispanic_dominant,5
17031570100,nh_black__lower_middle__elderly__hispanic_dominant,4
17031570100,nh_asian__lower_middle__single_no_children__hispanic_dominant,8
17031570100,nh_asian__lower_middle__family_with_children__hispanic_dominant,10
17031570100,nh_asian__lower_middle__elderly__hispanic_dominant,5
17031570100,hispanic__lower_middle__single_no_children__hispanic_dominant,275
17031570100,hispanic__lower_middle__family_with_children__hispanic_dominant,458
17031570100,hispanic__lower_middle__elderly__hispanic_dominant,183
17031570100,nh_other__lower_middle__single_no_children__hispanic_dominant,4
17031570100,nh_other__lower_middle__family_with_children__hispanic_dominant,3
17031570100,nh_other__lower_middle__elderly__hispanic_dominant,2
17031570200,nh_white__lower_middle__single_no_children__hispanic_dominant,189
17031570200,nh_white__lower_middle__family_with_children__hispanic_dominant,126
17031570200,nh_white__lower_middle__elderly__hispanic_dominant,105
17031570200,nh_black__lower_middle__single_no_children__hispanic_dominant,3
17031570200,nh_black__lower_middle__family_with_children__hispanic_dominant,3
17031570200,nh_black__lower_middle__elderly__hispanic_dominant,2
17031570200,nh_asian__lower_middle__single_no_children__hispanic_dominant,17
17031570200,nh_asian__lower_middle__family_with_children__hispanic_dominant,22
17031570200,nh_asian__lower_middle__elderly__hispanic_dominant,10
17031570200,hispanic__lower_middle__single_no_children__hispanic_dominant,438
17031570200,hispanic__lower_middle__family_with_children__hispanic_dominant,730
17031570200,hispanic__lower_middle__elderly__hispanic_dominant,292
17031570200,nh_other__lower_middle__single_no_children__hispanic_dominant,3
17031570200,nh_other__lower_middle__family_with_children__hispanic_dominant,2
17031570200,nh_other__lower_middle__elderly__hispanic_dominant,1
17031730400,nh_white__lower_middle__single_no_children__black_dominant,12
17031730400,nh_white__lower_middle__family_with_children__black_dominant,8
17031730400,nh_white__lower_middle__elderly__black_dominant,6
17031730400,nh_black__lower_middle__single_no_children__black_dominant,1357
17031730400,nh_black__lower_middle__family_with_children__black_dominant,1187
17031730400,nh_black__lower_middle__elderly__black_dominant,848
17031730400,hispanic__lower_middle__single_no_children__black_dominant,13
17031730400,hispanic__lower_middle__family_with_children__black_dominant,22
17031730400,hispanic__lower_middle__elderly__black_dominant,9
17031730400,nh_other__lower_middle__single_no_children__black_dominant,23
17031730400,nh_other__lower_middle__family_with_children__black_dominant,18
17031730400,nh_other__lower_middle__elderly__black_dominant,10
17031730500,nh_white__lower_middle__single_no_children__black_dominant,7
17031730500,nh_white__lower_middle__family_with_children__black_dominant,4
17031730500,nh_white__lower_middle__elderly__black_dominant,4
17031730500,nh_black__lower_middle__single_no_children__black_dominant,1706
17031730500,nh_black__lower_middle__family_with_children__black_dominant,1493
17031730500,nh_black__lower_middle__elderly__black_dominant,1066
17031730500,nh_asian__lower_middle__single_no_children__black_dominant,1
17031730500,nh_asian__lower_middle__family_with_children__black_dominant,2
17031730500,nh_asian__lower_middle__elderly__black_dominant,1
17031730500,hispanic__lower_middle__single_no_children__black_dominant,17
17031730500,hispanic__lower_middle__family_with_children__black_dominant,28
17031730500,hispanic__lower_middle__elderly__black_dominant,11
17031730500,nh_other__lower_middle__single_no_children__black_dominant,21
17031730500,nh_other__lower_middle__family_with_children__black_dominant,16
17031730500,nh_other__lower_middle__elderly__black_dominant,9
17031730600,nh_white__lower_middle__single_no_children__black_dominant,16
17031730600,nh_white__lower_middle__family_with_children__black_dominant,10
17031730600,nh_white__lower_middle__elderly__black_dominant,9
17031730600,nh_black__lower_middle__single_no_children__black_dominant,1395
17031730600,nh_black__lower_middle__family_with_children__black_dominant,1220
17031730600,nh_black__lower_middle__elderly__black_dominant,872
17031730600,nh_asian__lower_middle__single_no_children__black_dominant,1
17031730600,nh_asian__lower_middle__family_with_children__black_dominant,1
17031730600,nh_asian__lower_middle__elderly__black_dominant,1
17031730600,hispanic__lower_middle__single_no_children__black_dominant,16
17031730600,hispanic__lower_middle__family_with_children__black_dominant,26
17031730600,hispanic__lower_middle__elderly__black_dominant,11
17031730600,nh_other__lower_middle__single_no_children__black_dominant,17
17031730600,nh_other__lower_middle__family_with_children__black_dominant,13
17031730600,nh_other__lower_middle__elderly__black_dominant,8
17031730700,nh_white__lower_middle__single_no_children__black_dominant,5
17031730700,nh_white__lower_middle__family_with_children__black_dominant,3
17031730700,nh_white__lower_middle__elderly__black_dominant,3
17031730700,nh_black__lower_middle__single_no_children__black_dominant,908
17031730700,nh_black__lower_middle__family_with_children__black_dominant,795
17031730700,nh_black__lower_middle__elderly__black_dominant,568
17031730700,nh_asian__lower_middle__single_no_children__black_dominant,1
17031730700,nh_asian__lower_middle__family_with_children__black_dominant,1
17031730700,nh_asian__lower_middle__elderly__black_dominant,1
17031730700,hispanic__lower_middle__single_no_children__black_dominant,6
17031730700,hispanic__lower_middle__family_with_children__black_dominant,10
17031730700,hispanic__lower_middle__elderly__black_dominant,4
17031730700,nh_other__lower_middle__single_no_children__black_dominant,13
17031730700,nh_other__lower_middle__family_with_children__black_dominant,10
17031730700,nh_other__lower_middle__elderly__black_dominant,6
17031491300,nh_white__lower_middle__single_no_children__black_dominant,9
17031491300,nh_white__lower_middle__family_with_children__black_dominant,6
17031491300,nh_white__lower_middle__elderly__black_dominant,5
17031491300,nh_black__lower_middle__single_no_children__black_dominant,1121
17031491300,nh_black__lower_middle__family_with_children__black_dominant,981
17031491300,nh_black__lower_middle__elderly__black_dominant,700
17031491300,nh_asian__lower_middle__single_no_children__black_dominant,1
17031491300,nh_asian__lower_middle__family_with_children__black_dominant,1
17031491300,nh_asian__lower_middle__elderly__black_dominant,1
17031491300,hispanic__lower_middle__single_no_children__black_dominant,12
17031491300,hispanic__lower_middle__family_with_children__black_dominant,20
17031491300,hispanic__lower_middle__elderly__black_dominant,8
17031491300,nh_other__lower_middle__single_no_children__black_dominant,10
17031491300,nh_other__lower_middle__family_with_children__black_dominant,8
17031491300,nh_other__lower_middle__elderly__black_dominant,5
17031720400,nh_white__high__single_no_children__white_dominant,816
17031720400,nh_white__high__family_with_children__white_dominant,408
17031720400,nh_white__high__elderly__white_dominant,408
17031720400,nh_black__high__single_no_children__white_dominant,58
17031720400,nh_black__high__family_with_children__white_dominant,39
17031720400,nh_black__high__elderly__white_dominant,32
17031720400,nh_asian__high__single_no_children__white_dominant,4
17031720400,nh_asian__high__family_with_children__white_dominant,4
17031720400,nh_asian__high__elderly__white_dominant,2
17031720400,hispanic__high__single_no_children__white_dominant,46
17031720400,hispanic__high__family_with_children__white_dominant,59
17031720400,hispanic__high__elderly__white_dominant,26
17031720400,nh_other__high__single_no_children__white_dominant,12
17031720400,nh_other__high__family_with_children__white_dominant,7
17031720400,nh_other__high__elderly__white_dominant,5
17031530400,nh_white__lower_middle__single_no_children__black_dominant,8
17031530400,nh_white__lower_middle__family_with_children__black_dominant,5
17031530400,nh_white__lower_middle__elderly__black_dominant,4
17031530400,nh_black__lower_middle__single_no_children__black_dominant,845
17031530400,nh_black__lower_middle__family_with_children__black_dominant,739
17031530400,nh_black__lower_middle__elderly__black_dominant,528
17031530400,nh_asian__lower_middle__single_no_children__black_dominant,1
17031530400,nh_asian__lower_middle__family_with_children__black_dominant,1
17031530400,nh_asian__lower_middle__elderly__black_dominant,1
17031530400,hispanic__lower_middle__single_no_children__black_dominant,18
17031530400,hispanic__lower_middle__family_with_children__black_dominant,30
17031530400,hispanic__lower_middle__elderly__black_dominant,12
17031530400,nh_other__lower_middle__single_no_children__black_dominant,14
17031530400,nh_other__lower_middle__family_with_children__black_dominant,11
17031530400,nh_other__lower_middle__elderly__black_dominant,6
17031750600,nh_white__upper_middle__single_no_children__black_dominant,6
17031750600,nh_white__upper_middle__family_with_children__black_dominant,4
17031750600,nh_white__upper_middle__elderly__black_dominant,3
17031750600,nh_black__upper_middle__single_no_children__black_dominant,1426
17031750600,nh_black__upper_middle__family_with_children__black_dominant,1248
17031750600,nh_black__upper_middle__elderly__black_dominant,891
17031750600,nh_asian__upper_middle__single_no_children__black_dominant,1
17031750600,nh_asian__upper_middle__family_with_children__black_dominant,1
17031750600,nh_asian__upper_middle__elderly__black_dominant,1
17031750600,hispanic__upper_middle__single_no_children__black_dominant,16
17031750600,hispanic__upper_middle__family_with_children__black_dominant,27
17031750600,hispanic__upper_middle__elderly__black_dominant,11
17031750600,nh_other__upper_middle__single_no_children__black_dominant,21
17031750600,nh_other__upper_middle__family_with_children__black_dominant,16
17031750600,nh_other__upper_middle__elderly__black_dominant,9
17031040100,nh_white__high__single_no_children__mixed,1156
17031040100,nh_white__high__family_with_children__mixed,578
17031040100,nh_white__high__elderly__mixed,578
17031040100,nh_black__high__single_no_children__mixed,80
17031040100,nh_black__high__family_with_children__mixed,53
17031040100,nh_black__high__elderly__mixed,44
17031040100,nh_asian__high__single_no_children__mixed,130
17031040100,nh_asian__high__family_with_children__mixed,130
17031040100,nh_asian__high__elderly__mixed,65
17031040100,hispanic__high__single_no_children__mixed,372
17031040100,hispanic__high__family_with_children__mixed,479
17031040100,hispanic__high__elderly__mixed,213
17031040100,nh_other__high__single_no_children__mixed,53
17031040100,nh_other__high__family_with_children__mixed,32
17031040100,nh_other__high__elderly__mixed,21
17031040300,nh_white__high__single_no_children__mixed,865
17031040300,nh_white__high__family_with_children__mixed,432
17031040300,nh_white__high__elderly__mixed,432
17031040300,nh_black__high__single_no_children__mixed,54
17031040300,nh_black__high__family_with_children__mixed,36
17031040300,nh_black__high__elderly__mixed,30
17031040300,nh_asian__high__single_no_children__mixed,267
17031040300,nh_asian__high__family_with_children__mixed,267
17031040300,nh_asian__high__elderly__mixed,133
17031040300,hispanic__high__single_no_children__mixed,161
17031040300,hispanic__high__family_with_children__mixed,207
17031040300,hispanic__high__elderly__mixed,92
17031040300,nh_other__high__single_no_children__mixed,46
17031040300,nh_other__high__family_with_children__mixed,27
17031040300,nh_other__high__elderly__mixed,18
17031040600,nh_white__high__single_no_children__white_dominant,926
17031040600,nh_white__high__family_with_children__white_dominant,463
17031040600,nh_white__high__elderly__white_dominant,463
17031040600,nh_black__high__single_no_children__white_dominant,18
17031040600,nh_black__high__family_with_children__white_dominant,12
17031040600,nh_black__high__elderly__white_dominant,10
17031040600,nh_asian__high__single_no_children__white_dominant,46
17031040600,nh_asian__high__family_with_children__white_dominant,46
17031040600,nh_asian__high__elderly__white_dominant,23
17031040600,hispanic__high__single_no_children__white_dominant,126
17031040600,hispanic__high__family_with_children__white_dominant,162
17031040600,hispanic__high__elderly__white_dominant,72
17031040600,nh_other__high__single_no_children__white_dominant,32
17031040600,nh_other__high__family_with_children__white_dominant,20
17031040600,nh_other__high__elderly__white_dominant,13
17031040700,nh_white__high__single_no_children__white_dominant,1110
17031040700,nh_white__high__family_with_children__white_dominant,555
17031040700,nh_white__high__elderly__white_dominant,555
17031040700,nh_black__high__single_no_children__white_dominant,45
17031040700,nh_black__high__family_with_children__white_dominant,30
17031040700,nh_black__high__elderly__white_dominant,25
17031040700,nh_asian__high__single_no_children__white_dominant,79
17031040700,nh_asian__high__family_with_children__white_dominant,79
17031040700,nh_asian__high__elderly__white_dominant,39
17031040700,hispanic__high__single_no_children__white_dominant,181
17031040700,hispanic__high__family_with_children__white_dominant,233
17031040700,hispanic__high__elderly__white_dominant,103
17031040700,nh_other__high__single_no_children__white_dominant,44
17031040700,nh_other__high__family_with_children__white_dominant,26
17031040700,nh_other__high__elderly__white_dominant,18
17031040800,nh_white__high__single_no_children__white_dominant,556
17031040800,nh_white__high__family_with_children__white_dominant,278
17031040800,nh_white__high__elderly__white_dominant,278
17031040800,nh_black__high__single_no_children__white_dominant,33
17031040800,nh_black__high__family_with_children__white_dominant,22
17031040800,nh_black__high__elderly__white_dominant,18
17031040800,nh_asian__high__single_no_children__white_dominant,39
17031040800,nh_asian__high__family_with_children__white_dominant,39
17031040800,nh_asian__high__elderly__white_dominant,19
17031040800,hispanic__high__single_no_children__white_dominant,69
17031040800,hispanic__high__family_with_children__white_dominant,88
17031040800,hispanic__high__elderly__white_dominant,39
17031040800,nh_other__high__single_no_children__white_dominant,17
17031040800,nh_other__high__family_with_children__white_dominant,10
17031040800,nh_other__high__elderly__white_dominant,7
17031040900,nh_white__high__single_no_children__white_dominant,753
17031040900,nh_white__high__family_with_children__white_dominant,376
17031040900,nh_white__high__elderly__white_dominant,376
17031040900,nh_black__high__single_no_children__white_dominant,14
17031040900,nh_black__high__family_with_children__white_dominant,9
17031040900,nh_black__high__elderly__white_dominant,8
17031040900,nh_asian__high__single_no_children__white_dominant,34
17031040900,nh_asian__high__family_with_children__white_dominant,34
17031040900,nh_asian__high__elderly__white_dominant,17
17031040900,hispanic__high__single_no_children__white_dominant,97
17031040900,hispanic__high__family_with_children__white_dominant,125
17031040900,hispanic__high__elderly__white_dominant,56
17031040900,nh_other__high__single_no_children__white_dominant,25
17031040900,nh_other__high__family_with_children__white_dominant,15
17031040900,nh_other__high__elderly__white_dominant,10
17031050100,nh_white__high__single_no_children__white_dominant,908
17031050100,nh_white__high__family_with_children__white_dominant,454
17031050100,nh_white__high__elderly__white_dominant,454
17031050100,nh_black__high__single_no_children__white_dominant,17
17031050100,nh_black__high__family_with_children__white_dominant,11
17031050100,nh_black__high__elderly__white_dominant,10
17031050100,nh_asian__high__single_no_children__white_dominant,42
17031050100,nh_asian__high__family_with_children__white_dominant,42
17031050100,nh_asian__high__elderly__white_dominant,21
17031050100,hispanic__high__single_no_children__white_dominant,97
17031050100,hispanic__high__family_with_children__white_dominant,125
17031050100,hispanic__high__elderly__white_dominant,56
17031050100,nh_other__high__single_no_children__white_dominant,28
17031050100,nh_other__high__family_with_children__white_dominant,16
17031050100,nh_other__high__elderly__white_dominant,11
17031050200,nh_white__high__single_no_children__white_dominant,1806
17031050200,nh_white__high__family_with_children__white_dominant,903
17031050200,nh_white__high__elderly__white_dominant,903
17031050200,nh_black__high__single_no_children__white_dominant,52
17031050200,nh_black__high__family_with_children__white_dominant,35
17031050200,nh_black__high__elderly__white_dominant,29
17031050200,nh_asian__high__single_no_children__white_dominant,120
17031050200,nh_asian__high__family_with_children__white_dominant,120
17031050200,nh_asian__high__elderly__white_dominant,60
17031050200,hispanic__high__single_no_children__white_dominant,246
17031050200,hispanic__high__family_with_children__white_dominant,316
17031050200,hispanic__high__elderly__white_dominant,141
17031050200,nh_other__high__single_no_children__white_dominant,54
17031050200,nh_other__high__family_with_children__white_dominant,32
17031050200,nh_other__high__elderly__white_dominant,21
17031050300,nh_white__high__single_no_children__white_dominant,864
17031050300,nh_white__high__family_with_children__white_dominant,432
17031050300,nh_white__high__elderly__white_dominant,432
17031050300,nh_black__high__single_no_children__white_dominant,18
17031050300,nh_black__high__family_with_children__white_dominant,12
17031050300,nh_black__high__elderly__white_dominant,10
17031050300,nh_asian__high__single_no_children__white_dominant,53
17031050300,nh_asian__high__family_with_children__white_dominant,53
17031050300,nh_asian__high__elderly__white_dominant,27
17031050300,hispanic__high__single_no_children__white_dominant,142
17031050300,hispanic__high__family_with_children__white_dominant,183
17031050300,hispanic__high__elderly__white_dominant,81
17031050300,nh_other__high__single_no_children__white_dominant,28
17031050300,nh_other__high__family_with_children__white_dominant,17
17031050300,nh_other__high__elderly__white_dominant,11
17031380200,nh_white__upper_middle__single_no_children__black_dominant,9
17031380200,nh_white__upper_middle__family_with_children__black_dominant,6
17031380200,nh_white__upper_middle__elderly__black_dominant,5
17031380200,nh_black__upper_middle__single_no_children__black_dominant,636
17031380200,nh_black__upper_middle__family_with_children__black_dominant,557
17031380200,nh_black__upper_middle__elderly__black_dominant,398
17031380200,nh_asian__upper_middle__single_no_children__black_dominant,1
17031380200,nh_asian__upper_middle__family_with_children__black_dominant,1
17031380200,nh_asian__upper_middle__elderly__black_dominant,1
17031380200,hispanic__upper_middle__single_no_children__black_dominant,5
17031380200,hispanic__upper_middle__family_with_children__black_dominant,8
17031380200,hispanic__upper_middle__elderly__black_dominant,3
17031380200,nh_other__upper_middle__single_no_children__black_dominant,22
17031380200,nh_other__upper_middle__family_with_children__black_dominant,18
17031380200,nh_other__upper_middle__elderly__black_dominant,10
17031081500,nh_white__high__single_no_children__white_dominant,1616
17031081500,nh_white__high__family_with_children__white_dominant,808
17031081500,nh_white__high__elderly__white_dominant,808
17031081500,nh_black__high__single_no_children__white_dominant,64
17031081500,nh_black__high__family_with_children__white_dominant,43
17031081500,nh_black__high__elderly__white_dominant,36
17031081500,nh_asian__high__single_no_children__white_dominant,278
17031081500,nh_asian__high__family_with_children__white_dominant,278
17031081500,nh_asian__high__elderly__white_dominant,139
17031081500,hispanic__high__single_no_children__white_dominant,73
17031081500,hispanic__high__family_with_children__white_dominant,94
17031081500,hispanic__high__elderly__white_dominant,42
17031081500,nh_other__high__single_no_children__white_dominant,50
17031081500,nh_other__high__family_with_children__white_dominant,30
17031081500,nh_other__high__elderly__white_dominant,20
17031081600,nh_white__high__single_no_children__white_dominant,1344
17031081600,nh_white__high__family_with_children__white_dominant,672
17031081600,nh_white__high__elderly__white_dominant,672
17031081600,nh_black__high__single_no_children__white_dominant,55
17031081600,nh_black__high__family_with_children__white_dominant,37
17031081600,nh_black__high__elderly__white_dominant,30
17031081600,nh_asian__high__single_no_children__white_dominant,192
17031081600,nh_asian__high__family_with_children__white_dominant,192
17031081600,nh_asian__high__elderly__white_dominant,96
17031081600,hispanic__high__single_no_children__white_dominant,63
17031081600,hispanic__high__family_with_children__white_dominant,81
17031081600,hispanic__high__elderly__white_dominant,36
17031081600,nh_other__high__single_no_children__white_dominant,37
17031081600,nh_other__high__family_with_children__white_dominant,22
17031081600,nh_other__high__elderly__white_dominant,15
17031081700,nh_white__high__single_no_children__mixed,984
17031081700,nh_white__high__family_with_children__mixed,492
17031081700,nh_white__high__elderly__mixed,492
17031081700,nh_black__high__single_no_children__mixed,142
17031081700,nh_black__high__family_with_children__mixed,94
17031081700,nh_black__high__elderly__mixed,79
17031081700,nh_asian__high__single_no_children__mixed,160
17031081700,nh_asian__high__family_with_children__mixed,160
17031081700,nh_asian__high__elderly__mixed,80
17031081700,hispanic__high__single_no_children__mixed,111
17031081700,hispanic__high__family_with_children__mixed,143
17031081700,hispanic__high__elderly__mixed,64
17031081700,nh_other__high__single_no_children__mixed,50
17031081700,nh_other__high__family_with_children__mixed,30
17031081700,nh_other__high__elderly__mixed,20
17031251300,nh_white__lower_middle__single_no_children__black_dominant,24
17031251300,nh_white__lower_middle__family_with_children__black_dominant,16
17031251300,nh_white__lower_middle__elderly__black_dominant,13
17031251300,nh_black__lower_middle__single_no_children__black_dominant,1825
17031251300,nh_black__lower_middle__family_with_children__black_dominant,1597
17031251300,nh_black__lower_middle__elderly__black_dominant,1140
17031251300,nh_asian__lower_middle__single_no_children__black_dominant,1
17031251300,nh_asian__lower_middle__family_with_children__black_dominant,2
17031251300,nh_asian__lower_middle__elderly__black_dominant,1
17031251300,hispanic__lower_middle__single_no_children__black_dominant,76
17031251300,hispanic__lower_middle__family_with_children__black_dominant,126
17031251300,hispanic__lower_middle__elderly__black_dominant,50
17031251300,nh_other__lower_middle__single_no_children__black_dominant,22
17031251300,nh_other__lower_middle__family_with_children__black_dominant,18
17031251300,nh_other__lower_middle__elderly__black_dominant,10
17031251400,nh_white__lower_middle__single_no_children__black_dominant,73
17031251400,nh_white__lower_middle__family_with_children__black_dominant,49
17031251400,nh_white__lower_middle__elderly__black_dominant,41
17031251400,nh_black__lower_middle__single_no_children__black_dominant,1446
17031251400,nh_black__lower_middle__family_with_children__black_dominant,1266
17031251400,nh_black__lower_middle__elderly__black_dominant,904
17031251400,nh_asian__lower_middle__single_no_children__black_dominant,3
17031251400,nh_asian__lower_middle__family_with_children__black_dominant,4
17031251400,nh_asian__lower_middle__elderly__black_dominant,2
17031251400,hispanic__lower_middle__single_no_children__black_dominant,42
17031251400,hispanic__lower_middle__family_with_children__black_dominant,70
17031251400,hispanic__lower_middle__elderly__black_dominant,28
17031251400,nh_other__lower_middle__single_no_children__black_dominant,25
17031251400,nh_other__lower_middle__family_with_children__black_dominant,19
17031251400,nh_other__lower_middle__elderly__black_dominant,11
17031251500,nh_white__lower_middle__single_no_children__black_dominant,32
17031251500,nh_white__lower_middle__family_with_children__black_dominant,21
17031251500,nh_white__lower_middle__elderly__black_dominant,18
17031251500,nh_black__lower_middle__single_no_children__black_dominant,1814
17031251500,nh_black__lower_middle__family_with_children__black_dominant,1587
17031251500,nh_black__lower_middle__elderly__black_dominant,1134
17031251500,nh_asian__lower_middle__single_no_children__black_dominant,7
17031251500,nh_asian__lower_middle__family_with_children__black_dominant,9
17031251500,nh_asian__lower_middle__elderly__black_dominant,4
17031251500,hispanic__lower_middle__single_no_children__black_dominant,32
17031251500,hispanic__lower_middle__family_with_children__black_dominant,54
17031251500,hispanic__lower_middle__elderly__black_dominant,21
17031251500,nh_other__lower_middle__single_no_children__black_dominant,24
17031251500,nh_other__lower_middle__family_with_children__black_dominant,19
17031251500,nh_other__lower_middle__elderly__black_dominant,11
17031251600,nh_white__lower_middle__single_no_children__black_dominant,12
17031251600,nh_white__lower_middle__family_with_children__black_dominant,8
17031251600,nh_white__lower_middle__elderly__black_dominant,6
17031251600,nh_black__lower_middle__single_no_children__black_dominant,1383
17031251600,nh_black__lower_middle__family_with_children__black_dominant,1210
17031251600,nh_black__lower_middle__elderly__black_dominant,864
17031251600,nh_asian__lower_middle__single_no_children__black_dominant,1
17031251600,nh_asian__lower_middle__family_with_children__black_dominant,1
17031251600,nh_asian__lower_middle__elderly__black_dominant,1
17031251600,hispanic__lower_middle__single_no_children__black_dominant,40
17031251600,hispanic__lower_middle__family_with_children__black_dominant,68
17031251600,hispanic__lower_middle__elderly__black_dominant,27
17031251600,nh_other__lower_middle__single_no_children__black_dominant,13
17031251600,nh_other__lower_middle__family_with_children__black_dominant,10
17031251600,nh_other__lower_middle__elderly__black_dominant,6
17031251700,nh_white__lower_middle__single_no_children__black_dominant,6
17031251700,nh_white__lower_middle__family_with_children__black_dominant,4
17031251700,nh_white__lower_middle__elderly__black_dominant,4
17031251700,nh_black__lower_middle__single_no_children__black_dominant,532
17031251700,nh_black__lower_middle__family_with_children__black_dominant,465
17031251700,nh_black__lower_middle__elderly__black_dominant,332
17031251700,hispanic__lower_middle__single_no_children__black_dominant,44
17031251700,hispanic__lower_middle__family_with_children__black_dominant,72
17031251700,hispanic__lower_middle__elderly__black_dominant,29
17031251700,nh_other__lower_middle__single_no_children__black_dominant,3
17031251700,nh_other__lower_middle__family_with_children__black_dominant,2
17031251700,nh_other__lower_middle__elderly__black_dominant,1
17031251800,nh_white__lower_middle__single_no_children__black_dominant,7
17031251800,nh_white__lower_middle__family_with_children__black_dominant,4
17031251800,nh_white__lower_middle__elderly__black_dominant,4
17031251800,nh_black__lower_middle__single_no_children__black_dominant,1987
17031251800,nh_black__lower_middle__family_with_children__black_dominant,1738
17031251800,nh_black__lower_middle__elderly__black_dominant,1242
17031251800,hispanic__lower_middle__single_no_children__black_dominant,27
17031251800,hispanic__lower_middle__family_with_children__black_dominant,46
17031251800,hispanic__lower_middle__elderly__black_dominant,18
17031251800,nh_other__lower_middle__single_no_children__black_dominant,18
17031251800,nh_other__lower_middle__family_with_children__black_dominant,14
17031251800,nh_other__lower_middle__elderly__black_dominant,8
17031251900,nh_white__lower_middle__single_no_children__black_dominant,34
17031251900,nh_white__lower_middle__family_with_children__black_dominant,23
17031251900,nh_white__lower_middle__elderly__black_dominant,19
17031251900,nh_black__lower_middle__single_no_children__black_dominant,2185
17031251900,nh_black__lower_middle__family_with_children__black_dominant,1912
17031251900,nh_black__lower_middle__elderly__black_dominant,1366
17031251900,nh_asian__lower_middle__single_no_children__black_dominant,1
17031251900,nh_asian__lower_middle__family_with_children__black_dominant,1
17031251900,nh_asian__lower_middle__elderly__black_dominant,1
17031251900,hispanic__lower_middle__single_no_children__black_dominant,41
17031251900,hispanic__lower_middle__family_with_children__black_dominant,68
17031251900,hispanic__lower_middle__elderly__black_dominant,27
17031251900,nh_other__lower_middle__single_no_children__black_dominant,24
17031251900,nh_other__lower_middle__family_with_children__black_dominant,19
17031251900,nh_other__lower_middle__elderly__black_dominant,11
17031570300,nh_white__lower_middle__single_no_children__hispanic_dominant,532
17031570300,nh_white__lower_middle__family_with_children__hispanic_dominant,355
17031570300,nh_white__lower_middle__elderly__hispanic_dominant,296
17031570300,nh_black__lower_middle__single_no_children__hispanic_dominant,14
17031570300,nh_black__lower_middle__family_with_children__hispanic_dominant,13
17031570300,nh_black__lower_middle__elderly__hispanic_dominant,9
17031570300,nh_asian__lower_middle__single_no_children__hispanic_dominant,9
17031570300,nh_asian__lower_middle__family_with_children__hispanic_dominant,12
17031570300,nh_asian__lower_middle__elderly__hispanic_dominant,5
17031570300,hispanic__lower_middle__single_no_children__hispanic_dominant,1450
17031570300,hispanic__lower_middle__family_with_children__hispanic_dominant,2418
17031570300,hispanic__lower_middle__elderly__hispanic_dominant,967
17031570300,nh_other__lower_middle__single_no_children__hispanic_dominant,16
17031570300,nh_other__lower_middle__family_with_children__hispanic_dominant,13
17031570300,nh_other__lower_middle__elderly__hispanic_dominant,7
17031570400,nh_white__lower_middle__single_no_children__hispanic_dominant,143
17031570400,nh_white__lower_middle__family_with_children__hispanic_dominant,95
17031570400,nh_white__lower_middle__elderly__hispanic_dominant,80
17031570400,nh_black__lower_middle__single_no_children__hispanic_dominant,14
17031570400,nh_black__lower_middle__family_with_children__hispanic_dominant,13
17031570400,nh_black__lower_middle__elderly__hispanic_dominant,9
17031570400,nh_asian__lower_middle__single_no_children__hispanic_dominant,9
17031570400,nh_asian__lower_middle__family_with_children__hispanic_dominant,12
17031570400,nh_asian__lower_middle__elderly__hispanic_dominant,5
17031570400,hispanic__lower_middle__single_no_children__hispanic_dominant,368
17031570400,hispanic__lower_middle__family_with_children__hispanic_dominant,612
17031570400,hispanic__lower_middle__elderly__hispanic_dominant,245
17031570400,nh_other__lower_middle__single_no_children__hispanic_dominant,4
17031570400,nh_other__lower_middle__family_with_children__hispanic_dominant,4
17031570400,nh_other__lower_middle__elderly__hispanic_dominant,2
17031570500,nh_white__lower_middle__single_no_children__hispanic_dominant,297
17031570500,nh_white__lower_middle__family_with_children__hispanic_dominant,198
17031570500,nh_white__lower_middle__elderly__hispanic_dominant,165
17031570500,nh_black__lower_middle__single_no_children__hispanic_dominant,14
17031570500,nh_black__lower_middle__family_with_children__hispanic_dominant,12
17031570500,nh_black__lower_middle__elderly__hispanic_dominant,9
17031570500,nh_asian__lower_middle__single_no_children__hispanic_dominant,5
17031570500,nh_asian__lower_middle__family_with_children__hispanic_dominant,6
17031570500,nh_asian__lower_middle__elderly__hispanic_dominant,3
17031570500,hispanic__lower_middle__single_no_children__hispanic_dominant,524
17031570500,hispanic__lower_middle__family_with_children__hispanic_dominant,874
17031570500,hispanic__lower_middle__elderly__hispanic_dominant,349
17031570500,nh_other__lower_middle__single_no_children__hispanic_dominant,4
17031570500,nh_other__lower_middle__family_with_children__hispanic_dominant,3
17031570500,nh_other__lower_middle__elderly__hispanic_dominant,2
17031580100,nh_white__low__single_no_children__hispanic_dominant,120
17031580100,nh_white__low__family_with_children__hispanic_dominant,100
17031580100,nh_white__low__elderly__hispanic_dominant,66
17031580100,nh_black__low__single_no_children__hispanic_dominant,20
17031580100,nh_black__low__family_with_children__hispanic_dominant,21
17031580100,nh_black__low__elderly__hispanic_dominant,12
17031580100,nh_asian__low__single_no_children__hispanic_dominant,131
17031580100,nh_asian__low__family_with_children__hispanic_dominant,204
17031580100,nh_asian__low__elderly__hispanic_dominant,74
17031580100,hispanic__low__single_no_children__hispanic_dominant,602
17031580100,hispanic__low__family_with_children__hispanic_dominant,1226
17031580100,hispanic__low__elderly__hispanic_dominant,401
17031580100,nh_other__low__single_no_children__hispanic_dominant,5
17031580100,nh_other__low__family_with_children__hispanic_dominant,5
17031580100,nh_other__low__elderly__hispanic_dominant,2
17031580200,nh_white__low__single_no_children__hispanic_dominant,114
17031580200,nh_white__low__family_with_children__hispanic_dominant,95
17031580200,nh_white__low__elderly__hispanic_dominant,62
17031580200,nh_black__low__single_no_children__hispanic_dominant,18
17031580200,nh_black__low__family_with_children__hispanic_dominant,19
17031580200,nh_black__low__elderly__hispanic_dominant,11
17031580200,nh_asian__low__single_no_children__hispanic_dominant,88
17031580200,nh_asian__low__family_with_children__hispanic_dominant,137
17031580200,nh_asian__low__elderly__hispanic_dominant,49
17031580200,hispanic__low__single_no_children__hispanic_dominant,783
17031580200,hispanic__low__family_with_children__hispanic_dominant,1595
17031580200,hispanic__low__elderly__hispanic_dominant,522
17031580200,nh_other__low__single_no_children__hispanic_dominant,9
17031580200,nh_other__low__family_with_children__hispanic_dominant,9
17031580200,nh_other__low__elderly__hispanic_dominant,4
17031580300,nh_white__low__single_no_children__hispanic_dominant,38
17031580300,nh_white__low__family_with_children__hispanic_dominant,32
17031580300,nh_white__low__elderly__hispanic_dominant,21
17031580300,nh_black__low__single_no_children__hispanic_dominant,9
17031580300,nh_black__low__family_with_children__hispanic_dominant,9
17031580300,nh_black__low__elderly__hispanic_dominant,5
17031580300,nh_asian__low__single_no_children__hispanic_dominant,65
17031580300,nh_asian__low__family_with_children__hispanic_dominant,102
17031580300,nh_asian__low__elderly__hispanic_dominant,37
17031580300,hispanic__low__single_no_children__hispanic_dominant,566
17031580300,hispanic__low__family_with_children__hispanic_dominant,1152
17031580300,hispanic__low__elderly__hispanic_dominant,377
17031580300,nh_other__low__single_no_children__hispanic_dominant,5
17031580300,nh_other__low__family_with_children__hispanic_dominant,5
17031580300,nh_other__low__elderly__hispanic_dominant,2
17031580400,nh_white__low__single_no_children__hispanic_dominant,199
17031580400,nh_white__low__family_with_children__hispanic_dominant,166
17031580400,nh_white__low__elderly__hispanic_dominant,109
17031580400,nh_black__low__single_no_children__hispanic_dominant,15
17031580400,nh_black__low__family_with_children__hispanic_dominant,16
17031580400,nh_black__low__elderly__hispanic_dominant,9
17031580400,nh_asian__low__single_no_children__hispanic_dominant,107
17031580400,nh_asian__low__family_with_children__hispanic_dominant,168
17031580400,nh_asian__low__elderly__hispanic_dominant,60
17031580400,hispanic__low__single_no_children__hispanic_dominant,1060
17031580400,hispanic__low__family_with_children__hispanic_dominant,2159
17031580400,hispanic__low__elderly__hispanic_dominant,707
17031580400,nh_other__low__single_no_children__hispanic_dominant,8
17031580400,nh_other__low__family_with_children__hispanic_dominant,8
17031580400,nh_other__low__elderly__hispanic_dominant,4
17031580600,nh_white__low__single_no_children__hispanic_dominant,190
17031580600,nh_white__low__family_with_children__hispanic_dominant,158
17031580600,nh_white__low__elderly__hispanic_dominant,104
17031580600,nh_black__low__single_no_children__hispanic_dominant,18
17031580600,nh_black__low__family_with_children__hispanic_dominant,20
17031580600,nh_black__low__elderly__hispanic_dominant,11
17031580600,nh_asian__low__single_no_children__hispanic_dominant,73
17031580600,nh_asian__low__family_with_children__hispanic_dominant,114
17031580600,nh_asian__low__elderly__hispanic_dominant,41
17031580600,hispanic__low__single_no_children__hispanic_dominant,1290
17031580600,hispanic__low__family_with_children__hispanic_dominant,2628
17031580600,hispanic__low__elderly__hispanic_dominant,860
17031580600,nh_other__low__single_no_children__hispanic_dominant,10
17031580600,nh_other__low__family_with_children__hispanic_dominant,10
17031580600,nh_other__low__elderly__hispanic_dominant,4
17031530300,nh_white__lower_middle__single_no_children__black_dominant,4
17031530300,nh_white__lower_middle__family_with_children__black_dominant,3
17031530300,nh_white__lower_middle__elderly__black_dominant,2
17031530300,nh_black__lower_middle__single_no_children__black_dominant,1664
17031530300,nh_black__lower_middle__family_with_children__black_dominant,1456
17031530300,nh_black__lower_middle__elderly__black_dominant,1040
17031530300,nh_asian__lower_middle__single_no_children__black_dominant,1
17031530300,nh_asian__lower_middle__family_with_children__black_dominant,1
17031530300,nh_asian__lower_middle__elderly__black_dominant,1
17031530300,hispanic__lower_middle__single_no_children__black_dominant,17
17031530300,hispanic__lower_middle__family_with_children__black_dominant,29
17031530300,hispanic__lower_middle__elderly__black_dominant,12
17031530300,nh_other__lower_middle__single_no_children__black_dominant,20
17031530300,nh_other__lower_middle__family_with_children__black_dominant,15
17031530300,nh_other__lower_middle__elderly__black_dominant,9
17031500100,nh_white__lower_middle__single_no_children__black_dominant,9
17031500100,nh_white__lower_middle__family_with_children__black_dominant,6
17031500100,nh_white__lower_middle__elderly__black_dominant,5
17031500100,nh_black__lower_middle__single_no_children__black_dominant,1422
17031500100,nh_black__lower_middle__family_with_children__black_dominant,1244
17031500100,nh_black__lower_middle__elderly__black_dominant,888
17031500100,hispanic__lower_middle__single_no_children__black_dominant,11
17031500100,hispanic__lower_middle__family_with_children__black_dominant,18
17031500100,hispanic__lower_middle__elderly__black_dominant,7
17031500100,nh_other__lower_middle__single_no_children__black_dominant,15
17031500100,nh_other__lower_middle__family_with_children__black_dominant,12
17031500100,nh_other__lower_middle__elderly__black_dominant,7
17031050500,nh_white__high__single_no_children__white_dominant,1963
17031050500,nh_white__high__family_with_children__white_dominant,982
17031050500,nh_white__high__elderly__white_dominant,982
17031050500,nh_black__high__single_no_children__white_dominant,29
17031050500,nh_black__high__family_with_children__white_dominant,20
17031050500,nh_black__high__elderly__white_dominant,16
17031050500,nh_asian__high__single_no_children__white_dominant,86
17031050500,nh_asian__high__family_with_children__white_dominant,86
17031050500,nh_asian__high__elderly__white_dominant,43
17031050500,hispanic__high__single_no_children__white_dominant,146
17031050500,hispanic__high__family_with_children__white_dominant,187
17031050500,hispanic__high__elderly__white_dominant,83
17031050500,nh_other__high__single_no_children__white_dominant,66
17031050500,nh_other__high__family_with_children__white_dominant,40
17031050500,nh_other__high__elderly__white_dominant,26
17031050600,nh_white__high__single_no_children__white_dominant,861
17031050600,nh_white__high__family_with_children__white_dominant,430
17031050600,nh_white__high__elderly__white_dominant,430
17031050600,nh_black__high__single_no_children__white_dominant,15
17031050600,nh_black__high__family_with_children__white_dominant,10
17031050600,nh_black__high__elderly__white_dominant,8
17031050600,nh_asian__high__single_no_children__white_dominant,31
17031050600,nh_asian__high__family_with_children__white_dominant,31
17031050600,nh_asian__high__elderly__white_dominant,15
17031050600,hispanic__high__single_no_children__white_dominant,71
17031050600,hispanic__high__family_with_children__white_dominant,91
17031050600,hispanic__high__elderly__white_dominant,41
17031050600,nh_other__high__single_no_children__white_dominant,18
17031050600,nh_other__high__family_with_children__white_dominant,11
17031050600,nh_other__high__elderly__white_dominant,7
17031050700,nh_white__high__single_no_children__white_dominant,596
17031050700,nh_white__high__family_with_children__white_dominant,298
17031050700,nh_white__high__elderly__white_dominant,298
17031050700,nh_black__high__single_no_children__white_dominant,12
17031050700,nh_black__high__family_with_children__white_dominant,8
17031050700,nh_black__high__elderly__white_dominant,7
17031050700,nh_asian__high__single_no_children__white_dominant,21
17031050700,nh_asian__high__family_with_children__white_dominant,21
17031050700,nh_asian__high__elderly__white_dominant,10
17031050700,hispanic__high__single_no_children__white_dominant,37
17031050700,hispanic__high__family_with_children__white_dominant,47
17031050700,hispanic__high__elderly__white_dominant,21
17031050700,nh_other__high__single_no_children__white_dominant,22
17031050700,nh_other__high__family_with_children__white_dominant,13
17031050700,nh_other__high__elderly__white_dominant,9
17031050800,nh_white__high__single_no_children__white_dominant,526
17031050800,nh_white__high__family_with_children__white_dominant,263
17031050800,nh_white__high__elderly__white_dominant,263
17031050800,nh_black__high__single_no_children__white_dominant,4
17031050800,nh_black__high__family_with_children__white_dominant,3
17031050800,nh_black__high__elderly__white_dominant,2
17031050800,nh_asian__high__single_no_children__white_dominant,27
17031050800,nh_asian__high__family_with_children__white_dominant,27
17031050800,nh_asian__high__elderly__white_dominant,14
17031050800,hispanic__high__single_no_children__white_dominant,48
17031050800,hispanic__high__family_with_children__white_dominant,62
17031050800,hispanic__high__elderly__white_dominant,28
17031050800,nh_other__high__single_no_children__white_dominant,10
17031050800,nh_other__high__family_with_children__white_dominant,6
17031050800,nh_other__high__elderly__white_dominant,4
17031050900,nh_white__high__single_no_children__white_dominant,522
17031050900,nh_white__high__family_with_children__white_dominant,261
17031050900,nh_white__high__elderly__white_dominant,261
17031050900,nh_black__high__single_no_children__white_dominant,10
17031050900,nh_black__high__family_with_children__white_dominant,7
17031050900,nh_black__high__elderly__white_dominant,6
17031050900,nh_asian__high__single_no_children__white_dominant,29
17031050900,nh_asian__high__family_with_children__white_dominant,29
17031050900,nh_asian__high__elderly__white_dominant,14
17031050900,hispanic__high__single_no_children__white_dominant,80
17031050900,hispanic__high__family_with_children__white_dominant,103
17031050900,hispanic__high__elderly__white_dominant,46
17031050900,nh_other__high__single_no_children__white_dominant,12
17031050900,nh_other__high__family_with_children__white_dominant,7
17031050900,nh_other__high__elderly__white_dominant,5
17031051000,nh_white__high__single_no_children__white_dominant,574
17031051000,nh_white__high__family_with_children__white_dominant,287
17031051000,nh_white__high__elderly__white_dominant,287
17031051000,nh_black__high__single_no_children__white_dominant,13
17031051000,nh_black__high__family_with_children__white_dominant,8
17031051000,nh_black__high__elderly__white_dominant,7
17031051000,nh_asian__high__single_no_children__white_dominant,21
17031051000,nh_asian__high__family_with_children__white_dominant,21
17031051000,nh_asian__high__elderly__white_dominant,11
17031051000,hispanic__high__single_no_children__white_dominant,85
17031051000,hispanic__high__family_with_children__white_dominant,109
17031051000,hispanic__high__elderly__white_dominant,49
17031051000,nh_other__high__single_no_children__white_dominant,15
17031051000,nh_other__high__family_with_children__white_dominant,9
17031051000,nh_other__high__elderly__white_dominant,6
17031051100,nh_white__high__single_no_children__white_dominant,628
17031051100,nh_white__high__family_with_children__white_dominant,314
17031051100,nh_white__high__elderly__white_dominant,314
17031051100,nh_black__high__single_no_children__white_dominant,14
17031051100,nh_black__high__family_with_children__white_dominant,9
17031051100,nh_black__high__elderly__white_dominant,8
17031051100,nh_asian__high__single_no_children__white_dominant,22
17031051100,nh_asian__high__family_with_children__white_dominant,22
17031051100,nh_asian__high__elderly__white_dominant,11
17031051100,hispanic__high__single_no_children__white_dominant,61
17031051100,hispanic__high__family_with_children__white_dominant,78
17031051100,hispanic__high__elderly__white_dominant,35
17031051100,nh_other__high__single_no_children__white_dominant,20
17031051100,nh_other__high__family_with_children__white_dominant,12
17031051100,nh_other__high__elderly__white_dominant,8
17031051200,nh_white__high__single_no_children__white_dominant,631
17031051200,nh_white__high__family_with_children__white_dominant,316
17031051200,nh_white__high__elderly__white_dominant,316
17031051200,nh_black__high__single_no_children__white_dominant,12
17031051200,nh_black__high__family_with_children__white_dominant,8
17031051200,nh_black__high__elderly__white_dominant,6
17031051200,nh_asian__high__single_no_children__white_dominant,12
17031051200,nh_asian__high__family_with_children__white_dominant,12
17031051200,nh_asian__high__elderly__white_dominant,6
17031051200,hispanic__high__single_no_children__white_dominant,57
17031051200,hispanic__high__family_with_children__white_dominant,73
17031051200,hispanic__high__elderly__white_dominant,33
17031051200,nh_other__high__single_no_children__white_dominant,18
17031051200,nh_other__high__family_with_children__white_dominant,11
17031051200,nh_other__high__elderly__white_dominant,7
17031051300,nh_white__high__single_no_children__white_dominant,1074
17031051300,nh_white__high__family_with_children__white_dominant,537
17031051300,nh_white__high__elderly__white_dominant,537
17031051300,nh_black__high__single_no_children__white_dominant,18
17031051300,nh_black__high__family_with_children__white_dominant,12
17031051300,nh_black__high__elderly__white_dominant,10
17031051300,nh_asian__high__single_no_children__white_dominant,41
17031051300,nh_asian__high__family_with_children__white_dominant,41
17031051300,nh_asian__high__elderly__white_dominant,21
17031051300,hispanic__high__single_no_children__white_dominant,119
17031051300,hispanic__high__family_with_children__white_dominant,153
17031051300,hispanic__high__elderly__white_dominant,68
17031051300,nh_other__high__single_no_children__white_dominant,26
17031051300,nh_other__high__family_with_children__white_dominant,16
17031051300,nh_other__high__elderly__white_dominant,11
17031051400,nh_white__high__single_no_children__mixed,672
17031051400,nh_white__high__family_with_children__mixed,336
17031051400,nh_white__high__elderly__mixed,336
17031051400,nh_black__high__single_no_children__mixed,75
17031051400,nh_black__high__family_with_children__mixed,50
17031051400,nh_black__high__elderly__mixed,42
17031051400,nh_asian__high__single_no_children__mixed,40
17031051400,nh_asian__high__family_with_children__mixed,40
17031051400,nh_asian__high__elderly__mixed,20
17031051400,hispanic__high__single_no_children__mixed,146
17031051400,hispanic__high__family_with_children__mixed,187
17031051400,hispanic__high__elderly__mixed,83
17031051400,nh_other__high__single_no_children__mixed,26
17031051400,nh_other__high__family_with_children__mixed,15
17031051400,nh_other__high__elderly__mixed,10
17031060100,nh_white__high__single_no_children__white_dominant,1026
17031060100,nh_white__high__family_with_children__white_dominant,513
17031060100,nh_white__high__elderly__white_dominant,513
17031060100,nh_black__high__single_no_children__white_dominant,29
17031060100,nh_black__high__family_with_children__white_dominant,19
17031060100,nh_black__high__elderly__white_dominant,16
17031060100,nh_asian__high__single_no_children__white_dominant,30
17031060100,nh_asian__high__family_with_children__white_dominant,30
17031060100,nh_asian__high__elderly__white_dominant,15
17031060100,hispanic__high__single_no_children__white_dominant,109
17031060100,hispanic__high__family_with_children__white_dominant,140
17031060100,hispanic__high__elderly__white_dominant,62
17031060100,nh_other__high__single_no_children__white_dominant,32
17031060100,nh_other__high__family_with_children__white_dominant,20
17031060100,nh_other__high__elderly__white_dominant,13
17031060200,nh_white__high__single_no_children__white_dominant,745
17031060200,nh_white__high__family_with_children__white_dominant,372
17031060200,nh_white__high__elderly__white_dominant,372
17031060200,nh_black__high__single_no_children__white_dominant,37
17031060200,nh_black__high__family_with_children__white_dominant,25
17031060200,nh_black__high__elderly__white_dominant,20
17031060200,nh_asian__high__single_no_children__white_dominant,34
17031060200,nh_asian__high__family_with_children__white_dominant,34
17031060200,nh_asian__high__elderly__white_dominant,17
17031060200,hispanic__high__single_no_children__white_dominant,139
17031060200,hispanic__high__family_with_children__white_dominant,179
17031060200,hispanic__high__elderly__white_dominant,79
17031060200,nh_other__high__single_no_children__white_dominant,28
17031060200,nh_other__high__family_with_children__white_dominant,17
17031060200,nh_other__high__elderly__white_dominant,11
17031081800,nh_white__high__single_no_children__white_dominant,2783
17031081800,nh_white__high__family_with_children__white_dominant,1392
17031081800,nh_white__high__elderly__white_dominant,1392
17031081800,nh_black__high__single_no_children__white_dominant,78
17031081800,nh_black__high__family_with_children__white_dominant,52
17031081800,nh_black__high__elderly__white_dominant,44
17031081800,nh_asian__high__single_no_children__white_dominant,278
17031081800,nh_asian__high__family_with_children__white_dominant,278
17031081800,nh_asian__high__elderly__white_dominant,139
17031081800,hispanic__high__single_no_children__white_dominant,103
17031081800,hispanic__high__family_with_children__white_dominant,133
17031081800,hispanic__high__elderly__white_dominant,59
17031081800,nh_other__high__single_no_children__white_dominant,68
17031081800,nh_other__high__family_with_children__white_dominant,41
17031081800,nh_other__high__elderly__white_dominant,27
17031081900,nh_white__high__single_no_children__mixed,207
17031081900,nh_white__high__family_with_children__mixed,104
17031081900,nh_white__high__elderly__mixed,104
17031081900,nh_black__high__single_no_children__mixed,244
17031081900,nh_black__high__family_with_children__mixed,163
17031081900,nh_black__high__elderly__mixed,136
17031081900,nh_asian__high__single_no_children__mixed,22
17031081900,nh_asian__high__family_with_children__mixed,22
17031081900,nh_asian__high__elderly__mixed,11
17031081900,hispanic__high__single_no_children__mixed,8
17031081900,hispanic__high__family_with_children__mixed,10
17031081900,hispanic__high__elderly__mixed,5
17031081900,nh_other__high__single_no_children__mixed,10
17031081900,nh_other__high__family_with_children__mixed,6
17031081900,nh_other__high__elderly__mixed,4
17031090100,nh_white__high__single_no_children__white_dominant,1490
17031090100,nh_white__high__family_with_children__white_dominant,745
17031090100,nh_white__high__elderly__white_dominant,745
17031090100,nh_black__high__single_no_children__white_dominant,4
17031090100,nh_black__high__family_with_children__white_dominant,3
17031090100,nh_black__high__elderly__white_dominant,2
17031090100,nh_asian__high__single_no_children__white_dominant,41
17031090100,nh_asian__high__family_with_children__white_dominant,41
17031090100,nh_asian__high__elderly__white_dominant,21
17031090100,hispanic__high__single_no_children__white_dominant,96
17031090100,hispanic__high__family_with_children__white_dominant,123
17031090100,hispanic__high__elderly__white_dominant,55
17031090100,nh_other__high__single_no_children__white_dominant,20
17031090100,nh_other__high__family_with_children__white_dominant,12
17031090100,nh_other__high__elderly__white_dominant,8
17031090200,nh_white__high__single_no_children__white_dominant,2918
17031090200,nh_white__high__family_with_children__white_dominant,1459
17031090200,nh_white__high__elderly__white_dominant,1459
17031090200,nh_black__high__single_no_children__white_dominant,8
17031090200,nh_black__high__family_with_children__white_dominant,5
17031090200,nh_black__high__elderly__white_dominant,4
17031090200,nh_asian__high__single_no_children__white_dominant,55
17031090200,nh_asian__high__family_with_children__white_dominant,55
17031090200,nh_asian__high__elderly__white_dominant,28
17031090200,hispanic__high__single_no_children__white_dominant,174
17031090200,hispanic__high__family_with_children__white_dominant,223
17031090200,hispanic__high__elderly__white_dominant,99
17031090200,nh_other__high__single_no_children__white_dominant,38
17031090200,nh_other__high__family_with_children__white_dominant,22
17031090200,nh_other__high__elderly__white_dominant,15
17031090300,nh_white__high__single_no_children__white_dominant,608
17031090300,nh_white__high__family_with_children__white_dominant,304
17031090300,nh_white__high__elderly__white_dominant,304
17031090300,nh_black__high__single_no_children__white_dominant,1
17031090300,nh_black__high__family_with_children__white_dominant,1
17031090300,nh_black__high__elderly__white_dominant,1
17031090300,nh_asian__high__single_no_children__white_dominant,12
17031090300,nh_asian__high__family_with_children__white_dominant,12
17031090300,nh_asian__high__elderly__white_dominant,6
17031090300,hispanic__high__single_no_children__white_dominant,37
17031090300,hispanic__high__family_with_children__white_dominant,48
17031090300,hispanic__high__elderly__white_dominant,21
17031090300,nh_other__high__single_no_children__white_dominant,9
17031090300,nh_other__high__family_with_children__white_dominant,5
17031090300,nh_other__high__elderly__white_dominant,4
17031100100,nh_white__upper_middle__single_no_children__white_dominant,1874
17031100100,nh_white__upper_middle__family_with_children__white_dominant,1250
17031100100,nh_white__upper_middle__elderly__white_dominant,1041
17031100100,nh_black__upper_middle__single_no_children__white_dominant,15
17031100100,nh_black__upper_middle__family_with_children__white_dominant,13
17031100100,nh_black__upper_middle__elderly__white_dominant,10
17031100100,nh_asian__upper_middle__single_no_children__white_dominant,91
17031100100,nh_asian__upper_middle__family_with_children__white_dominant,117
17031100100,nh_asian__upper_middle__elderly__white_dominant,52
17031100100,hispanic__upper_middle__single_no_children__white_dominant,223
17031100100,hispanic__upper_middle__family_with_children__white_dominant,372
17031100100,hispanic__upper_middle__elderly__white_dominant,149
17031100100,nh_other__upper_middle__single_no_children__white_dominant,48
17031100100,nh_other__upper_middle__family_with_children__white_dominant,37
17031100100,nh_other__upper_middle__elderly__white_dominant,21
17031100200,nh_white__upper_middle__single_no_children__white_dominant,2546
17031100200,nh_white__upper_middle__family_with_children__white_dominant,1697
17031100200,nh_white__upper_middle__elderly__white_dominant,1414
17031100200,nh_black__upper_middle__single_no_children__white_dominant,10
17031100200,nh_black__upper_middle__family_with_children__white_dominant,9
17031100200,nh_black__upper_middle__elderly__white_dominant,6
17031100200,nh_asian__upper_middle__single_no_children__white_dominant,55
17031100200,nh_asian__upper_middle__family_with_children__white_dominant,71
17031100200,nh_asian__upper_middle__elderly__white_dominant,31
17031100200,hispanic__upper_middle__single_no_children__white_dominant,237
17031100200,hispanic__upper_middle__family_with_children__white_dominant,396
17031100200,hispanic__upper_middle__elderly__white_dominant,158
17031100200,nh_other__upper_middle__single_no_children__white_dominant,53
17031100200,nh_other__upper_middle__family_with_children__white_dominant,41
17031100200,nh_other__upper_middle__elderly__white_dominant,24
17031252000,nh_white__lower_middle__single_no_children__black_dominant,38
17031252000,nh_white__lower_middle__family_with_children__black_dominant,25
17031252000,nh_white__lower_middle__elderly__black_dominant,21
17031252000,nh_black__lower_middle__single_no_children__black_dominant,2190
17031252000,nh_black__lower_middle__family_with_children__black_dominant,1916
17031252000,nh_black__lower_middle__elderly__black_dominant,1368
17031252000,nh_asian__lower_middle__single_no_children__black_dominant,2
17031252000,nh_asian__lower_middle__family_with_children__black_dominant,3
17031252000,nh_asian__lower_middle__elderly__black_dominant,1
17031252000,hispanic__lower_middle__single_no_children__black_dominant,31
17031252000,hispanic__lower_middle__family_with_children__black_dominant,52
17031252000,hispanic__lower_middle__elderly__black_dominant,21
17031252000,nh_other__lower_middle__single_no_children__black_dominant,23
17031252000,nh_other__lower_middle__family_with_children__black_dominant,18
17031252000,nh_other__lower_middle__elderly__black_dominant,10
17031260100,nh_white__low__single_no_children__black_dominant,7
17031260100,nh_white__low__family_with_children__black_dominant,6
17031260100,nh_white__low__elderly__black_dominant,4
17031260100,nh_black__low__single_no_children__black_dominant,433
17031260100,nh_black__low__family_with_children__black_dominant,468
17031260100,nh_black__low__elderly__black_dominant,269
17031260100,hispanic__low__single_no_children__black_dominant,13
17031260100,hispanic__low__family_with_children__black_dominant,27
17031260100,hispanic__low__elderly__black_dominant,9
17031260100,nh_other__low__single_no_children__black_dominant,5
17031260100,nh_other__low__family_with_children__black_dominant,5
17031260100,nh_other__low__elderly__black_dominant,2
17031260200,nh_white__low__single_no_children__black_dominant,7
17031260200,nh_white__low__family_with_children__black_dominant,6
17031260200,nh_white__low__elderly__black_dominant,4
17031260200,nh_black__low__single_no_children__black_dominant,400
17031260200,nh_black__low__family_with_children__black_dominant,432
17031260200,nh_black__low__elderly__black_dominant,248
17031260200,hispanic__low__single_no_children__black_dominant,7
17031260200,hispanic__low__family_with_children__black_dominant,14
17031260200,hispanic__low__elderly__black_dominant,5
17031260200,nh_other__low__single_no_children__black_dominant,5
17031260200,nh_other__low__family_with_children__black_dominant,5
17031260200,nh_other__low__elderly__black_dominant,2
17031260300,nh_white__low__single_no_children__black_dominant,2
17031260300,nh_white__low__family_with_children__black_dominant,2
17031260300,nh_white__low__elderly__black_dominant,1
17031260300,nh_black__low__single_no_children__black_dominant,556
17031260300,nh_black__low__family_with_children__black_dominant,602
17031260300,nh_black__low__elderly__black_dominant,346
17031260300,hispanic__low__single_no_children__black_dominant,10
17031260300,hispanic__low__family_with_children__black_dominant,20
17031260300,hispanic__low__elderly__black_dominant,7
17031260300,nh_other__low__single_no_children__black_dominant,8
17031260300,nh_other__low__family_with_children__black_dominant,7
17031260300,nh_other__low__elderly__black_dominant,3
17031260400,nh_white__low__single_no_children__black_dominant,1
17031260400,nh_white__low__family_with_children__black_dominant,1
17031260400,nh_white__low__elderly__black_dominant,1
17031260400,nh_black__low__single_no_children__black_dominant,443
17031260400,nh_black__low__family_with_children__black_dominant,478
17031260400,nh_black__low__elderly__black_dominant,275
17031260400,hispanic__low__single_no_children__black_dominant,14
17031260400,hispanic__low__family_with_children__black_dominant,28
17031260400,hispanic__low__elderly__black_dominant,9
17031260400,nh_other__low__single_no_children__black_dominant,9
17031260400,nh_other__low__family_with_children__black_dominant,9
17031260400,nh_other__low__elderly__black_dominant,4
17031260500,nh_white__low__single_no_children__black_dominant,4
17031260500,nh_white__low__family_with_children__black_dominant,4
17031260500,nh_white__low__elderly__black_dominant,2
17031260500,nh_black__low__single_no_children__black_dominant,702
17031260500,nh_black__low__family_with_children__black_dominant,758
17031260500,nh_black__low__elderly__black_dominant,436
17031260500,hispanic__low__single_no_children__black_dominant,3
17031260500,hispanic__low__family_with_children__black_dominant,7
17031260500,hispanic__low__elderly__black_dominant,2
17031260500,nh_other__low__single_no_children__black_dominant,7
17031260500,nh_other__low__family_with_children__black_dominant,6
17031260500,nh_other__low__elderly__black_dominant,3
17031260600,nh_white__low__single_no_children__black_dominant,9
17031260600,nh_white__low__family_with_children__black_dominant,7
17031260600,nh_white__low__elderly__black_dominant,5
17031260600,nh_black__low__single_no_children__black_dominant,881
17031260600,nh_black__low__family_with_children__black_dominant,952
17031260600,nh_black__low__elderly__black_dominant,548
17031260600,nh_asian__low__single_no_children__black_dominant,1
17031260600,nh_asian__low__family_with_children__black_dominant,1
17031260600,nh_asian__low__elderly__black_dominant,1
17031260600,hispanic__low__single_no_children__black_dominant,10
17031260600,hispanic__low__family_with_children__black_dominant,21
17031260600,hispanic__low__elderly__black_dominant,7
17031260600,nh_other__low__single_no_children__black_dominant,16
17031260600,nh_other__low__family_with_children__black_dominant,15
17031260600,nh_other__low__elderly__black_dominant,7
17031580700,nh_white__low__single_no_children__hispanic_dominant,184
17031580700,nh_white__low__family_with_children__hispanic_dominant,153
17031580700,nh_white__low__elderly__hispanic_dominant,101
17031580700,nh_black__low__single_no_children__hispanic_dominant,41
17031580700,nh_black__low__family_with_children__hispanic_dominant,44
17031580700,nh_black__low__elderly__hispanic_dominant,25
17031580700,nh_asian__low__single_no_children__hispanic_dominant,107
17031580700,nh_asian__low__family_with_children__hispanic_dominant,168
17031580700,nh_asian__low__elderly__hispanic_dominant,60
17031580700,hispanic__low__single_no_children__hispanic_dominant,1409
17031580700,hispanic__low__family_with_children__hispanic_dominant,2869
17031580700,hispanic__low__elderly__hispanic_dominant,939
17031580700,nh_other__low__single_no_children__hispanic_dominant,16
17031580700,nh_other__low__family_with_children__hispanic_dominant,15
17031580700,nh_other__low__elderly__hispanic_dominant,7
17031580800,nh_white__low__single_no_children__hispanic_dominant,50
17031580800,nh_white__low__family_with_children__hispanic_dominant,42
17031580800,nh_white__low__elderly__hispanic_dominant,27
17031580800,nh_black__low__single_no_children__hispanic_dominant,3
17031580800,nh_black__low__family_with_children__hispanic_dominant,3
17031580800,nh_black__low__elderly__hispanic_dominant,2
17031580800,nh_asian__low__single_no_children__hispanic_dominant,3
17031580800,nh_asian__low__family_with_children__hispanic_dominant,4
17031580800,nh_asian__low__elderly__hispanic_dominant,2
17031580800,hispanic__low__single_no_children__hispanic_dominant,519
17031580800,hispanic__low__family_with_children__hispanic_dominant,1058
17031580800,hispanic__low__elderly__hispanic_dominant,346
17031580800,nh_other__low__single_no_children__hispanic_dominant,1
17031580800,nh_other__low__family_with_children__hispanic_dominant,1
17031580800,nh_other__low__elderly__hispanic_dominant,1
17031590500,nh_white__lower_middle__single_no_children__mixed,178
17031590500,nh_white__lower_middle__family_with_children__mixed,118
17031590500,nh_white__lower_middle__elderly__mixed,99
17031590500,nh_black__lower_middle__single_no_children__mixed,10
17031590500,nh_black__lower_middle__family_with_children__mixed,8
17031590500,nh_black__lower_middle__elderly__mixed,6
17031590500,nh_asian__lower_middle__single_no_children__mixed,83
17031590500,nh_asian__lower_middle__family_with_children__mixed,107
17031590500,nh_asian__lower_middle__elderly__mixed,48
17031590500,hispanic__lower_middle__single_no_children__mixed,300
17031590500,hispanic__lower_middle__family_with_children__mixed,500
17031590500,hispanic__lower_middle__elderly__mixed,200
17031590500,nh_other__lower_middle__single_no_children__mixed,6
17031590500,nh_other__lower_middle__family_with_children__mixed,5
17031590500,nh_other__lower_middle__elderly__mixed,3
17031590600,nh_white__lower_middle__single_no_children__hispanic_dominant,278
17031590600,nh_white__lower_middle__family_with_children__hispanic_dominant,185
17031590600,nh_white__lower_middle__elderly__hispanic_dominant,154
17031590600,nh_black__lower_middle__single_no_children__hispanic_dominant,14
17031590600,nh_black__lower_middle__family_with_children__hispanic_dominant,12
17031590600,nh_black__lower_middle__elderly__hispanic_dominant,9
17031590600,nh_asian__lower_middle__single_no_children__hispanic_dominant,71
17031590600,nh_asian__lower_middle__family_with_children__hispanic_dominant,91
17031590600,nh_asian__lower_middle__elderly__hispanic_dominant,41
17031590600,hispanic__lower_middle__single_no_children__hispanic_dominant,800
17031590600,hispanic__lower_middle__family_with_children__hispanic_dominant,1334
17031590600,hispanic__lower_middle__elderly__hispanic_dominant,533
17031590600,nh_other__lower_middle__single_no_children__hispanic_dominant,19
17031590600,nh_other__lower_middle__family_with_children__hispanic_dominant,15
17031590600,nh_other__lower_middle__elderly__hispanic_dominant,8
17031590700,nh_white__lower_middle__single_no_children__hispanic_dominant,198
17031590700,nh_white__lower_middle__family_with_children__hispanic_dominant,132
17031590700,nh_white__lower_middle__elderly__hispanic_dominant,110
17031590700,nh_black__lower_middle__single_no_children__hispanic_dominant,13
17031590700,nh_black__lower_middle__family_with_children__hispanic_dominant,12
17031590700,nh_black__lower_middle__elderly__hispanic_dominant,8
17031590700,nh_asian__lower_middle__single_no_children__hispanic_dominant,97
17031590700,nh_asian__lower_middle__family_with_children__hispanic_dominant,124
17031590700,nh_asian__lower_middle__elderly__hispanic_dominant,55
17031590700,hispanic__lower_middle__single_no_children__hispanic_dominant,700
17031590700,hispanic__lower_middle__family_with_children__hispanic_dominant,1166
17031590700,hispanic__lower_middle__elderly__hispanic_dominant,467
17031590700,nh_other__lower_middle__single_no_children__hispanic_dominant,9
17031590700,nh_other__lower_middle__family_with_children__hispanic_dominant,7
17031590700,nh_other__lower_middle__elderly__hispanic_dominant,4
17031600400,nh_white__lower_middle__single_no_children__asian_enclave,464
17031600400,nh_white__lower_middle__family_with_children__asian_enclave,309
17031600400,nh_white__lower_middle__elderly__asian_enclave,258
17031600400,nh_black__lower_middle__single_no_children__asian_enclave,18
17031600400,nh_black__lower_middle__family_with_children__asian_enclave,16
17031600400,nh_black__lower_middle__elderly__asian_enclave,11
17031600400,nh_asian__lower_middle__single_no_children__asian_enclave,761
17031600400,nh_asian__lower_middle__family_with_children__asian_enclave,978
17031600400,nh_asian__lower_middle__elderly__asian_enclave,435
17031600400,hispanic__lower_middle__single_no_children__asian_enclave,184
17031600400,hispanic__lower_middle__family_with_children__asian_enclave,306
17031600400,hispanic__lower_middle__elderly__asian_enclave,122
17031600400,nh_other__lower_middle__single_no_children__asian_enclave,13
17031600400,nh_other__lower_middle__family_with_children__asian_enclave,10
17031600400,nh_other__lower_middle__elderly__asian_enclave,6
17031600600,nh_white__lower_middle__single_no_children__asian_enclave,352
17031600600,nh_white__lower_middle__family_with_children__asian_enclave,235
17031600600,nh_white__lower_middle__elderly__asian_enclave,196
17031600600,nh_black__lower_middle__single_no_children__asian_enclave,6
17031600600,nh_black__lower_middle__family_with_children__asian_enclave,5
17031600600,nh_black__lower_middle__elderly__asian_enclave,4
17031600600,nh_asian__lower_middle__single_no_children__asian_enclave,302
17031600600,nh_asian__lower_middle__family_with_children__asian_enclave,389
17031600600,nh_asian__lower_middle__elderly__asian_enclave,173
17031600600,hispanic__lower_middle__single_no_children__asian_enclave,315
17031600600,hispanic__lower_middle__family_with_children__asian_enclave,526
17031600600,hispanic__lower_middle__elderly__asian_enclave,210
17031600600,nh_other__lower_middle__single_no_children__asian_enclave,11
17031600600,nh_other__lower_middle__family_with_children__asian_enclave,9
17031600600,nh_other__lower_middle__elderly__asian_enclave,5
17031600700,nh_white__lower_middle__single_no_children__asian_enclave,343
17031600700,nh_white__lower_middle__family_with_children__asian_enclave,229
17031600700,nh_white__lower_middle__elderly__asian_enclave,190
17031600700,nh_black__lower_middle__single_no_children__asian_enclave,39
17031600700,nh_black__lower_middle__family_with_children__asian_enclave,34
17031600700,nh_black__lower_middle__elderly__asian_enclave,24
17031600700,nh_asian__lower_middle__single_no_children__asian_enclave,328
17031600700,nh_asian__lower_middle__family_with_children__asian_enclave,422
17031600700,nh_asian__lower_middle__elderly__asian_enclave,187
17031600700,hispanic__lower_middle__single_no_children__asian_enclave,216
17031600700,hispanic__lower_middle__family_with_children__asian_enclave,360
17031600700,hispanic__lower_middle__elderly__asian_enclave,144
17031600700,nh_other__lower_middle__single_no_children__asian_enclave,13
17031600700,nh_other__lower_middle__family_with_children__asian_enclave,10
17031600700,nh_other__lower_middle__elderly__asian_enclave,6
17031060300,nh_white__high__single_no_children__white_dominant,1157
17031060300,nh_white__high__family_with_children__white_dominant,578
17031060300,nh_white__high__elderly__white_dominant,578
17031060300,nh_black__high__single_no_children__white_dominant,20
17031060300,nh_black__high__family_with_children__white_dominant,14
17031060300,nh_black__high__elderly__white_dominant,11
17031060300,nh_asian__high__single_no_children__white_dominant,60
17031060300,nh_asian__high__family_with_children__white_dominant,60
17031060300,nh_asian__high__elderly__white_dominant,30
17031060300,hispanic__high__single_no_children__white_dominant,97
17031060300,hispanic__high__family_with_children__white_dominant,125
17031060300,hispanic__high__elderly__white_dominant,56
17031060300,nh_other__high__single_no_children__white_dominant,26
17031060300,nh_other__high__family_with_children__white_dominant,16
17031060300,nh_other__high__elderly__white_dominant,11
17031060400,nh_white__high__single_no_children__white_dominant,1416
17031060400,nh_white__high__family_with_children__white_dominant,708
17031060400,nh_white__high__elderly__white_dominant,708
17031060400,nh_black__high__single_no_children__white_dominant,22
17031060400,nh_black__high__family_with_children__white_dominant,14
17031060400,nh_black__high__elderly__white_dominant,12
17031060400,nh_asian__high__single_no_children__white_dominant,52
17031060400,nh_asian__high__family_with_children__white_dominant,52
17031060400,nh_asian__high__elderly__white_dominant,26
17031060400,hispanic__high__single_no_children__white_dominant,106
17031060400,hispanic__high__family_with_children__white_dominant,137
17031060400,hispanic__high__elderly__white_dominant,61
17031060400,nh_other__high__single_no_children__white_dominant,29
17031060400,nh_other__high__family_with_children__white_dominant,17
17031060400,nh_other__high__elderly__white_dominant,12
17031060500,nh_white__high__single_no_children__mixed,455
17031060500,nh_white__high__family_with_children__mixed,228
17031060500,nh_white__high__elderly__mixed,228
17031060500,nh_black__high__single_no_children__mixed,36
17031060500,nh_black__high__family_with_children__mixed,24
17031060500,nh_black__high__elderly__mixed,20
17031060500,nh_asian__high__single_no_children__mixed,57
17031060500,nh_asian__high__family_with_children__mixed,57
17031060500,nh_asian__high__elderly__mixed,29
17031060500,hispanic__high__single_no_children__mixed,54
17031060500,hispanic__high__family_with_children__mixed,69
17031060500,hispanic__high__elderly__mixed,31
17031060500,nh_other__high__single_no_children__mixed,12
17031060500,nh_other__high__family_with_children__mixed,7
17031060500,nh_other__high__elderly__mixed,5
17031060800,nh_white__high__single_no_children__white_dominant,1751
17031060800,nh_white__high__family_with_children__white_dominant,876
17031060800,nh_white__high__elderly__white_dominant,876
17031060800,nh_black__high__single_no_children__white_dominant,140
17031060800,nh_black__high__family_with_children__white_dominant,93
17031060800,nh_black__high__elderly__white_dominant,78
17031060800,nh_asian__high__single_no_children__white_dominant,206
17031060800,nh_asian__high__family_with_children__white_dominant,206
17031060800,nh_asian__high__elderly__white_dominant,103
17031060800,hispanic__high__single_no_children__white_dominant,136
17031060800,hispanic__high__family_with_children__white_dominant,175
17031060800,hispanic__high__elderly__white_dominant,78
17031060800,nh_other__high__single_no_children__white_dominant,60
17031060800,nh_other__high__family_with_children__white_dominant,36
17031060800,nh_other__high__elderly__white_dominant,24
17031060900,nh_white__high__single_no_children__white_dominant,2524
17031060900,nh_white__high__family_with_children__white_dominant,1262
17031060900,nh_white__high__elderly__white_dominant,1262
17031060900,nh_black__high__single_no_children__white_dominant,249
17031060900,nh_black__high__family_with_children__white_dominant,166
17031060900,nh_black__high__elderly__white_dominant,138
17031060900,nh_asian__high__single_no_children__white_dominant,194
17031060900,nh_asian__high__family_with_children__white_dominant,194
17031060900,nh_asian__high__elderly__white_dominant,97
17031060900,hispanic__high__single_no_children__white_dominant,226
17031060900,hispanic__high__family_with_children__white_dominant,290
17031060900,hispanic__high__elderly__white_dominant,129
17031060900,nh_other__high__single_no_children__white_dominant,68
17031060900,nh_other__high__family_with_children__white_dominant,41
17031060900,nh_other__high__elderly__white_dominant,27
17031061000,nh_white__high__single_no_children__white_dominant,708
17031061000,nh_white__high__family_with_children__white_dominant,354
17031061000,nh_white__high__elderly__white_dominant,354
17031061000,nh_black__high__single_no_children__white_dominant,13
17031061000,nh_black__high__family_with_children__white_dominant,9
17031061000,nh_black__high__elderly__white_dominant,7
17031061000,nh_asian__high__single_no_children__white_dominant,22
17031061000,nh_asian__high__family_with_children__white_dominant,22
17031061000,nh_asian__high__elderly__white_dominant,11
17031061000,hispanic__high__single_no_children__white_dominant,37
17031061000,hispanic__high__family_with_children__white_dominant,47
17031061000,hispanic__high__elderly__white_dominant,21
17031061000,nh_other__high__single_no_children__white_dominant,22
17031061000,nh_other__high__family_with_children__white_dominant,13
17031061000,nh_other__high__elderly__white_dominant,9
17031061100,nh_white__high__single_no_children__white_dominant,613
17031061100,nh_white__high__family_with_children__white_dominant,306
17031061100,nh_white__high__elderly__white_dominant,306
17031061100,nh_black__high__single_no_children__white_dominant,8
17031061100,nh_black__high__family_with_children__white_dominant,5
17031061100,nh_black__high__elderly__white_dominant,4
17031061100,nh_asian__high__single_no_children__white_dominant,18
17031061100,nh_asian__high__family_with_children__white_dominant,18
17031061100,nh_asian__high__elderly__white_dominant,9
17031061100,hispanic__high__single_no_children__white_dominant,23
17031061100,hispanic__high__family_with_children__white_dominant,30
17031061100,hispanic__high__elderly__white_dominant,13
17031061100,nh_other__high__single_no_children__white_dominant,12
17031061100,nh_other__high__family_with_children__white_dominant,7
17031061100,nh_other__high__elderly__white_dominant,5
17031061200,nh_white__high__single_no_children__white_dominant,818
17031061200,nh_white__high__family_with_children__white_dominant,409
17031061200,nh_white__high__elderly__white_dominant,409
17031061200,nh_black__high__single_no_children__white_dominant,13
17031061200,nh_black__high__family_with_children__white_dominant,9
17031061200,nh_black__high__elderly__white_dominant,7
17031061200,nh_asian__high__single_no_children__white_dominant,27
17031061200,nh_asian__high__family_with_children__white_dominant,27
17031061200,nh_asian__high__elderly__white_dominant,14
17031061200,hispanic__high__single_no_children__white_dominant,41
17031061200,hispanic__high__family_with_children__white_dominant,53
17031061200,hispanic__high__elderly__white_dominant,23
17031061200,nh_other__high__single_no_children__white_dominant,20
17031061200,nh_other__high__family_with_children__white_dominant,12
17031061200,nh_other__high__elderly__white_dominant,8
17031061500,nh_white__high__single_no_children__white_dominant,748
17031061500,nh_white__high__family_with_children__white_dominant,374
17031061500,nh_white__high__elderly__white_dominant,374
17031061500,nh_black__high__single_no_children__white_dominant,10
17031061500,nh_black__high__family_with_children__white_dominant,7
17031061500,nh_black__high__elderly__white_dominant,6
17031061500,nh_asian__high__single_no_children__white_dominant,28
17031061500,nh_asian__high__family_with_children__white_dominant,28
17031061500,nh_asian__high__elderly__white_dominant,14
17031061500,hispanic__high__single_no_children__white_dominant,34
17031061500,hispanic__high__family_with_children__white_dominant,44
17031061500,hispanic__high__elderly__white_dominant,19
17031061500,nh_other__high__single_no_children__white_dominant,11
17031061500,nh_other__high__family_with_children__white_dominant,7
17031061500,nh_other__high__elderly__white_dominant,4
17031061800,nh_white__high__single_no_children__white_dominant,418
17031061800,nh_white__high__family_with_children__white_dominant,209
17031061800,nh_white__high__elderly__white_dominant,209
17031061800,nh_black__high__single_no_children__white_dominant,34
17031061800,nh_black__high__family_with_children__white_dominant,23
17031061800,nh_black__high__elderly__white_dominant,19
17031061800,nh_asian__high__single_no_children__white_dominant,32
17031061800,nh_asian__high__family_with_children__white_dominant,32
17031061800,nh_asian__high__elderly__white_dominant,16
17031061800,hispanic__high__single_no_children__white_dominant,33
17031061800,hispanic__high__family_with_children__white_dominant,42
17031061800,hispanic__high__elderly__white_dominant,19
17031061800,nh_other__high__single_no_children__white_dominant,14
17031061800,nh_other__high__family_with_children__white_dominant,8
17031061800,nh_other__high__elderly__white_dominant,6
17031062000,nh_white__high__single_no_children__white_dominant,1063
17031062000,nh_white__high__family_with_children__white_dominant,532
17031062000,nh_white__high__elderly__white_dominant,532
17031062000,nh_black__high__single_no_children__white_dominant,33
17031062000,nh_black__high__family_with_children__white_dominant,22
17031062000,nh_black__high__elderly__white_dominant,18
17031062000,nh_asian__high__single_no_children__white_dominant,56
17031062000,nh_asian__high__family_with_children__white_dominant,56
17031062000,nh_asian__high__elderly__white_dominant,28
17031062000,hispanic__high__single_no_children__white_dominant,59
17031062000,hispanic__high__family_with_children__white_dominant,76
17031062000,hispanic__high__elderly__white_dominant,34
17031062000,nh_other__high__single_no_children__white_dominant,30
17031062000,nh_other__high__family_with_children__white_dominant,18
17031062000,nh_other__high__elderly__white_dominant,12
17031062100,nh_white__high__single_no_children__white_dominant,1396
17031062100,nh_white__high__family_with_children__white_dominant,698
17031062100,nh_white__high__elderly__white_dominant,698
17031062100,nh_black__high__single_no_children__white_dominant,41
17031062100,nh_black__high__family_with_children__white_dominant,27
17031062100,nh_black__high__elderly__white_dominant,23
17031062100,nh_asian__high__single_no_children__white_dominant,98
17031062100,nh_asian__high__family_with_children__white_dominant,98
17031062100,nh_asian__high__elderly__white_dominant,49
17031062100,hispanic__high__single_no_children__white_dominant,85
17031062100,hispanic__high__family_with_children__white_dominant,109
17031062100,hispanic__high__elderly__white_dominant,48
17031062100,nh_other__high__single_no_children__white_dominant,32
17031062100,nh_other__high__family_with_children__white_dominant,20
17031062100,nh_other__high__elderly__white_dominant,13
17031100300,nh_white__upper_middle__single_no_children__white_dominant,2369
17031100300,nh_white__upper_middle__family_with_children__white_dominant,1579
17031100300,nh_white__upper_middle__elderly__white_dominant,1316
17031100300,nh_black__upper_middle__single_no_children__white_dominant,9
17031100300,nh_black__upper_middle__family_with_children__white_dominant,8
17031100300,nh_black__upper_middle__elderly__white_dominant,6
17031100300,nh_asian__upper_middle__single_no_children__white_dominant,76
17031100300,nh_asian__upper_middle__family_with_children__white_dominant,98
17031100300,nh_asian__upper_middle__elderly__white_dominant,43
17031100300,hispanic__upper_middle__single_no_children__white_dominant,180
17031100300,hispanic__upper_middle__family_with_children__white_dominant,300
17031100300,hispanic__upper_middle__elderly__white_dominant,120
17031100300,nh_other__upper_middle__single_no_children__white_dominant,33
17031100300,nh_other__upper_middle__family_with_children__white_dominant,26
17031100300,nh_other__upper_middle__elderly__white_dominant,15
17031100400,nh_white__upper_middle__single_no_children__white_dominant,1154
17031100400,nh_white__upper_middle__family_with_children__white_dominant,770
17031100400,nh_white__upper_middle__elderly__white_dominant,641
17031100400,nh_black__upper_middle__single_no_children__white_dominant,4
17031100400,nh_black__upper_middle__family_with_children__white_dominant,3
17031100400,nh_black__upper_middle__elderly__white_dominant,2
17031100400,nh_asian__upper_middle__single_no_children__white_dominant,41
17031100400,nh_asian__upper_middle__family_with_children__white_dominant,53
17031100400,nh_asian__upper_middle__elderly__white_dominant,23
17031100400,hispanic__upper_middle__single_no_children__white_dominant,102
17031100400,hispanic__upper_middle__family_with_children__white_dominant,170
17031100400,hispanic__upper_middle__elderly__white_dominant,68
17031100400,nh_other__upper_middle__single_no_children__white_dominant,16
17031100400,nh_other__upper_middle__family_with_children__white_dominant,12
17031100400,nh_other__upper_middle__elderly__white_dominant,7
17031100500,nh_white__upper_middle__single_no_children__white_dominant,2130
17031100500,nh_white__upper_middle__family_with_children__white_dominant,1420
17031100500,nh_white__upper_middle__elderly__white_dominant,1184
17031100500,nh_black__upper_middle__single_no_children__white_dominant,10
17031100500,nh_black__upper_middle__family_with_children__white_dominant,9
17031100500,nh_black__upper_middle__elderly__white_dominant,6
17031100500,nh_asian__upper_middle__single_no_children__white_dominant,106
17031100500,nh_asian__upper_middle__family_with_children__white_dominant,136
17031100500,nh_asian__upper_middle__elderly__white_dominant,60
17031100500,hispanic__upper_middle__single_no_children__white_dominant,180
17031100500,hispanic__upper_middle__family_with_children__white_dominant,300
17031100500,hispanic__upper_middle__elderly__white_dominant,120
17031100500,nh_other__upper_middle__single_no_children__white_dominant,53
17031100500,nh_other__upper_middle__family_with_children__white_dominant,41
17031100500,nh_other__upper_middle__elderly__white_dominant,23
17031100600,nh_white__upper_middle__single_no_children__white_dominant,1695
17031100600,nh_white__upper_middle__family_with_children__white_dominant,1130
17031100600,nh_white__upper_middle__elderly__white_dominant,942
17031100600,nh_black__upper_middle__single_no_children__white_dominant,12
17031100600,nh_black__upper_middle__family_with_children__white_dominant,10
17031100600,nh_black__upper_middle__elderly__white_dominant,7
17031100600,nh_asian__upper_middle__single_no_children__white_dominant,99
17031100600,nh_asian__upper_middle__family_with_children__white_dominant,128
17031100600,nh_asian__upper_middle__elderly__white_dominant,57
17031100600,hispanic__upper_middle__single_no_children__white_dominant,207
17031100600,hispanic__upper_middle__family_with_children__white_dominant,345
17031100600,hispanic__upper_middle__elderly__white_dominant,138
17031100600,nh_other__upper_middle__single_no_children__white_dominant,28
17031100600,nh_other__upper_middle__family_with_children__white_dominant,22
17031100600,nh_other__upper_middle__elderly__white_dominant,13
17031100700,nh_white__upper_middle__single_no_children__white_dominant,1696
17031100700,nh_white__upper_middle__family_with_children__white_dominant,1130
17031100700,nh_white__upper_middle__elderly__white_dominant,942
17031100700,nh_black__upper_middle__single_no_children__white_dominant,6
17031100700,nh_black__upper_middle__family_with_children__white_dominant,5
17031100700,nh_black__upper_middle__elderly__white_dominant,4
17031100700,nh_asian__upper_middle__single_no_children__white_dominant,119
17031100700,nh_asian__upper_middle__family_with_children__white_dominant,153
17031100700,nh_asian__upper_middle__elderly__white_dominant,68
17031100700,hispanic__upper_middle__single_no_children__white_dominant,197
17031100700,hispanic__upper_middle__family_with_children__white_dominant,328
17031100700,hispanic__upper_middle__elderly__white_dominant,131
17031100700,nh_other__upper_middle__single_no_children__white_dominant,22
17031100700,nh_other__upper_middle__family_with_children__white_dominant,17
17031100700,nh_other__upper_middle__elderly__white_dominant,10
17031110100,nh_white__upper_middle__single_no_children__white_dominant,1730
17031110100,nh_white__upper_middle__family_with_children__white_dominant,1154
17031110100,nh_white__upper_middle__elderly__white_dominant,961
17031110100,nh_black__upper_middle__single_no_children__white_dominant,24
17031110100,nh_black__upper_middle__family_with_children__white_dominant,21
17031110100,nh_black__upper_middle__elderly__white_dominant,15
17031110100,nh_asian__upper_middle__single_no_children__white_dominant,132
17031110100,nh_asian__upper_middle__family_with_children__white_dominant,170
17031110100,nh_asian__upper_middle__elderly__white_dominant,76
17031110100,hispanic__upper_middle__single_no_children__white_dominant,254
17031110100,hispanic__upper_middle__family_with_children__white_dominant,422
17031110100,hispanic__upper_middle__elderly__white_dominant,169
17031110100,nh_other__upper_middle__single_no_children__white_dominant,57
17031110100,nh_other__upper_middle__family_with_children__white_dominant,44
17031110100,nh_other__upper_middle__elderly__white_dominant,25
17031110200,nh_white__upper_middle__single_no_children__mixed,889
17031110200,nh_white__upper_middle__family_with_children__mixed,593
17031110200,nh_white__upper_middle__elderly__mixed,494
17031110200,nh_black__upper_middle__single_no_children__mixed,8
17031110200,nh_black__upper_middle__family_with_children__mixed,7
17031110200,nh_black__upper_middle__elderly__mixed,5
17031110200,nh_asian__upper_middle__single_no_children__mixed,90
17031110200,nh_asian__upper_middle__family_with_children__mixed,116
17031110200,nh_asian__upper_middle__elderly__mixed,52
17031110200,hispanic__upper_middle__single_no_children__mixed,161
17031110200,hispanic__upper_middle__family_with_children__mixed,268
17031110200,hispanic__upper_middle__elderly__mixed,107
17031110200,nh_other__upper_middle__single_no_children__mixed,18
17031110200,nh_other__upper_middle__family_with_children__mixed,14
17031110200,nh_other__upper_middle__elderly__mixed,8
17031260700,nh_white__low__single_no_children__black_dominant,6
17031260700,nh_white__low__family_with_children__black_dominant,5
17031260700,nh_white__low__elderly__black_dominant,3
17031260700,nh_black__low__single_no_children__black_dominant,728
17031260700,nh_black__low__family_with_children__black_dominant,787
17031260700,nh_black__low__elderly__black_dominant,452
17031260700,nh_asian__low__single_no_children__black_dominant,1
17031260700,nh_asian__low__family_with_children__black_dominant,1
17031260700,nh_asian__low__elderly__black_dominant,1
17031260700,hispanic__low__single_no_children__black_dominant,6
17031260700,hispanic__low__family_with_children__black_dominant,12
17031260700,hispanic__low__elderly__black_dominant,4
17031260700,nh_other__low__single_no_children__black_dominant,12
17031260700,nh_other__low__family_with_children__black_dominant,11
17031260700,nh_other__low__elderly__black_dominant,5
17031260800,nh_white__low__single_no_children__black_dominant,13
17031260800,nh_white__low__family_with_children__black_dominant,10
17031260800,nh_white__low__elderly__black_dominant,7
17031260800,nh_black__low__single_no_children__black_dominant,891
17031260800,nh_black__low__family_with_children__black_dominant,964
17031260800,nh_black__low__elderly__black_dominant,554
17031260800,nh_asian__low__single_no_children__black_dominant,1
17031260800,nh_asian__low__family_with_children__black_dominant,2
17031260800,nh_asian__low__elderly__black_dominant,1
17031260800,hispanic__low__single_no_children__black_dominant,16
17031260800,hispanic__low__family_with_children__black_dominant,33
17031260800,hispanic__low__elderly__black_dominant,11
17031260800,nh_other__low__single_no_children__black_dominant,16
17031260800,nh_other__low__family_with_children__black_dominant,15
17031260800,nh_other__low__elderly__black_dominant,7
17031260900,nh_white__low__single_no_children__black_dominant,5
17031260900,nh_white__low__family_with_children__black_dominant,5
17031260900,nh_white__low__elderly__black_dominant,3
17031260900,nh_black__low__single_no_children__black_dominant,531
17031260900,nh_black__low__family_with_children__black_dominant,574
17031260900,nh_black__low__elderly__black_dominant,330
17031260900,hispanic__low__single_no_children__black_dominant,8
17031260900,hispanic__low__family_with_children__black_dominant,15
17031260900,hispanic__low__elderly__black_dominant,5
17031260900,nh_other__low__single_no_children__black_dominant,2
17031260900,nh_other__low__family_with_children__black_dominant,2
17031260900,nh_other__low__elderly__black_dominant,1
17031261000,nh_white__low__single_no_children__black_dominant,1
17031261000,nh_white__low__family_with_children__black_dominant,1
17031261000,nh_white__low__elderly__black_dominant,1
17031261000,nh_black__low__single_no_children__black_dominant,843
17031261000,nh_black__low__family_with_children__black_dominant,912
17031261000,nh_black__low__elderly__black_dominant,524
17031261000,nh_asian__low__single_no_children__black_dominant,1
17031261000,nh_asian__low__family_with_children__black_dominant,2
17031261000,nh_asian__low__elderly__black_dominant,1
17031261000,hispanic__low__single_no_children__black_dominant,7
17031261000,hispanic__low__family_with_children__black_dominant,14
17031261000,hispanic__low__elderly__black_dominant,5
17031261000,nh_other__low__single_no_children__black_dominant,3
17031261000,nh_other__low__family_with_children__black_dominant,3
17031261000,nh_other__low__elderly__black_dominant,1
17031270500,nh_white__low__single_no_children__black_dominant,2
17031270500,nh_white__low__family_with_children__black_dominant,2
17031270500,nh_white__low__elderly__black_dominant,1
17031270500,nh_black__low__single_no_children__black_dominant,601
17031270500,nh_black__low__family_with_children__black_dominant,650
17031270500,nh_black__low__elderly__black_dominant,374
17031270500,nh_asian__low__single_no_children__black_dominant,1
17031270500,nh_asian__low__family_with_children__black_dominant,1
17031270500,nh_asian__low__elderly__black_dominant,1
17031270500,hispanic__low__single_no_children__black_dominant,11
17031270500,hispanic__low__family_with_children__black_dominant,23
17031270500,hispanic__low__elderly__black_dominant,7
17031270500,nh_other__low__single_no_children__black_dominant,7
17031270500,nh_other__low__family_with_children__black_dominant,7
17031270500,nh_other__low__elderly__black_dominant,3
17031271200,nh_white__low__single_no_children__black_dominant,15
17031271200,nh_white__low__family_with_children__black_dominant,13
17031271200,nh_white__low__elderly__black_dominant,8
17031271200,nh_black__low__single_no_children__black_dominant,404
17031271200,nh_black__low__family_with_children__black_dominant,436
17031271200,nh_black__low__elderly__black_dominant,251
17031271200,nh_asian__low__single_no_children__black_dominant,1
17031271200,nh_asian__low__family_with_children__black_dominant,1
17031271200,nh_asian__low__elderly__black_dominant,1
17031271200,hispanic__low__single_no_children__black_dominant,8
17031271200,hispanic__low__family_with_children__black_dominant,17
17031271200,hispanic__low__elderly__black_dominant,6
17031271200,nh_other__low__single_no_children__black_dominant,4
17031271200,nh_other__low__family_with_children__black_dominant,4
17031271200,nh_other__low__elderly__black_dominant,2
17031520100,nh_white__lower_middle__single_no_children__hispanic_dominant,86
17031520100,nh_white__lower_middle__family_with_children__hispanic_dominant,58
17031520100,nh_white__lower_middle__elderly__hispanic_dominant,48
17031520100,nh_black__lower_middle__single_no_children__hispanic_dominant,49
17031520100,nh_black__lower_middle__family_with_children__hispanic_dominant,43
17031520100,nh_black__lower_middle__elderly__hispanic_dominant,31
17031520100,hispanic__lower_middle__single_no_children__hispanic_dominant,522
17031520100,hispanic__lower_middle__family_with_children__hispanic_dominant,870
17031520100,hispanic__lower_middle__elderly__hispanic_dominant,348
17031520100,nh_other__lower_middle__single_no_children__hispanic_dominant,9
17031520100,nh_other__lower_middle__family_with_children__hispanic_dominant,7
17031520100,nh_other__lower_middle__elderly__hispanic_dominant,4
17031600900,nh_white__lower_middle__single_no_children__mixed,546
17031600900,nh_white__lower_middle__family_with_children__mixed,364
17031600900,nh_white__lower_middle__elderly__mixed,304
17031600900,nh_black__lower_middle__single_no_children__mixed,96
17031600900,nh_black__lower_middle__family_with_children__mixed,84
17031600900,nh_black__lower_middle__elderly__mixed,60
17031600900,nh_asian__lower_middle__single_no_children__mixed,329
17031600900,nh_asian__lower_middle__family_with_children__mixed,423
17031600900,nh_asian__lower_middle__elderly__mixed,188
17031600900,hispanic__lower_middle__single_no_children__mixed,375
17031600900,hispanic__lower_middle__family_with_children__mixed,624
17031600900,hispanic__lower_middle__elderly__mixed,250
17031600900,nh_other__lower_middle__single_no_children__mixed,25
17031600900,nh_other__lower_middle__family_with_children__mixed,20
17031600900,nh_other__lower_middle__elderly__mixed,11
17031610300,nh_white__low__single_no_children__hispanic_dominant,135
17031610300,nh_white__low__family_with_children__hispanic_dominant,112
17031610300,nh_white__low__elderly__hispanic_dominant,74
17031610300,nh_black__low__single_no_children__hispanic_dominant,93
17031610300,nh_black__low__family_with_children__hispanic_dominant,101
17031610300,nh_black__low__elderly__hispanic_dominant,58
17031610300,nh_asian__low__single_no_children__hispanic_dominant,29
17031610300,nh_asian__low__family_with_children__hispanic_dominant,46
17031610300,nh_asian__low__elderly__hispanic_dominant,17
17031610300,hispanic__low__single_no_children__hispanic_dominant,1339
17031610300,hispanic__low__family_with_children__hispanic_dominant,2728
17031610300,hispanic__low__elderly__hispanic_dominant,893
17031610300,nh_other__low__single_no_children__hispanic_dominant,14
17031610300,nh_other__low__family_with_children__hispanic_dominant,13
17031610300,nh_other__low__elderly__hispanic_dominant,6
17031610400,nh_white__low__single_no_children__hispanic_dominant,27
17031610400,nh_white__low__family_with_children__hispanic_dominant,22
17031610400,nh_white__low__elderly__hispanic_dominant,15
17031610400,nh_black__low__single_no_children__hispanic_dominant,10
17031610400,nh_black__low__family_with_children__hispanic_dominant,11
17031610400,nh_black__low__elderly__hispanic_dominant,6
17031610400,nh_asian__low__single_no_children__hispanic_dominant,1
17031610400,nh_asian__low__family_with_children__hispanic_dominant,2
17031610400,nh_asian__low__elderly__hispanic_dominant,1
17031610400,hispanic__low__single_no_children__hispanic_dominant,569
17031610400,hispanic__low__family_with_children__hispanic_dominant,1160
17031610400,hispanic__low__elderly__hispanic_dominant,380
17031610400,nh_other__low__single_no_children__hispanic_dominant,4
17031610400,nh_other__low__family_with_children__hispanic_dominant,4
17031610400,nh_other__low__elderly__hispanic_dominant,2
17031610800,nh_white__low__single_no_children__white_dominant,449
17031610800,nh_white__low__family_with_children__white_dominant,374
17031610800,nh_white__low__elderly__white_dominant,246
17031610800,nh_black__low__single_no_children__white_dominant,9
17031610800,nh_black__low__family_with_children__white_dominant,10
17031610800,nh_black__low__elderly__white_dominant,6
17031610800,nh_asian__low__single_no_children__white_dominant,18
17031610800,nh_asian__low__family_with_children__white_dominant,28
17031610800,nh_asian__low__elderly__white_dominant,10
17031610800,hispanic__low__single_no_children__white_dominant,61
17031610800,hispanic__low__family_with_children__white_dominant,125
17031610800,hispanic__low__elderly__white_dominant,41
17031610800,nh_other__low__single_no_children__white_dominant,6
17031610800,nh_other__low__family_with_children__white_dominant,6
17031610800,nh_other__low__elderly__white_dominant,3
17031611000,nh_white__low__single_no_children__black_dominant,5
17031611000,nh_white__low__family_with_children__black_dominant,4
17031611000,nh_white__low__elderly__black_dominant,3
17031611000,nh_black__low__single_no_children__black_dominant,300
17031611000,nh_black__low__family_with_children__black_dominant,324
17031611000,nh_black__low__elderly__black_dominant,187
17031611000,nh_asian__low__single_no_children__black_dominant,1
17031611000,nh_asian__low__family_with_children__black_dominant,1
17031611000,nh_asian__low__elderly__black_dominant,1
17031611000,hispanic__low__single_no_children__black_dominant,69
17031611000,hispanic__low__family_with_children__black_dominant,141
17031611000,hispanic__low__elderly__black_dominant,46
17031611000,nh_other__low__single_no_children__black_dominant,7
17031611000,nh_other__low__family_with_children__black_dominant,7
17031611000,nh_other__low__elderly__black_dominant,3
17031611100,nh_white__low__single_no_children__hispanic_dominant,44
17031611100,nh_white__low__family_with_children__hispanic_dominant,37
17031611100,nh_white__low__elderly__hispanic_dominant,24
17031611100,nh_black__low__single_no_children__hispanic_dominant,199
17031611100,nh_black__low__family_with_children__hispanic_dominant,216
17031611100,nh_black__low__elderly__hispanic_dominant,124
17031611100,nh_asian__low__single_no_children__hispanic_dominant,3
17031611100,nh_asian__low__family_with_children__hispanic_dominant,5
17031611100,nh_asian__low__elderly__hispanic_dominant,2
17031611100,hispanic__low__single_no_children__hispanic_dominant,601
17031611100,hispanic__low__family_with_children__hispanic_dominant,1225
17031611100,hispanic__low__elderly__hispanic_dominant,401
17031611100,nh_other__low__single_no_children__hispanic_dominant,17
17031611100,nh_other__low__family_with_children__hispanic_dominant,16
17031611100,nh_other__low__elderly__hispanic_dominant,7
17031611200,nh_white__low__single_no_children__hispanic_dominant,43
17031611200,nh_white__low__family_with_children__hispanic_dominant,36
17031611200,nh_white__low__elderly__hispanic_dominant,23
17031611200,nh_black__low__single_no_children__hispanic_dominant,252
17031611200,nh_black__low__family_with_children__hispanic_dominant,272
17031611200,nh_black__low__elderly__hispanic_dominant,156
17031611200,nh_asian__low__single_no_children__hispanic_dominant,7
17031611200,nh_asian__low__family_with_children__hispanic_dominant,10
17031611200,nh_asian__low__elderly__hispanic_dominant,4
17031611200,hispanic__low__single_no_children__hispanic_dominant,539
17031611200,hispanic__low__family_with_children__hispanic_dominant,1098
17031611200,hispanic__low__elderly__hispanic_dominant,359
17031611200,nh_other__low__single_no_children__hispanic_dominant,10
17031611200,nh_other__low__family_with_children__hispanic_dominant,10
17031611200,nh_other__low__elderly__hispanic_dominant,4
17031611300,nh_white__low__single_no_children__hispanic_dominant,62
17031611300,nh_white__low__family_with_children__hispanic_dominant,52
17031611300,nh_white__low__elderly__hispanic_dominant,34
17031611300,nh_black__low__single_no_children__hispanic_dominant,165
17031611300,nh_black__low__family_with_children__hispanic_dominant,178
17031611300,nh_black__low__elderly__hispanic_dominant,102
17031611300,nh_asian__low__single_no_children__hispanic_dominant,2
17031611300,nh_asian__low__family_with_children__hispanic_dominant,4
17031611300,nh_asian__low__elderly__hispanic_dominant,1
17031611300,hispanic__low__single_no_children__hispanic_dominant,795
17031611300,hispanic__low__family_with_children__hispanic_dominant,1619
17031611300,hispanic__low__elderly__hispanic_dominant,530
17031611300,nh_other__low__single_no_children__hispanic_dominant,5
17031611300,nh_other__low__family_with_children__hispanic_dominant,5
17031611300,nh_other__low__elderly__hispanic_dominant,2
17031611400,nh_white__low__single_no_children__hispanic_dominant,50
17031611400,nh_white__low__family_with_children__hispanic_dominant,42
17031611400,nh_white__low__elderly__hispanic_dominant,27
17031611400,nh_black__low__single_no_children__hispanic_dominant,104
17031611400,nh_black__low__family_with_children__hispanic_dominant,113
17031611400,nh_black__low__elderly__hispanic_dominant,65
17031611400,nh_asian__low__single_no_children__hispanic_dominant,2
17031611400,nh_asian__low__family_with_children__hispanic_dominant,4
17031611400,nh_asian__low__elderly__hispanic_dominant,1
17031611400,hispanic__low__single_no_children__hispanic_dominant,991
17031611400,hispanic__low__family_with_children__hispanic_dominant,2019
17031611400,hispanic__low__elderly__hispanic_dominant,661
17031611400,nh_other__low__single_no_children__hispanic_dominant,11
17031611400,nh_other__low__family_with_children__hispanic_dominant,11
17031611400,nh_other__low__elderly__hispanic_dominant,5
17031062200,nh_white__high__single_no_children__white_dominant,1236
17031062200,nh_white__high__family_with_children__white_dominant,618
17031062200,nh_white__high__elderly__white_dominant,618
17031062200,nh_black__high__single_no_children__white_dominant,20
17031062200,nh_black__high__family_with_children__white_dominant,13
17031062200,nh_black__high__elderly__white_dominant,11
17031062200,nh_asian__high__single_no_children__white_dominant,63
17031062200,nh_asian__high__family_with_children__white_dominant,63
17031062200,nh_asian__high__elderly__white_dominant,31
17031062200,hispanic__high__single_no_children__white_dominant,51
17031062200,hispanic__high__family_with_children__white_dominant,65
17031062200,hispanic__high__elderly__white_dominant,29
17031062200,nh_other__high__single_no_children__white_dominant,26
17031062200,nh_other__high__family_with_children__white_dominant,16
17031062200,nh_other__high__elderly__white_dominant,10
17031062300,nh_white__high__single_no_children__white_dominant,660
17031062300,nh_white__high__family_with_children__white_dominant,330
17031062300,nh_white__high__elderly__white_dominant,330
17031062300,nh_black__high__single_no_children__white_dominant,14
17031062300,nh_black__high__family_with_children__white_dominant,9
17031062300,nh_black__high__elderly__white_dominant,8
17031062300,nh_asian__high__single_no_children__white_dominant,23
17031062300,nh_asian__high__family_with_children__white_dominant,23
17031062300,nh_asian__high__elderly__white_dominant,11
17031062300,hispanic__high__single_no_children__white_dominant,28
17031062300,hispanic__high__family_with_children__white_dominant,36
17031062300,hispanic__high__elderly__white_dominant,16
17031062300,nh_other__high__single_no_children__white_dominant,12
17031062300,nh_other__high__family_with_children__white_dominant,8
17031062300,nh_other__high__elderly__white_dominant,5
17031062400,nh_white__high__single_no_children__white_dominant,620
17031062400,nh_white__high__family_with_children__white_dominant,310
17031062400,nh_white__high__elderly__white_dominant,310
17031062400,nh_black__high__single_no_children__white_dominant,9
17031062400,nh_black__high__family_with_children__white_dominant,6
17031062400,nh_black__high__elderly__white_dominant,5
17031062400,nh_asian__high__single_no_children__white_dominant,19
17031062400,nh_asian__high__family_with_children__white_dominant,19
17031062400,nh_asian__high__elderly__white_dominant,10
17031062400,hispanic__high__single_no_children__white_dominant,29
17031062400,hispanic__high__family_with_children__white_dominant,38
17031062400,hispanic__high__elderly__white_dominant,17
17031062400,nh_other__high__single_no_children__white_dominant,15
17031062400,nh_other__high__family_with_children__white_dominant,9
17031062400,nh_other__high__elderly__white_dominant,6
17031062500,nh_white__high__single_no_children__white_dominant,605
17031062500,nh_white__high__family_with_children__white_dominant,302
17031062500,nh_white__high__elderly__white_dominant,302
17031062500,nh_black__high__single_no_children__white_dominant,26
17031062500,nh_black__high__family_with_children__white_dominant,17
17031062500,nh_black__high__elderly__white_dominant,14
17031062500,nh_asian__high__single_no_children__white_dominant,23
17031062500,nh_asian__high__family_with_children__white_dominant,23
17031062500,nh_asian__high__elderly__white_dominant,11
17031062500,hispanic__high__single_no_children__white_dominant,48
17031062500,hispanic__high__family_with_children__white_dominant,62
17031062500,hispanic__high__elderly__white_dominant,27
17031062500,nh_other__high__single_no_children__white_dominant,18
17031062500,nh_other__high__family_with_children__white_dominant,11
17031062500,nh_other__high__elderly__white_dominant,7
17031062600,nh_white__high__single_no_children__white_dominant,896
17031062600,nh_white__high__family_with_children__white_dominant,448
17031062600,nh_white__high__elderly__white_dominant,448
17031062600,nh_black__high__single_no_children__white_dominant,14
17031062600,nh_black__high__family_with_children__white_dominant,9
17031062600,nh_black__high__elderly__white_dominant,8
17031062600,nh_asian__high__single_no_children__white_dominant,62
17031062600,nh_asian__high__family_with_children__white_dominant,62
17031062600,nh_asian__high__elderly__white_dominant,31
17031062600,hispanic__high__single_no_children__white_dominant,64
17031062600,hispanic__high__family_with_children__white_dominant,83
17031062600,hispanic__high__elderly__white_dominant,37
17031062600,nh_other__high__single_no_children__white_dominant,33
17031062600,nh_other__high__family_with_children__white_dominant,20
17031062600,nh_other__high__elderly__white_dominant,13
17031062700,nh_white__high__single_no_children__white_dominant,1138
17031062700,nh_white__high__family_with_children__white_dominant,569
17031062700,nh_white__high__elderly__white_dominant,569
17031062700,nh_black__high__single_no_children__white_dominant,24
17031062700,nh_black__high__family_with_children__white_dominant,16
17031062700,nh_black__high__elderly__white_dominant,13
17031062700,nh_asian__high__single_no_children__white_dominant,41
17031062700,nh_asian__high__family_with_children__white_dominant,41
17031062700,nh_asian__high__elderly__white_dominant,20
17031062700,hispanic__high__single_no_children__white_dominant,80
17031062700,hispanic__high__family_with_children__white_dominant,103
17031062700,hispanic__high__elderly__white_dominant,46
17031062700,nh_other__high__single_no_children__white_dominant,32
17031062700,nh_other__high__family_with_children__white_dominant,20
17031062700,nh_other__high__elderly__white_dominant,13
17031062800,nh_white__high__single_no_children__white_dominant,1526
17031062800,nh_white__high__family_with_children__white_dominant,763
17031062800,nh_white__high__elderly__white_dominant,763
17031062800,nh_black__high__single_no_children__white_dominant,26
17031062800,nh_black__high__family_with_children__white_dominant,17
17031062800,nh_black__high__elderly__white_dominant,14
17031062800,nh_asian__high__single_no_children__white_dominant,52
17031062800,nh_asian__high__family_with_children__white_dominant,52
17031062800,nh_asian__high__elderly__white_dominant,26
17031062800,hispanic__high__single_no_children__white_dominant,76
17031062800,hispanic__high__family_with_children__white_dominant,98
17031062800,hispanic__high__elderly__white_dominant,43
17031062800,nh_other__high__single_no_children__white_dominant,26
17031062800,nh_other__high__family_with_children__white_dominant,15
17031062800,nh_other__high__elderly__white_dominant,10
17031062900,nh_white__high__single_no_children__white_dominant,1718
17031062900,nh_white__high__family_with_children__white_dominant,859
17031062900,nh_white__high__elderly__white_dominant,859
17031062900,nh_black__high__single_no_children__white_dominant,36
17031062900,nh_black__high__family_with_children__white_dominant,24
17031062900,nh_black__high__elderly__white_dominant,20
17031062900,nh_asian__high__single_no_children__white_dominant,63
17031062900,nh_asian__high__family_with_children__white_dominant,63
17031062900,nh_asian__high__elderly__white_dominant,32
17031062900,hispanic__high__single_no_children__white_dominant,78
17031062900,hispanic__high__family_with_children__white_dominant,100
17031062900,hispanic__high__elderly__white_dominant,45
17031062900,nh_other__high__single_no_children__white_dominant,38
17031062900,nh_other__high__family_with_children__white_dominant,23
17031062900,nh_other__high__elderly__white_dominant,15
17031063000,nh_white__high__single_no_children__white_dominant,1193
17031063000,nh_white__high__family_with_children__white_dominant,596
17031063000,nh_white__high__elderly__white_dominant,596
17031063000,nh_black__high__single_no_children__white_dominant,35
17031063000,nh_black__high__family_with_children__white_dominant,23
17031063000,nh_black__high__elderly__white_dominant,20
17031063000,nh_asian__high__single_no_children__white_dominant,95
17031063000,nh_asian__high__family_with_children__white_dominant,95
17031063000,nh_asian__high__elderly__white_dominant,47
17031063000,hispanic__high__single_no_children__white_dominant,75
17031063000,hispanic__high__family_with_children__white_dominant,96
17031063000,hispanic__high__elderly__white_dominant,43
17031063000,nh_other__high__single_no_children__white_dominant,30
17031063000,nh_other__high__family_with_children__white_dominant,18
17031063000,nh_other__high__elderly__white_dominant,12
17031063100,nh_white__high__single_no_children__white_dominant,908
17031063100,nh_white__high__family_with_children__white_dominant,454
17031063100,nh_white__high__elderly__white_dominant,454
17031063100,nh_black__high__single_no_children__white_dominant,19
17031063100,nh_black__high__family_with_children__white_dominant,13
17031063100,nh_black__high__elderly__white_dominant,11
17031063100,nh_asian__high__single_no_children__white_dominant,48
17031063100,nh_asian__high__family_with_children__white_dominant,48
17031063100,nh_asian__high__elderly__white_dominant,24
17031063100,hispanic__high__single_no_children__white_dominant,44
17031063100,hispanic__high__family_with_children__white_dominant,56
17031063100,hispanic__high__elderly__white_dominant,25
17031063100,nh_other__high__single_no_children__white_dominant,34
17031063100,nh_other__high__family_with_children__white_dominant,20
17031063100,nh_other__high__elderly__white_dominant,13
17031063200,nh_white__high__single_no_children__white_dominant,2516
17031063200,nh_white__high__family_with_children__white_dominant,1258
17031063200,nh_white__high__elderly__white_dominant,1258
17031063200,nh_black__high__single_no_children__white_dominant,114
17031063200,nh_black__high__family_with_children__white_dominant,76
17031063200,nh_black__high__elderly__white_dominant,63
17031063200,nh_asian__high__single_no_children__white_dominant,194
17031063200,nh_asian__high__family_with_children__white_dominant,194
17031063200,nh_asian__high__elderly__white_dominant,97
17031063200,hispanic__high__single_no_children__white_dominant,150
17031063200,hispanic__high__family_with_children__white_dominant,193
17031063200,hispanic__high__elderly__white_dominant,86
17031063200,nh_other__high__single_no_children__white_dominant,73
17031063200,nh_other__high__family_with_children__white_dominant,44
17031063200,nh_other__high__elderly__white_dominant,29
17031063400,nh_white__high__single_no_children__white_dominant,885
17031063400,nh_white__high__family_with_children__white_dominant,442
17031063400,nh_white__high__elderly__white_dominant,442
17031063400,nh_black__high__single_no_children__white_dominant,40
17031063400,nh_black__high__family_with_children__white_dominant,27
17031063400,nh_black__high__elderly__white_dominant,22
17031063400,nh_asian__high__single_no_children__white_dominant,44
17031063400,nh_asian__high__family_with_children__white_dominant,44
17031063400,nh_asian__high__elderly__white_dominant,22
17031063400,hispanic__high__single_no_children__white_dominant,51
17031063400,hispanic__high__family_with_children__white_dominant,65
17031063400,hispanic__high__elderly__white_dominant,29
17031063400,nh_other__high__single_no_children__white_dominant,32
17031063400,nh_other__high__family_with_children__white_dominant,20
17031063400,nh_other__high__elderly__white_dominant,13
17031110300,nh_white__upper_middle__single_no_children__white_dominant,1662
17031110300,nh_white__upper_middle__family_with_children__white_dominant,1108
17031110300,nh_white__upper_middle__elderly__white_dominant,924
17031110300,nh_black__upper_middle__single_no_children__white_dominant,16
17031110300,nh_black__upper_middle__family_with_children__white_dominant,14
17031110300,nh_black__upper_middle__elderly__white_dominant,10
17031110300,nh_asian__upper_middle__single_no_children__white_dominant,152
17031110300,nh_asian__upper_middle__family_with_children__white_dominant,195
17031110300,nh_asian__upper_middle__elderly__white_dominant,87
17031110300,hispanic__upper_middle__single_no_children__white_dominant,271
17031110300,hispanic__upper_middle__family_with_children__white_dominant,452
17031110300,hispanic__upper_middle__elderly__white_dominant,181
17031110300,nh_other__upper_middle__single_no_children__white_dominant,40
17031110300,nh_other__upper_middle__family_with_children__white_dominant,31
17031110300,nh_other__upper_middle__elderly__white_dominant,18
17031110400,nh_white__upper_middle__single_no_children__mixed,1362
17031110400,nh_white__upper_middle__family_with_children__mixed,908
17031110400,nh_white__upper_middle__elderly__mixed,757
17031110400,nh_black__upper_middle__single_no_children__mixed,18
17031110400,nh_black__upper_middle__family_with_children__mixed,16
17031110400,nh_black__upper_middle__elderly__mixed,12
17031110400,nh_asian__upper_middle__single_no_children__mixed,105
17031110400,nh_asian__upper_middle__family_with_children__mixed,135
17031110400,nh_asian__upper_middle__elderly__mixed,60
17031110400,hispanic__upper_middle__single_no_children__mixed,270
17031110400,hispanic__upper_middle__family_with_children__mixed,450
17031110400,hispanic__upper_middle__elderly__mixed,180
17031110400,nh_other__upper_middle__single_no_children__mixed,35
17031110400,nh_other__upper_middle__family_with_children__mixed,27
17031110400,nh_other__upper_middle__elderly__mixed,16
17031120100,nh_white__high__single_no_children__white_dominant,1798
17031120100,nh_white__high__family_with_children__white_dominant,899
17031120100,nh_white__high__elderly__white_dominant,899
17031120100,nh_black__high__single_no_children__white_dominant,11
17031120100,nh_black__high__family_with_children__white_dominant,7
17031120100,nh_black__high__elderly__white_dominant,6
17031120100,nh_asian__high__single_no_children__white_dominant,85
17031120100,nh_asian__high__family_with_children__white_dominant,85
17031120100,nh_asian__high__elderly__white_dominant,42
17031120100,hispanic__high__single_no_children__white_dominant,103
17031120100,hispanic__high__family_with_children__white_dominant,133
17031120100,hispanic__high__elderly__white_dominant,59
17031120100,nh_other__high__single_no_children__white_dominant,36
17031120100,nh_other__high__family_with_children__white_dominant,22
17031120100,nh_other__high__elderly__white_dominant,14
17031120200,nh_white__high__single_no_children__white_dominant,1788
17031120200,nh_white__high__family_with_children__white_dominant,894
17031120200,nh_white__high__elderly__white_dominant,894
17031120200,nh_black__high__single_no_children__white_dominant,9
17031120200,nh_black__high__family_with_children__white_dominant,6
17031120200,nh_black__high__elderly__white_dominant,5
17031120200,nh_asian__high__single_no_children__white_dominant,154
17031120200,nh_asian__high__family_with_children__white_dominant,154
17031120200,nh_asian__high__elderly__white_dominant,77
17031120200,hispanic__high__single_no_children__white_dominant,124
17031120200,hispanic__high__family_with_children__white_dominant,159
17031120200,hispanic__high__elderly__white_dominant,71
17031120200,nh_other__high__single_no_children__white_dominant,47
17031120200,nh_other__high__family_with_children__white_dominant,28
17031120200,nh_other__high__elderly__white_dominant,19
17031120300,nh_white__high__single_no_children__white_dominant,2300
17031120300,nh_white__high__family_with_children__white_dominant,1150
17031120300,nh_white__high__elderly__white_dominant,1150
17031120300,nh_black__high__single_no_children__white_dominant,27
17031120300,nh_black__high__family_with_children__white_dominant,18
17031120300,nh_black__high__elderly__white_dominant,15
17031120300,nh_asian__high__single_no_children__white_dominant,362
17031120300,nh_asian__high__family_with_children__white_dominant,362
17031120300,nh_asian__high__elderly__white_dominant,181
17031120300,hispanic__high__single_no_children__white_dominant,218
17031120300,hispanic__high__family_with_children__white_dominant,280
17031120300,hispanic__high__elderly__white_dominant,125
17031120300,nh_other__high__single_no_children__white_dominant,88
17031120300,nh_other__high__family_with_children__white_dominant,53
17031120300,nh_other__high__elderly__white_dominant,35
17031271300,nh_white__low__single_no_children__black_dominant,4
17031271300,nh_white__low__family_with_children__black_dominant,3
17031271300,nh_white__low__elderly__black_dominant,2
17031271300,nh_black__low__single_no_children__black_dominant,371
17031271300,nh_black__low__family_with_children__black_dominant,401
17031271300,nh_black__low__elderly__black_dominant,231
17031271300,hispanic__low__single_no_children__black_dominant,6
17031271300,hispanic__low__family_with_children__black_dominant,12
17031271300,hispanic__low__elderly__black_dominant,4
17031271300,nh_other__low__single_no_children__black_dominant,5
17031271300,nh_other__low__family_with_children__black_dominant,4
17031271300,nh_other__low__elderly__black_dominant,2
17031271400,nh_white__low__single_no_children__black_dominant,16
17031271400,nh_white__low__family_with_children__black_dominant,13
17031271400,nh_white__low__elderly__black_dominant,9
17031271400,nh_black__low__single_no_children__black_dominant,532
17031271400,nh_black__low__family_with_children__black_dominant,575
17031271400,nh_black__low__elderly__black_dominant,331
17031271400,nh_asian__low__single_no_children__black_dominant,2
17031271400,nh_asian__low__family_with_children__black_dominant,2
17031271400,nh_asian__low__elderly__black_dominant,1
17031271400,hispanic__low__single_no_children__black_dominant,7
17031271400,hispanic__low__family_with_children__black_dominant,15
17031271400,hispanic__low__elderly__black_dominant,5
17031271400,nh_other__low__single_no_children__black_dominant,8
17031271400,nh_other__low__family_with_children__black_dominant,8
17031271400,nh_other__low__elderly__black_dominant,3
17031271500,nh_white__low__single_no_children__black_dominant,6
17031271500,nh_white__low__family_with_children__black_dominant,5
17031271500,nh_white__low__elderly__black_dominant,3
17031271500,nh_black__low__single_no_children__black_dominant,495
17031271500,nh_black__low__family_with_children__black_dominant,536
17031271500,nh_black__low__elderly__black_dominant,308
17031271500,nh_asian__low__single_no_children__black_dominant,1
17031271500,nh_asian__low__family_with_children__black_dominant,1
17031271500,nh_asian__low__elderly__black_dominant,1
17031271500,hispanic__low__single_no_children__black_dominant,8
17031271500,hispanic__low__family_with_children__black_dominant,15
17031271500,hispanic__low__elderly__black_dominant,5
17031271500,nh_other__low__single_no_children__black_dominant,6
17031271500,nh_other__low__family_with_children__black_dominant,6
17031271500,nh_other__low__elderly__black_dominant,3
17031271800,nh_white__low__single_no_children__black_dominant,5
17031271800,nh_white__low__family_with_children__black_dominant,5
17031271800,nh_white__low__elderly__black_dominant,3
17031271800,nh_black__low__single_no_children__black_dominant,344
17031271800,nh_black__low__family_with_children__black_dominant,372
17031271800,nh_black__low__elderly__black_dominant,214
17031271800,hispanic__low__single_no_children__black_dominant,5
17031271800,hispanic__low__family_with_children__black_dominant,9
17031271800,hispanic__low__elderly__black_dominant,3
17031271800,nh_other__low__single_no_children__black_dominant,5
17031271800,nh_other__low__family_with_children__black_dominant,4
17031271800,nh_other__low__elderly__black_dominant,2
17031280100,nh_white__high__single_no_children__white_dominant,1784
17031280100,nh_white__high__family_with_children__white_dominant,892
17031280100,nh_white__high__elderly__white_dominant,892
17031280100,nh_black__high__single_no_children__white_dominant,98
17031280100,nh_black__high__family_with_children__white_dominant,65
17031280100,nh_black__high__elderly__white_dominant,54
17031280100,nh_asian__high__single_no_children__white_dominant,291
17031280100,nh_asian__high__family_with_children__white_dominant,291
17031280100,nh_asian__high__elderly__white_dominant,146
17031280100,hispanic__high__single_no_children__white_dominant,89
17031280100,hispanic__high__family_with_children__white_dominant,115
17031280100,hispanic__high__elderly__white_dominant,51
17031280100,nh_other__high__single_no_children__white_dominant,52
17031280100,nh_other__high__family_with_children__white_dominant,31
17031280100,nh_other__high__elderly__white_dominant,21
17031280800,nh_white__high__single_no_children__black_dominant,12
17031280800,nh_white__high__family_with_children__black_dominant,6
17031280800,nh_white__high__elderly__black_dominant,6
17031280800,nh_black__high__single_no_children__black_dominant,316
17031280800,nh_black__high__family_with_children__black_dominant,211
17031280800,nh_black__high__elderly__black_dominant,176
17031280800,nh_asian__high__single_no_children__black_dominant,1
17031280800,nh_asian__high__family_with_children__black_dominant,1
17031280800,nh_asian__high__elderly__black_dominant,1
17031280800,hispanic__high__single_no_children__black_dominant,9
17031280800,hispanic__high__family_with_children__black_dominant,12
17031280800,hispanic__high__elderly__black_dominant,5
17031280800,nh_other__high__single_no_children__black_dominant,2
17031280800,nh_other__high__family_with_children__black_dominant,1
17031280800,nh_other__high__elderly__black_dominant,1
17031280900,nh_white__high__single_no_children__black_dominant,18
17031280900,nh_white__high__family_with_children__black_dominant,9
17031280900,nh_white__high__elderly__black_dominant,9
17031280900,nh_black__high__single_no_children__black_dominant,377
17031280900,nh_black__high__family_with_children__black_dominant,251
17031280900,nh_black__high__elderly__black_dominant,209
17031280900,nh_asian__high__single_no_children__black_dominant,9
17031280900,nh_asian__high__family_with_children__black_dominant,9
17031280900,nh_asian__high__elderly__black_dominant,5
17031280900,hispanic__high__single_no_children__black_dominant,11
17031280900,hispanic__high__family_with_children__black_dominant,14
17031280900,hispanic__high__elderly__black_dominant,6
17031280900,nh_other__high__single_no_children__black_dominant,7
17031280900,nh_other__high__family_with_children__black_dominant,4
17031280900,nh_other__high__elderly__black_dominant,3
17031281900,nh_white__high__single_no_children__mixed,1258
17031281900,nh_white__high__family_with_children__mixed,629
17031281900,nh_white__high__elderly__mixed,629
17031281900,nh_black__high__single_no_children__mixed,170
17031281900,nh_black__high__family_with_children__mixed,113
17031281900,nh_black__high__elderly__mixed,94
17031281900,nh_asian__high__single_no_children__mixed,580
17031281900,nh_asian__high__family_with_children__mixed,580
17031281900,nh_asian__high__elderly__mixed,290
17031281900,hispanic__high__single_no_children__mixed,100
17031281900,hispanic__high__family_with_children__mixed,129
17031281900,hispanic__high__elderly__mixed,57
17031281900,nh_other__high__single_no_children__mixed,107
17031281900,nh_other__high__family_with_children__mixed,64
17031281900,nh_other__high__elderly__mixed,43
17031520400,nh_white__lower_middle__single_no_children__hispanic_dominant,318
17031520400,nh_white__lower_middle__family_with_children__hispanic_dominant,212
17031520400,nh_white__lower_middle__elderly__hispanic_dominant,176
17031520400,nh_black__lower_middle__single_no_children__hispanic_dominant,21
17031520400,nh_black__lower_middle__family_with_children__hispanic_dominant,18
17031520400,nh_black__lower_middle__elderly__hispanic_dominant,13
17031520400,nh_asian__lower_middle__single_no_children__hispanic_dominant,2
17031520400,nh_asian__lower_middle__family_with_children__hispanic_dominant,2
17031520400,nh_asian__lower_middle__elderly__hispanic_dominant,1
17031520400,hispanic__lower_middle__single_no_children__hispanic_dominant,993
17031520400,hispanic__lower_middle__family_with_children__hispanic_dominant,1654
17031520400,hispanic__lower_middle__elderly__hispanic_dominant,662
17031520400,nh_other__lower_middle__single_no_children__hispanic_dominant,8
17031520400,nh_other__lower_middle__family_with_children__hispanic_dominant,6
17031520400,nh_other__lower_middle__elderly__hispanic_dominant,4
17031550100,nh_white__lower_middle__single_no_children__mixed,1288
17031550100,nh_white__lower_middle__family_with_children__mixed,859
17031550100,nh_white__lower_middle__elderly__mixed,716
17031550100,nh_black__lower_middle__single_no_children__mixed,115
17031550100,nh_black__lower_middle__family_with_children__mixed,101
17031550100,nh_black__lower_middle__elderly__mixed,72
17031550100,nh_asian__lower_middle__single_no_children__mixed,13
17031550100,nh_asian__lower_middle__family_with_children__mixed,17
17031550100,nh_asian__lower_middle__elderly__mixed,7
17031550100,hispanic__lower_middle__single_no_children__mixed,1009
17031550100,hispanic__lower_middle__family_with_children__mixed,1681
17031550100,hispanic__lower_middle__elderly__mixed,672
17031550100,nh_other__lower_middle__single_no_children__mixed,35
17031550100,nh_other__lower_middle__family_with_children__mixed,27
17031550100,nh_other__lower_middle__elderly__mixed,16
17031611500,nh_white__low__single_no_children__hispanic_dominant,65
17031611500,nh_white__low__family_with_children__hispanic_dominant,54
17031611500,nh_white__low__elderly__hispanic_dominant,35
17031611500,nh_black__low__single_no_children__hispanic_dominant,141
17031611500,nh_black__low__family_with_children__hispanic_dominant,153
17031611500,nh_black__low__elderly__hispanic_dominant,88
17031611500,nh_asian__low__single_no_children__hispanic_dominant,4
17031611500,nh_asian__low__family_with_children__hispanic_dominant,7
17031611500,nh_asian__low__elderly__hispanic_dominant,3
17031611500,hispanic__low__single_no_children__hispanic_dominant,811
17031611500,hispanic__low__family_with_children__hispanic_dominant,1651
17031611500,hispanic__low__elderly__hispanic_dominant,540
17031611500,nh_other__low__single_no_children__hispanic_dominant,6
17031611500,nh_other__low__family_with_children__hispanic_dominant,6
17031611500,nh_other__low__elderly__hispanic_dominant,3
17031611600,nh_white__low__single_no_children__mixed,8
17031611600,nh_white__low__family_with_children__mixed,7
17031611600,nh_white__low__elderly__mixed,4
17031611600,nh_black__low__single_no_children__mixed,391
17031611600,nh_black__low__family_with_children__mixed,423
17031611600,nh_black__low__elderly__mixed,243
17031611600,nh_asian__low__single_no_children__mixed,1
17031611600,nh_asian__low__family_with_children__mixed,1
17031611600,nh_asian__low__elderly__mixed,1
17031611600,hispanic__low__single_no_children__mixed,139
17031611600,hispanic__low__family_with_children__mixed,284
17031611600,hispanic__low__elderly__mixed,93
17031611600,nh_other__low__single_no_children__mixed,7
17031611600,nh_other__low__family_with_children__mixed,6
17031611600,nh_other__low__elderly__mixed,3
17031611700,nh_white__low__single_no_children__mixed,4
17031611700,nh_white__low__family_with_children__mixed,3
17031611700,nh_white__low__elderly__mixed,2
17031611700,nh_black__low__single_no_children__mixed,469
17031611700,nh_black__low__family_with_children__mixed,507
17031611700,nh_black__low__elderly__mixed,291
17031611700,hispanic__low__single_no_children__mixed,188
17031611700,hispanic__low__family_with_children__mixed,384
17031611700,hispanic__low__elderly__mixed,126
17031611700,nh_other__low__single_no_children__mixed,7
17031611700,nh_other__low__family_with_children__mixed,6
17031611700,nh_other__low__elderly__mixed,3
17031611800,nh_white__low__single_no_children__black_dominant,5
17031611800,nh_white__low__family_with_children__black_dominant,5
17031611800,nh_white__low__elderly__black_dominant,3
17031611800,nh_black__low__single_no_children__black_dominant,598
17031611800,nh_black__low__family_with_children__black_dominant,647
17031611800,nh_black__low__elderly__black_dominant,372
17031611800,hispanic__low__single_no_children__black_dominant,134
17031611800,hispanic__low__family_with_children__black_dominant,273
17031611800,hispanic__low__elderly__black_dominant,89
17031611800,nh_other__low__single_no_children__black_dominant,5
17031611800,nh_other__low__family_with_children__black_dominant,5
17031611800,nh_other__low__elderly__black_dominant,2
17031611900,nh_white__low__single_no_children__black_dominant,12
17031611900,nh_white__low__family_with_children__black_dominant,10
17031611900,nh_white__low__elderly__black_dominant,7
17031611900,nh_black__low__single_no_children__black_dominant,630
17031611900,nh_black__low__family_with_children__black_dominant,681
17031611900,nh_black__low__elderly__black_dominant,392
17031611900,hispanic__low__single_no_children__black_dominant,80
17031611900,hispanic__low__family_with_children__black_dominant,162
17031611900,hispanic__low__elderly__black_dominant,53
17031611900,nh_other__low__single_no_children__black_dominant,8
17031611900,nh_other__low__family_with_children__black_dominant,7
17031611900,nh_other__low__elderly__black_dominant,3
17031612000,nh_white__low__single_no_children__black_dominant,7
17031612000,nh_white__low__family_with_children__black_dominant,6
17031612000,nh_white__low__elderly__black_dominant,4
17031612000,nh_black__low__single_no_children__black_dominant,528
17031612000,nh_black__low__family_with_children__black_dominant,571
17031612000,nh_black__low__elderly__black_dominant,328
17031612000,hispanic__low__single_no_children__black_dominant,21
17031612000,hispanic__low__family_with_children__black_dominant,43
17031612000,hispanic__low__elderly__black_dominant,14
17031612000,nh_other__low__single_no_children__black_dominant,10
17031612000,nh_other__low__family_with_children__black_dominant,9
17031612000,nh_other__low__elderly__black_dominant,4
17031612100,nh_white__low__single_no_children__black_dominant,7
17031612100,nh_white__low__family_with_children__black_dominant,6
17031612100,nh_white__low__elderly__black_dominant,4
17031612100,nh_black__low__single_no_children__black_dominant,511
17031612100,nh_black__low__family_with_children__black_dominant,552
17031612100,nh_black__low__elderly__black_dominant,318
17031612100,hispanic__low__single_no_children__black_dominant,14
17031612100,hispanic__low__family_with_children__black_dominant,28
17031612100,hispanic__low__elderly__black_dominant,9
17031612100,nh_other__low__single_no_children__black_dominant,9
17031612100,nh_other__low__family_with_children__black_dominant,8
17031612100,nh_other__low__elderly__black_dominant,4
17031620100,nh_white__lower_middle__single_no_children__hispanic_dominant,241
17031620100,nh_white__lower_middle__family_with_children__hispanic_dominant,160
17031620100,nh_white__lower_middle__elderly__hispanic_dominant,134
17031620100,nh_black__lower_middle__single_no_children__hispanic_dominant,36
17031620100,nh_black__lower_middle__family_with_children__hispanic_dominant,31
17031620100,nh_black__lower_middle__elderly__hispanic_dominant,22
17031620100,nh_asian__lower_middle__single_no_children__hispanic_dominant,31
17031620100,nh_asian__lower_middle__family_with_children__hispanic_dominant,40
17031620100,nh_asian__lower_middle__elderly__hispanic_dominant,18
17031620100,hispanic__lower_middle__single_no_children__hispanic_dominant,1070
17031620100,hispanic__lower_middle__family_with_children__hispanic_dominant,1784
17031620100,hispanic__lower_middle__elderly__hispanic_dominant,714
17031620100,nh_other__lower_middle__single_no_children__hispanic_dominant,4
17031620100,nh_other__lower_middle__family_with_children__hispanic_dominant,3
17031620100,nh_other__lower_middle__elderly__hispanic_dominant,2
17031620200,nh_white__lower_middle__single_no_children__mixed,274
17031620200,nh_white__lower_middle__family_with_children__mixed,182
17031620200,nh_white__lower_middle__elderly__mixed,152
17031620200,nh_black__lower_middle__single_no_children__mixed,26
17031620200,nh_black__lower_middle__family_with_children__mixed,22
17031620200,nh_black__lower_middle__elderly__mixed,16
17031620200,nh_asian__lower_middle__single_no_children__mixed,9
17031620200,nh_asian__lower_middle__family_with_children__mixed,12
17031620200,nh_asian__lower_middle__elderly__mixed,5
17031620200,hispanic__lower_middle__single_no_children__mixed,454
17031620200,hispanic__lower_middle__family_with_children__mixed,758
17031620200,hispanic__lower_middle__elderly__mixed,303
17031620200,nh_other__lower_middle__single_no_children__mixed,4
17031620200,nh_other__lower_middle__family_with_children__mixed,3
17031620200,nh_other__lower_middle__elderly__mixed,2
17031070200,nh_white__high__single_no_children__white_dominant,1606
17031070200,nh_white__high__family_with_children__white_dominant,803
17031070200,nh_white__high__elderly__white_dominant,803
17031070200,nh_black__high__single_no_children__white_dominant,59
17031070200,nh_black__high__family_with_children__white_dominant,39
17031070200,nh_black__high__elderly__white_dominant,33
17031070200,nh_asian__high__single_no_children__white_dominant,110
17031070200,nh_asian__high__family_with_children__white_dominant,110
17031070200,nh_asian__high__elderly__white_dominant,55
17031070200,hispanic__high__single_no_children__white_dominant,67
17031070200,hispanic__high__family_with_children__white_dominant,86
17031070200,hispanic__high__elderly__white_dominant,38
17031070200,nh_other__high__single_no_children__white_dominant,46
17031070200,nh_other__high__family_with_children__white_dominant,28
17031070200,nh_other__high__elderly__white_dominant,18
17031070300,nh_white__high__single_no_children__white_dominant,1450
17031070300,nh_white__high__family_with_children__white_dominant,725
17031070300,nh_white__high__elderly__white_dominant,725
17031070300,nh_black__high__single_no_children__white_dominant,23
17031070300,nh_black__high__family_with_children__white_dominant,15
17031070300,nh_black__high__elderly__white_dominant,13
17031070300,nh_asian__high__single_no_children__white_dominant,66
17031070300,nh_asian__high__family_with_children__white_dominant,66
17031070300,nh_asian__high__elderly__white_dominant,33
17031070300,hispanic__high__single_no_children__white_dominant,59
17031070300,hispanic__high__family_with_children__white_dominant,76
17031070300,hispanic__high__elderly__white_dominant,34
17031070300,nh_other__high__single_no_children__white_dominant,42
17031070300,nh_other__high__family_with_children__white_dominant,25
17031070300,nh_other__high__elderly__white_dominant,17
17031070400,nh_white__high__single_no_children__white_dominant,1255
17031070400,nh_white__high__family_with_children__white_dominant,628
17031070400,nh_white__high__elderly__white_dominant,628
17031070400,nh_black__high__single_no_children__white_dominant,45
17031070400,nh_black__high__family_with_children__white_dominant,30
17031070400,nh_black__high__elderly__white_dominant,25
17031070400,nh_asian__high__single_no_children__white_dominant,50
17031070400,nh_asian__high__family_with_children__white_dominant,50
17031070400,nh_asian__high__elderly__white_dominant,25
17031070400,hispanic__high__single_no_children__white_dominant,69
17031070400,hispanic__high__family_with_children__white_dominant,89
17031070400,hispanic__high__elderly__white_dominant,39
17031070400,nh_other__high__single_no_children__white_dominant,26
17031070400,nh_other__high__family_with_children__white_dominant,16
17031070400,nh_other__high__elderly__white_dominant,11
17031070500,nh_white__high__single_no_children__white_dominant,1265
17031070500,nh_white__high__family_with_children__white_dominant,632
17031070500,nh_white__high__elderly__white_dominant,632
17031070500,nh_black__high__single_no_children__white_dominant,44
17031070500,nh_black__high__family_with_children__white_dominant,29
17031070500,nh_black__high__elderly__white_dominant,24
17031070500,nh_asian__high__single_no_children__white_dominant,39
17031070500,nh_asian__high__family_with_children__white_dominant,39
17031070500,nh_asian__high__elderly__white_dominant,19
17031070500,hispanic__high__single_no_children__white_dominant,53
17031070500,hispanic__high__family_with_children__white_dominant,68
17031070500,hispanic__high__elderly__white_dominant,30
17031070500,nh_other__high__single_no_children__white_dominant,26
17031070500,nh_other__high__family_with_children__white_dominant,16
17031070500,nh_other__high__elderly__white_dominant,11
17031070600,nh_white__high__single_no_children__white_dominant,1256
17031070600,nh_white__high__family_with_children__white_dominant,628
17031070600,nh_white__high__elderly__white_dominant,628
17031070600,nh_black__high__single_no_children__white_dominant,13
17031070600,nh_black__high__family_with_children__white_dominant,8
17031070600,nh_black__high__elderly__white_dominant,7
17031070600,nh_asian__high__single_no_children__white_dominant,59
17031070600,nh_asian__high__family_with_children__white_dominant,59
17031070600,nh_asian__high__elderly__white_dominant,30
17031070600,hispanic__high__single_no_children__white_dominant,78
17031070600,hispanic__high__family_with_children__white_dominant,101
17031070600,hispanic__high__elderly__white_dominant,45
17031070600,nh_other__high__single_no_children__white_dominant,35
17031070600,nh_other__high__family_with_children__white_dominant,21
17031070600,nh_other__high__elderly__white_dominant,14
17031070700,nh_white__high__single_no_children__white_dominant,1280
17031070700,nh_white__high__family_with_children__white_dominant,640
17031070700,nh_white__high__elderly__white_dominant,640
17031070700,nh_black__high__single_no_children__white_dominant,90
17031070700,nh_black__high__family_with_children__white_dominant,60
17031070700,nh_black__high__elderly__white_dominant,50
17031070700,nh_asian__high__single_no_children__white_dominant,96
17031070700,nh_asian__high__family_with_children__white_dominant,96
17031070700,nh_asian__high__elderly__white_dominant,48
17031070700,hispanic__high__single_no_children__white_dominant,141
17031070700,hispanic__high__family_with_children__white_dominant,181
17031070700,hispanic__high__elderly__white_dominant,81
17031070700,nh_other__high__single_no_children__white_dominant,40
17031070700,nh_other__high__family_with_children__white_dominant,24
17031070700,nh_other__high__elderly__white_dominant,16
17031071000,nh_white__high__single_no_children__white_dominant,1826
17031071000,nh_white__high__family_with_children__white_dominant,913
17031071000,nh_white__high__elderly__white_dominant,913
17031071000,nh_black__high__single_no_children__white_dominant,93
17031071000,nh_black__high__family_with_children__white_dominant,62
17031071000,nh_black__high__elderly__white_dominant,52
17031071000,nh_asian__high__single_no_children__white_dominant,78
17031071000,nh_asian__high__family_with_children__white_dominant,78
17031071000,nh_asian__high__elderly__white_dominant,39
17031071000,hispanic__high__single_no_children__white_dominant,104
17031071000,hispanic__high__family_with_children__white_dominant,134
17031071000,hispanic__high__elderly__white_dominant,59
17031071000,nh_other__high__single_no_children__white_dominant,46
17031071000,nh_other__high__family_with_children__white_dominant,28
17031071000,nh_other__high__elderly__white_dominant,19
17031071100,nh_white__high__single_no_children__white_dominant,1240
17031071100,nh_white__high__family_with_children__white_dominant,620
17031071100,nh_white__high__elderly__white_dominant,620
17031071100,nh_black__high__single_no_children__white_dominant,40
17031071100,nh_black__high__family_with_children__white_dominant,27
17031071100,nh_black__high__elderly__white_dominant,22
17031071100,nh_asian__high__single_no_children__white_dominant,56
17031071100,nh_asian__high__family_with_children__white_dominant,56
17031071100,nh_asian__high__elderly__white_dominant,28
17031071100,hispanic__high__single_no_children__white_dominant,62
17031071100,hispanic__high__family_with_children__white_dominant,80
17031071100,hispanic__high__elderly__white_dominant,36
17031071100,nh_other__high__single_no_children__white_dominant,30
17031071100,nh_other__high__family_with_children__white_dominant,18
17031071100,nh_other__high__elderly__white_dominant,12
17031071200,nh_white__high__single_no_children__white_dominant,797
17031071200,nh_white__high__family_with_children__white_dominant,398
17031071200,nh_white__high__elderly__white_dominant,398
17031071200,nh_black__high__single_no_children__white_dominant,29
17031071200,nh_black__high__family_with_children__white_dominant,19
17031071200,nh_black__high__elderly__white_dominant,16
17031071200,nh_asian__high__single_no_children__white_dominant,35
17031071200,nh_asian__high__family_with_children__white_dominant,35
17031071200,nh_asian__high__elderly__white_dominant,18
17031071200,hispanic__high__single_no_children__white_dominant,41
17031071200,hispanic__high__family_with_children__white_dominant,52
17031071200,hispanic__high__elderly__white_dominant,23
17031071200,nh_other__high__single_no_children__white_dominant,22
17031071200,nh_other__high__family_with_children__white_dominant,13
17031071200,nh_other__high__elderly__white_dominant,9
17031071300,nh_white__high__single_no_children__white_dominant,1533
17031071300,nh_white__high__family_with_children__white_dominant,766
17031071300,nh_white__high__elderly__white_dominant,766
17031071300,nh_black__high__single_no_children__white_dominant,24
17031071300,nh_black__high__family_with_children__white_dominant,16
17031071300,nh_black__high__elderly__white_dominant,13
17031071300,nh_asian__high__single_no_children__white_dominant,81
17031071300,nh_asian__high__family_with_children__white_dominant,81
17031071300,nh_asian__high__elderly__white_dominant,41
17031071300,hispanic__high__single_no_children__white_dominant,45
17031071300,hispanic__high__family_with_children__white_dominant,58
17031071300,hispanic__high__elderly__white_dominant,26
17031071300,nh_other__high__single_no_children__white_dominant,31
17031071300,nh_other__high__family_with_children__white_dominant,19
17031071300,nh_other__high__elderly__white_dominant,12
17031120400,nh_white__high__single_no_children__mixed,1021
17031120400,nh_white__high__family_with_children__mixed,510
17031120400,nh_white__high__elderly__mixed,510
17031120400,nh_black__high__single_no_children__mixed,15
17031120400,nh_black__high__family_with_children__mixed,10
17031120400,nh_black__high__elderly__mixed,8
17031120400,nh_asian__high__single_no_children__mixed,195
17031120400,nh_asian__high__family_with_children__mixed,195
17031120400,nh_asian__high__elderly__mixed,97
17031120400,hispanic__high__single_no_children__mixed,299
17031120400,hispanic__high__family_with_children__mixed,384
17031120400,hispanic__high__elderly__mixed,171
17031120400,nh_other__high__single_no_children__mixed,49
17031120400,nh_other__high__family_with_children__mixed,29
17031120400,nh_other__high__elderly__mixed,20
17031130100,nh_white__upper_middle__single_no_children__mixed,1421
17031130100,nh_white__upper_middle__family_with_children__mixed,947
17031130100,nh_white__upper_middle__elderly__mixed,790
17031130100,nh_black__upper_middle__single_no_children__mixed,20
17031130100,nh_black__upper_middle__family_with_children__mixed,17
17031130100,nh_black__upper_middle__elderly__mixed,12
17031130100,nh_asian__upper_middle__single_no_children__mixed,492
17031130100,nh_asian__upper_middle__family_with_children__mixed,633
17031130100,nh_asian__upper_middle__elderly__mixed,281
17031130100,hispanic__upper_middle__single_no_children__mixed,106
17031130100,hispanic__upper_middle__family_with_children__mixed,176
17031130100,hispanic__upper_middle__elderly__mixed,70
17031130100,nh_other__upper_middle__single_no_children__mixed,75
17031130100,nh_other__upper_middle__family_with_children__mixed,58
17031130100,nh_other__upper_middle__elderly__mixed,33
17031130200,nh_white__upper_middle__single_no_children__mixed,392
17031130200,nh_white__upper_middle__family_with_children__mixed,261
17031130200,nh_white__upper_middle__elderly__mixed,218
17031130200,nh_black__upper_middle__single_no_children__mixed,6
17031130200,nh_black__upper_middle__family_with_children__mixed,5
17031130200,nh_black__upper_middle__elderly__mixed,4
17031130200,nh_asian__upper_middle__single_no_children__mixed,61
17031130200,nh_asian__upper_middle__family_with_children__mixed,78
17031130200,nh_asian__upper_middle__elderly__mixed,35
17031130200,hispanic__upper_middle__single_no_children__mixed,95
17031130200,hispanic__upper_middle__family_with_children__mixed,158
17031130200,hispanic__upper_middle__elderly__mixed,63
17031130200,nh_other__upper_middle__single_no_children__mixed,16
17031130200,nh_other__upper_middle__family_with_children__mixed,13
17031130200,nh_other__upper_middle__elderly__mixed,7
17031130300,nh_white__upper_middle__single_no_children__asian_enclave,901
17031130300,nh_white__upper_middle__family_with_children__asian_enclave,601
17031130300,nh_white__upper_middle__elderly__asian_enclave,501
17031130300,nh_black__upper_middle__single_no_children__asian_enclave,83
17031130300,nh_black__upper_middle__family_with_children__asian_enclave,72
17031130300,nh_black__upper_middle__elderly__asian_enclave,52
17031130300,nh_asian__upper_middle__single_no_children__asian_enclave,541
17031130300,nh_asian__upper_middle__family_with_children__asian_enclave,696
17031130300,nh_asian__upper_middle__elderly__asian_enclave,309
17031130300,hispanic__upper_middle__single_no_children__asian_enclave,329
17031130300,hispanic__upper_middle__family_with_children__asian_enclave,549
17031130300,hispanic__upper_middle__elderly__asian_enclave,220
17031130300,nh_other__upper_middle__single_no_children__asian_enclave,94
17031130300,nh_other__upper_middle__family_with_children__asian_enclave,73
17031130300,nh_other__upper_middle__elderly__asian_enclave,42
17031140100,nh_white__lower_middle__single_no_children__mixed,410
17031140100,nh_white__lower_middle__family_with_children__mixed,273
17031140100,nh_white__lower_middle__elderly__mixed,228
17031140100,nh_black__lower_middle__single_no_children__mixed,129
17031140100,nh_black__lower_middle__family_with_children__mixed,113
17031140100,nh_black__lower_middle__elderly__mixed,81
17031140100,nh_asian__lower_middle__single_no_children__mixed,191
17031140100,nh_asian__lower_middle__family_with_children__mixed,246
17031140100,nh_asian__lower_middle__elderly__mixed,109
17031140100,hispanic__lower_middle__single_no_children__mixed,558
17031140100,hispanic__lower_middle__family_with_children__mixed,930
17031140100,hispanic__lower_middle__elderly__mixed,372
17031140100,nh_other__lower_middle__single_no_children__mixed,40
17031140100,nh_other__lower_middle__family_with_children__mixed,31
17031140100,nh_other__lower_middle__elderly__mixed,18
17031140200,nh_white__lower_middle__single_no_children__mixed,850
17031140200,nh_white__lower_middle__family_with_children__mixed,566
17031140200,nh_white__lower_middle__elderly__mixed,472
17031140200,nh_black__lower_middle__single_no_children__mixed,112
17031140200,nh_black__lower_middle__family_with_children__mixed,98
17031140200,nh_black__lower_middle__elderly__mixed,70
17031140200,nh_asian__lower_middle__single_no_children__mixed,343
17031140200,nh_asian__lower_middle__family_with_children__mixed,441
17031140200,nh_asian__lower_middle__elderly__mixed,196
17031140200,hispanic__lower_middle__single_no_children__mixed,796
17031140200,hispanic__lower_middle__family_with_children__mixed,1327
17031140200,hispanic__lower_middle__elderly__mixed,531
17031140200,nh_other__lower_middle__single_no_children__mixed,72
17031140200,nh_other__lower_middle__family_with_children__mixed,56
17031140200,nh_other__lower_middle__elderly__mixed,32
17031140400,nh_white__lower_middle__single_no_children__mixed,1294
17031140400,nh_white__lower_middle__family_with_children__mixed,862
17031140400,nh_white__lower_middle__elderly__mixed,719
17031140400,nh_black__lower_middle__single_no_children__mixed,39
17031140400,nh_black__lower_middle__family_with_children__mixed,34
17031140400,nh_black__lower_middle__elderly__mixed,24
17031140400,nh_asian__lower_middle__single_no_children__mixed,471
17031140400,nh_asian__lower_middle__family_with_children__mixed,606
17031140400,nh_asian__lower_middle__elderly__mixed,269
17031140400,hispanic__lower_middle__single_no_children__mixed,665
17031140400,hispanic__lower_middle__family_with_children__mixed,1108
17031140400,hispanic__lower_middle__elderly__mixed,443
17031140400,nh_other__lower_middle__single_no_children__mixed,122
17031140400,nh_other__lower_middle__family_with_children__mixed,95
17031140400,nh_other__lower_middle__elderly__mixed,54
17031292200,nh_white__low__single_no_children__black_dominant,20
17031292200,nh_white__low__family_with_children__black_dominant,16
17031292200,nh_white__low__elderly__black_dominant,11
17031292200,nh_black__low__single_no_children__black_dominant,1029
17031292200,nh_black__low__family_with_children__black_dominant,1112
17031292200,nh_black__low__elderly__black_dominant,639
17031292200,nh_asian__low__single_no_children__black_dominant,2
17031292200,nh_asian__low__family_with_children__black_dominant,3
17031292200,nh_asian__low__elderly__black_dominant,1
17031292200,hispanic__low__single_no_children__black_dominant,23
17031292200,hispanic__low__family_with_children__black_dominant,48
17031292200,hispanic__low__elderly__black_dominant,16
17031292200,nh_other__low__single_no_children__black_dominant,17
17031292200,nh_other__low__family_with_children__black_dominant,16
17031292200,nh_other__low__elderly__black_dominant,7
17031292400,nh_white__low__single_no_children__black_dominant,10
17031292400,nh_white__low__family_with_children__black_dominant,8
17031292400,nh_white__low__elderly__black_dominant,5
17031292400,nh_black__low__single_no_children__black_dominant,806
17031292400,nh_black__low__family_with_children__black_dominant,871
17031292400,nh_black__low__elderly__black_dominant,501
17031292400,nh_asian__low__single_no_children__black_dominant,1
17031292400,nh_asian__low__family_with_children__black_dominant,2
17031292400,nh_asian__low__elderly__black_dominant,1
17031292400,hispanic__low__single_no_children__black_dominant,14
17031292400,hispanic__low__family_with_children__black_dominant,28
17031292400,hispanic__low__elderly__black_dominant,9
17031292400,nh_other__low__single_no_children__black_dominant,5
17031292400,nh_other__low__family_with_children__black_dominant,5
17031292400,nh_other__low__elderly__black_dominant,2
17031292500,nh_white__low__single_no_children__black_dominant,10
17031292500,nh_white__low__family_with_children__black_dominant,8
17031292500,nh_white__low__elderly__black_dominant,5
17031292500,nh_black__low__single_no_children__black_dominant,1466
17031292500,nh_black__low__family_with_children__black_dominant,1584
17031292500,nh_black__low__elderly__black_dominant,911
17031292500,nh_asian__low__single_no_children__black_dominant,1
17031292500,nh_asian__low__family_with_children__black_dominant,2
17031292500,nh_asian__low__elderly__black_dominant,1
17031292500,hispanic__low__single_no_children__black_dominant,27
17031292500,hispanic__low__family_with_children__black_dominant,55
17031292500,hispanic__low__elderly__black_dominant,18
17031292500,nh_other__low__single_no_children__black_dominant,22
17031292500,nh_other__low__family_with_children__black_dominant,21
17031292500,nh_other__low__elderly__black_dominant,10
17031300500,nh_white__low__single_no_children__hispanic_dominant,31
17031300500,nh_white__low__family_with_children__hispanic_dominant,26
17031300500,nh_white__low__elderly__hispanic_dominant,17
17031300500,nh_black__low__single_no_children__hispanic_dominant,129
17031300500,nh_black__low__family_with_children__hispanic_dominant,140
17031300500,nh_black__low__elderly__hispanic_dominant,80
17031300500,nh_asian__low__single_no_children__hispanic_dominant,2
17031300500,nh_asian__low__family_with_children__hispanic_dominant,3
17031300500,nh_asian__low__elderly__hispanic_dominant,1
17031300500,hispanic__low__single_no_children__hispanic_dominant,760
17031300500,hispanic__low__family_with_children__hispanic_dominant,1548
17031300500,hispanic__low__elderly__hispanic_dominant,507
17031300500,nh_other__low__single_no_children__hispanic_dominant,5
17031300500,nh_other__low__family_with_children__hispanic_dominant,5
17031300500,nh_other__low__elderly__hispanic_dominant,2
17031300600,nh_white__low__single_no_children__hispanic_dominant,50
17031300600,nh_white__low__family_with_children__hispanic_dominant,42
17031300600,nh_white__low__elderly__hispanic_dominant,27
17031300600,nh_black__low__single_no_children__hispanic_dominant,217
17031300600,nh_black__low__family_with_children__hispanic_dominant,235
17031300600,nh_black__low__elderly__hispanic_dominant,135
17031300600,nh_asian__low__single_no_children__hispanic_dominant,2
17031300600,nh_asian__low__family_with_children__hispanic_dominant,4
17031300600,nh_asian__low__elderly__hispanic_dominant,1
17031300600,hispanic__low__single_no_children__hispanic_dominant,671
17031300600,hispanic__low__family_with_children__hispanic_dominant,1367
17031300600,hispanic__low__elderly__hispanic_dominant,447
17031300600,nh_other__low__single_no_children__hispanic_dominant,6
17031300600,nh_other__low__family_with_children__hispanic_dominant,6
17031300600,nh_other__low__elderly__hispanic_dominant,3
17031300700,nh_white__low__single_no_children__hispanic_dominant,39
17031300700,nh_white__low__family_with_children__hispanic_dominant,33
17031300700,nh_white__low__elderly__hispanic_dominant,21
17031300700,nh_black__low__single_no_children__hispanic_dominant,54
17031300700,nh_black__low__family_with_children__hispanic_dominant,58
17031300700,nh_black__low__elderly__hispanic_dominant,33
17031300700,nh_asian__low__single_no_children__hispanic_dominant,1
17031300700,nh_asian__low__family_with_children__hispanic_dominant,2
17031300700,nh_asian__low__elderly__hispanic_dominant,1
17031300700,hispanic__low__single_no_children__hispanic_dominant,1331
17031300700,hispanic__low__family_with_children__hispanic_dominant,2712
17031300700,hispanic__low__elderly__hispanic_dominant,887
17031300700,nh_other__low__single_no_children__hispanic_dominant,9
17031300700,nh_other__low__family_with_children__hispanic_dominant,9
17031300700,nh_other__low__elderly__hispanic_dominant,4
17031282700,nh_white__high__single_no_children__mixed,218
17031282700,nh_white__high__family_with_children__mixed,109
17031282700,nh_white__high__elderly__mixed,109
17031282700,nh_black__high__single_no_children__mixed,472
17031282700,nh_black__high__family_with_children__mixed,314
17031282700,nh_black__high__elderly__mixed,262
17031282700,nh_asian__high__single_no_children__mixed,79
17031282700,nh_asian__high__family_with_children__mixed,79
17031282700,nh_asian__high__elderly__mixed,39
17031282700,hispanic__high__single_no_children__mixed,216
17031282700,hispanic__high__family_with_children__mixed,277
17031282700,hispanic__high__elderly__mixed,123
17031282700,nh_other__high__single_no_children__mixed,26
17031282700,nh_other__high__family_with_children__mixed,15
17031282700,nh_other__high__elderly__mixed,10
17031282800,nh_white__high__single_no_children__mixed,276
17031282800,nh_white__high__family_with_children__mixed,138
17031282800,nh_white__high__elderly__mixed,138
17031282800,nh_black__high__single_no_children__mixed,139
17031282800,nh_black__high__family_with_children__mixed,93
17031282800,nh_black__high__elderly__mixed,77
17031282800,nh_asian__high__single_no_children__mixed,79
17031282800,nh_asian__high__family_with_children__mixed,79
17031282800,nh_asian__high__elderly__mixed,40
17031282800,hispanic__high__single_no_children__mixed,210
17031282800,hispanic__high__family_with_children__mixed,270
17031282800,hispanic__high__elderly__mixed,120
17031282800,nh_other__high__single_no_children__mixed,16
17031282800,nh_other__high__family_with_children__mixed,10
17031282800,nh_other__high__elderly__mixed,7
17031283100,nh_white__high__single_no_children__mixed,440
17031283100,nh_white__high__family_with_children__mixed,220
17031283100,nh_white__high__elderly__mixed,220
17031283100,nh_black__high__single_no_children__mixed,412
17031283100,nh_black__high__family_with_children__mixed,274
17031283100,nh_black__high__elderly__mixed,229
17031283100,nh_asian__high__single_no_children__mixed,269
17031283100,nh_asian__high__family_with_children__mixed,269
17031283100,nh_asian__high__elderly__mixed,135
17031283100,hispanic__high__single_no_children__mixed,62
17031283100,hispanic__high__family_with_children__mixed,79
17031283100,hispanic__high__elderly__mixed,35
17031283100,nh_other__high__single_no_children__mixed,30
17031283100,nh_other__high__family_with_children__mixed,18
17031283100,nh_other__high__elderly__mixed,12
17031283200,nh_white__high__single_no_children__mixed,334
17031283200,nh_white__high__family_with_children__mixed,167
17031283200,nh_white__high__elderly__mixed,167
17031283200,nh_black__high__single_no_children__mixed,273
17031283200,nh_black__high__family_with_children__mixed,182
17031283200,nh_black__high__elderly__mixed,152
17031283200,nh_asian__high__single_no_children__mixed,78
17031283200,nh_asian__high__family_with_children__mixed,78
17031283200,nh_asian__high__elderly__mixed,39
17031283200,hispanic__high__single_no_children__mixed,46
17031283200,hispanic__high__family_with_children__mixed,58
17031283200,hispanic__high__elderly__mixed,26
17031283200,nh_other__high__single_no_children__mixed,31
17031283200,nh_other__high__family_with_children__mixed,19
17031283200,nh_other__high__elderly__mixed,12
17031283800,nh_white__high__single_no_children__mixed,524
17031283800,nh_white__high__family_with_children__mixed,262
17031283800,nh_white__high__elderly__mixed,262
17031283800,nh_black__high__single_no_children__mixed,825
17031283800,nh_black__high__family_with_children__mixed,550
17031283800,nh_black__high__elderly__mixed,458
17031283800,nh_asian__high__single_no_children__mixed,138
17031283800,nh_asian__high__family_with_children__mixed,138
17031283800,nh_asian__high__elderly__mixed,69
17031283800,hispanic__high__single_no_children__mixed,122
17031283800,hispanic__high__family_with_children__mixed,158
17031283800,hispanic__high__elderly__mixed,70
17031283800,nh_other__high__single_no_children__mixed,56
17031283800,nh_other__high__family_with_children__mixed,34
17031283800,nh_other__high__elderly__mixed,22
17031290900,nh_white__low__single_no_children__black_dominant,13
17031290900,nh_white__low__family_with_children__black_dominant,11
17031290900,nh_white__low__elderly__black_dominant,7
17031290900,nh_black__low__single_no_children__black_dominant,1600
17031290900,nh_black__low__family_with_children__black_dominant,1729
17031290900,nh_black__low__elderly__black_dominant,994
17031290900,hispanic__low__single_no_children__black_dominant,34
17031290900,hispanic__low__family_with_children__black_dominant,70
17031290900,hispanic__low__elderly__black_dominant,23
17031290900,nh_other__low__single_no_children__black_dominant,20
17031290900,nh_other__low__family_with_children__black_dominant,19
17031290900,nh_other__low__elderly__black_dominant,9
17031291200,nh_white__low__single_no_children__black_dominant,2
17031291200,nh_white__low__family_with_children__black_dominant,1
17031291200,nh_white__low__elderly__black_dominant,1
17031291200,nh_black__low__single_no_children__black_dominant,808
17031291200,nh_black__low__family_with_children__black_dominant,874
17031291200,nh_black__low__elderly__black_dominant,503
17031291200,nh_asian__low__single_no_children__black_dominant,1
17031291200,nh_asian__low__family_with_children__black_dominant,2
17031291200,nh_asian__low__elderly__black_dominant,1
17031291200,hispanic__low__single_no_children__black_dominant,11
17031291200,hispanic__low__family_with_children__black_dominant,22
17031291200,hispanic__low__elderly__black_dominant,7
17031291200,nh_other__low__single_no_children__black_dominant,3
17031291200,nh_other__low__family_with_children__black_dominant,3
17031291200,nh_other__low__elderly__black_dominant,1
17031291600,nh_white__low__single_no_children__mixed,27
17031291600,nh_white__low__family_with_children__mixed,22
17031291600,nh_white__low__elderly__mixed,15
17031291600,nh_black__low__single_no_children__mixed,84
17031291600,nh_black__low__family_with_children__mixed,91
17031291600,nh_black__low__elderly__mixed,52
17031291600,nh_asian__low__single_no_children__mixed,5
17031291600,nh_asian__low__family_with_children__mixed,8
17031291600,nh_asian__low__elderly__mixed,3
17031291600,hispanic__low__single_no_children__mixed,199
17031291600,hispanic__low__family_with_children__mixed,405
17031291600,hispanic__low__elderly__mixed,133
17031291600,nh_other__low__single_no_children__mixed,4
17031291600,nh_other__low__family_with_children__mixed,4
17031291600,nh_other__low__elderly__mixed,2
17031620300,nh_white__lower_middle__single_no_children__hispanic_dominant,714
17031620300,nh_white__lower_middle__family_with_children__hispanic_dominant,476
17031620300,nh_white__lower_middle__elderly__hispanic_dominant,396
17031620300,nh_black__lower_middle__single_no_children__hispanic_dominant,23
17031620300,nh_black__lower_middle__family_with_children__hispanic_dominant,20
17031620300,nh_black__lower_middle__elderly__hispanic_dominant,14
17031620300,nh_asian__lower_middle__single_no_children__hispanic_dominant,22
17031620300,nh_asian__lower_middle__family_with_children__hispanic_dominant,28
17031620300,nh_asian__lower_middle__elderly__hispanic_dominant,13
17031620300,hispanic__lower_middle__single_no_children__hispanic_dominant,1395
17031620300,hispanic__lower_middle__family_with_children__hispanic_dominant,2326
17031620300,hispanic__lower_middle__elderly__hispanic_dominant,930
17031620300,nh_other__lower_middle__single_no_children__hispanic_dominant,18
17031620300,nh_other__lower_middle__family_with_children__hispanic_dominant,14
17031620300,nh_other__lower_middle__elderly__hispanic_dominant,8
17031620400,nh_white__lower_middle__single_no_children__hispanic_dominant,234
17031620400,nh_white__lower_middle__family_with_children__hispanic_dominant,156
17031620400,nh_white__lower_middle__elderly__hispanic_dominant,130
17031620400,nh_black__lower_middle__single_no_children__hispanic_dominant,18
17031620400,nh_black__lower_middle__family_with_children__hispanic_dominant,15
17031620400,nh_black__lower_middle__elderly__hispanic_dominant,11
17031620400,nh_asian__lower_middle__single_no_children__hispanic_dominant,15
17031620400,nh_asian__lower_middle__family_with_children__hispanic_dominant,19
17031620400,nh_asian__lower_middle__elderly__hispanic_dominant,9
17031620400,hispanic__lower_middle__single_no_children__hispanic_dominant,1374
17031620400,hispanic__lower_middle__family_with_children__hispanic_dominant,2290
17031620400,hispanic__lower_middle__elderly__hispanic_dominant,916
17031620400,nh_other__lower_middle__single_no_children__hispanic_dominant,4
17031620400,nh_other__lower_middle__family_with_children__hispanic_dominant,4
17031620400,nh_other__lower_middle__elderly__hispanic_dominant,2
17031630100,nh_white__low__single_no_children__hispanic_dominant,20
17031630100,nh_white__low__family_with_children__hispanic_dominant,17
17031630100,nh_white__low__elderly__hispanic_dominant,11
17031630100,nh_black__low__single_no_children__hispanic_dominant,91
17031630100,nh_black__low__family_with_children__hispanic_dominant,99
17031630100,nh_black__low__elderly__hispanic_dominant,57
17031630100,nh_asian__low__single_no_children__hispanic_dominant,1
17031630100,nh_asian__low__family_with_children__hispanic_dominant,1
17031630100,nh_asian__low__elderly__hispanic_dominant,1
17031630100,hispanic__low__single_no_children__hispanic_dominant,230
17031630100,hispanic__low__family_with_children__hispanic_dominant,469
17031630100,hispanic__low__elderly__hispanic_dominant,153
17031630100,nh_other__low__single_no_children__hispanic_dominant,3
17031630100,nh_other__low__family_with_children__hispanic_dominant,3
17031630100,nh_other__low__elderly__hispanic_dominant,1
17031630200,nh_white__low__single_no_children__hispanic_dominant,64
17031630200,nh_white__low__family_with_children__hispanic_dominant,53
17031630200,nh_white__low__elderly__hispanic_dominant,35
17031630200,nh_black__low__single_no_children__hispanic_dominant,10
17031630200,nh_black__low__family_with_children__hispanic_dominant,11
17031630200,nh_black__low__elderly__hispanic_dominant,6
17031630200,nh_asian__low__single_no_children__hispanic_dominant,9
17031630200,nh_asian__low__family_with_children__hispanic_dominant,14
17031630200,nh_asian__low__elderly__hispanic_dominant,5
17031630200,hispanic__low__single_no_children__hispanic_dominant,463
17031630200,hispanic__low__family_with_children__hispanic_dominant,943
17031630200,hispanic__low__elderly__hispanic_dominant,309
17031630200,nh_other__low__single_no_children__hispanic_dominant,3
17031630200,nh_other__low__family_with_children__hispanic_dominant,3
17031630200,nh_other__low__elderly__hispanic_dominant,1
17031630300,nh_white__low__single_no_children__hispanic_dominant,97
17031630300,nh_white__low__family_with_children__hispanic_dominant,80
17031630300,nh_white__low__elderly__hispanic_dominant,53
17031630300,nh_black__low__single_no_children__hispanic_dominant,28
17031630300,nh_black__low__family_with_children__hispanic_dominant,30
17031630300,nh_black__low__elderly__hispanic_dominant,17
17031630300,nh_asian__low__single_no_children__hispanic_dominant,7
17031630300,nh_asian__low__family_with_children__hispanic_dominant,11
17031630300,nh_asian__low__elderly__hispanic_dominant,4
17031630300,hispanic__low__single_no_children__hispanic_dominant,1399
17031630300,hispanic__low__family_with_children__hispanic_dominant,2850
17031630300,hispanic__low__elderly__hispanic_dominant,933
17031630300,nh_other__low__single_no_children__hispanic_dominant,5
17031630300,nh_other__low__family_with_children__hispanic_dominant,5
17031630300,nh_other__low__elderly__hispanic_dominant,2
17031630400,nh_white__low__single_no_children__hispanic_dominant,163
17031630400,nh_white__low__family_with_children__hispanic_dominant,136
17031630400,nh_white__low__elderly__hispanic_dominant,89
17031630400,nh_black__low__single_no_children__hispanic_dominant,15
17031630400,nh_black__low__family_with_children__hispanic_dominant,16
17031630400,nh_black__low__elderly__hispanic_dominant,9
17031630400,nh_asian__low__single_no_children__hispanic_dominant,2
17031630400,nh_asian__low__family_with_children__hispanic_dominant,4
17031630400,nh_asian__low__elderly__hispanic_dominant,1
17031630400,hispanic__low__single_no_children__hispanic_dominant,1791
17031630400,hispanic__low__family_with_children__hispanic_dominant,3649
17031630400,hispanic__low__elderly__hispanic_dominant,1194
17031630400,nh_other__low__single_no_children__hispanic_dominant,5
17031630400,nh_other__low__family_with_children__hispanic_dominant,5
17031630400,nh_other__low__elderly__hispanic_dominant,2
17031630500,nh_white__low__single_no_children__hispanic_dominant,124
17031630500,nh_white__low__family_with_children__hispanic_dominant,104
17031630500,nh_white__low__elderly__hispanic_dominant,68
17031630500,nh_black__low__single_no_children__hispanic_dominant,53
17031630500,nh_black__low__family_with_children__hispanic_dominant,58
17031630500,nh_black__low__elderly__hispanic_dominant,33
17031630500,nh_asian__low__single_no_children__hispanic_dominant,4
17031630500,nh_asian__low__family_with_children__hispanic_dominant,6
17031630500,nh_asian__low__elderly__hispanic_dominant,2
17031630500,hispanic__low__single_no_children__hispanic_dominant,1592
17031630500,hispanic__low__family_with_children__hispanic_dominant,3243
17031630500,hispanic__low__elderly__hispanic_dominant,1061
17031630500,nh_other__low__single_no_children__hispanic_dominant,7
17031630500,nh_other__low__family_with_children__hispanic_dominant,6
17031630500,nh_other__low__elderly__hispanic_dominant,3
17031630800,nh_white__low__single_no_children__hispanic_dominant,125
17031630800,nh_white__low__family_with_children__hispanic_dominant,104
17031630800,nh_white__low__elderly__hispanic_dominant,69
17031630800,nh_black__low__single_no_children__hispanic_dominant,156
17031630800,nh_black__low__family_with_children__hispanic_dominant,169
17031630800,nh_black__low__elderly__hispanic_dominant,97
17031630800,nh_asian__low__single_no_children__hispanic_dominant,5
17031630800,nh_asian__low__family_with_children__hispanic_dominant,8
17031630800,nh_asian__low__elderly__hispanic_dominant,3
17031630800,hispanic__low__single_no_children__hispanic_dominant,1711
17031630800,hispanic__low__family_with_children__hispanic_dominant,3485
17031630800,hispanic__low__elderly__hispanic_dominant,1141
17031630800,nh_other__low__single_no_children__hispanic_dominant,15
17031630800,nh_other__low__family_with_children__hispanic_dominant,14
17031630800,nh_other__low__elderly__hispanic_dominant,6
17031630900,nh_white__low__single_no_children__hispanic_dominant,144
17031630900,nh_white__low__family_with_children__hispanic_dominant,120
17031630900,nh_white__low__elderly__hispanic_dominant,79
17031630900,nh_black__low__single_no_children__hispanic_dominant,40
17031630900,nh_black__low__family_with_children__hispanic_dominant,44
17031630900,nh_black__low__elderly__hispanic_dominant,25
17031630900,nh_asian__low__single_no_children__hispanic_dominant,7
17031630900,nh_asian__low__family_with_children__hispanic_dominant,12
17031630900,nh_asian__low__elderly__hispanic_dominant,4
17031630900,hispanic__low__single_no_children__hispanic_dominant,1316
17031630900,hispanic__low__family_with_children__hispanic_dominant,2681
17031630900,hispanic__low__elderly__hispanic_dominant,878
17031630900,nh_other__low__single_no_children__hispanic_dominant,6
17031630900,nh_other__low__family_with_children__hispanic_dominant,6
17031630900,nh_other__low__elderly__hispanic_dominant,3
